fecha,hora,consumo_kwh
2027-01-01,1,48.33
2027-01-01,2,48.34
2027-01-01,3,48.36
2027-01-01,4,48.46
2027-01-01,5,48.78
2027-01-01,6,49.66
2027-01-01,7,51.64
2027-01-01,8,55.34
2027-01-01,9,60.89
2027-01-01,10,67.38
2027-01-01,11,72.8
2027-01-01,12,74.96
2027-01-01,13,73.01
2027-01-01,14,68.23
2027-01-01,15,63.51
2027-01-01,16,61.62
2027-01-01,17,63.37
2027-01-01,18,66.72
2027-01-01,19,68.11
2027-01-01,20,65.52
2027-01-01,21,60.09
2027-01-01,22,54.62
2027-01-01,23,50.95
2027-01-01,24,49.18
2027-01-02,1,26.61
2027-01-02,2,26.61
2027-01-02,3,26.63
2027-01-02,4,26.68
2027-01-02,5,26.86
2027-01-02,6,27.34
2027-01-02,7,28.43
2027-01-02,8,30.47
2027-01-02,9,33.52
2027-01-02,10,37.1
2027-01-02,11,40.08
2027-01-02,12,41.27
2027-01-02,13,40.19
2027-01-02,14,37.56
2027-01-02,15,34.96
2027-01-02,16,33.92
2027-01-02,17,34.89
2027-01-02,18,36.73
2027-01-02,19,37.5
2027-01-02,20,36.07
2027-01-02,21,33.08
2027-01-02,22,30.07
2027-01-02,23,28.05
2027-01-02,24,27.08
2027-01-03,1,26.63
2027-01-03,2,26.64
2027-01-03,3,26.65
2027-01-03,4,26.7
2027-01-03,5,26.88
2027-01-03,6,27.36
2027-01-03,7,28.46
2027-01-03,8,30.5
2027-01-03,9,33.55
2027-01-03,10,37.13
2027-01-03,11,40.12
2027-01-03,12,41.31
2027-01-03,13,40.23
2027-01-03,14,37.6
2027-01-03,15,35.0
2027-01-03,16,33.95
2027-01-03,17,34.92
2027-01-03,18,36.77
2027-01-03,19,37.53
2027-01-03,20,36.11
2027-01-03,21,33.11
2027-01-03,22,30.1
2027-01-03,23,28.08
2027-01-03,24,27.1
2027-01-04,1,48.47
2027-01-04,2,48.47
2027-01-04,3,48.5
2027-01-04,4,48.6
2027-01-04,5,48.92
2027-01-04,6,49.8
2027-01-04,7,51.79
2027-01-04,8,55.5
2027-01-04,9,61.06
2027-01-04,10,67.57
2027-01-04,11,73.0
2027-01-04,12,75.17
2027-01-04,13,73.21
2027-01-04,14,68.42
2027-01-04,15,63.68
2027-01-04,16,61.79
2027-01-04,17,63.55
2027-01-04,18,66.9
2027-01-04,19,68.3
2027-01-04,20,65.71
2027-01-04,21,60.26
2027-01-04,22,54.77
2027-01-04,23,51.09
2027-01-04,24,49.32
2027-01-05,1,48.51
2027-01-05,2,48.51
2027-01-05,3,48.54
2027-01-05,4,48.64
2027-01-05,5,48.96
2027-01-05,6,49.84
2027-01-05,7,51.83
2027-01-05,8,55.54
2027-01-05,9,61.11
2027-01-05,10,67.63
2027-01-05,11,73.06
2027-01-05,12,75.23
2027-01-05,13,73.27
2027-01-05,14,68.48
2027-01-05,15,63.74
2027-01-05,16,61.84
2027-01-05,17,63.6
2027-01-05,18,66.96
2027-01-05,19,68.36
2027-01-05,20,65.76
2027-01-05,21,60.31
2027-01-05,22,54.81
2027-01-05,23,51.14
2027-01-05,24,49.36
2027-01-06,1,48.55
2027-01-06,2,48.55
2027-01-06,3,48.58
2027-01-06,4,48.67
2027-01-06,5,49.0
2027-01-06,6,49.88
2027-01-06,7,51.87
2027-01-06,8,55.58
2027-01-06,9,61.16
2027-01-06,10,67.68
2027-01-06,11,73.12
2027-01-06,12,75.29
2027-01-06,13,73.33
2027-01-06,14,68.53
2027-01-06,15,63.79
2027-01-06,16,61.89
2027-01-06,17,63.65
2027-01-06,18,67.01
2027-01-06,19,68.41
2027-01-06,20,65.81
2027-01-06,21,60.35
2027-01-06,22,54.86
2027-01-06,23,51.17
2027-01-06,24,49.4
2027-01-07,1,48.58
2027-01-07,2,48.59
2027-01-07,3,48.61
2027-01-07,4,48.71
2027-01-07,5,49.03
2027-01-07,6,49.91
2027-01-07,7,51.91
2027-01-07,8,55.62
2027-01-07,9,61.2
2027-01-07,10,67.73
2027-01-07,11,73.17
2027-01-07,12,75.34
2027-01-07,13,73.38
2027-01-07,14,68.58
2027-01-07,15,63.83
2027-01-07,16,61.93
2027-01-07,17,63.69
2027-01-07,18,67.06
2027-01-07,19,68.46
2027-01-07,20,65.86
2027-01-07,21,60.4
2027-01-07,22,54.9
2027-01-07,23,51.21
2027-01-07,24,49.43
2027-01-08,1,48.61
2027-01-08,2,48.62
2027-01-08,3,48.64
2027-01-08,4,48.74
2027-01-08,5,49.06
2027-01-08,6,49.94
2027-01-08,7,51.94
2027-01-08,8,55.66
2027-01-08,9,61.24
2027-01-08,10,67.77
2027-01-08,11,73.22
2027-01-08,12,75.39
2027-01-08,13,73.43
2027-01-08,14,68.63
2027-01-08,15,63.87
2027-01-08,16,61.97
2027-01-08,17,63.74
2027-01-08,18,67.1
2027-01-08,19,68.51
2027-01-08,20,65.9
2027-01-08,21,60.44
2027-01-08,22,54.93
2027-01-08,23,51.25
2027-01-08,24,49.47
2027-01-09,1,26.75
2027-01-09,2,26.76
2027-01-09,3,26.77
2027-01-09,4,26.82
2027-01-09,5,27.0
2027-01-09,6,27.49
2027-01-09,7,28.59
2027-01-09,8,30.63
2027-01-09,9,33.7
2027-01-09,10,37.3
2027-01-09,11,40.29
2027-01-09,12,41.49
2027-01-09,13,40.41
2027-01-09,14,37.77
2027-01-09,15,35.15
2027-01-09,16,34.11
2027-01-09,17,35.08
2027-01-09,18,36.93
2027-01-09,19,37.7
2027-01-09,20,36.27
2027-01-09,21,33.26
2027-01-09,22,30.23
2027-01-09,23,28.2
2027-01-09,24,27.22
2027-01-10,1,26.77
2027-01-10,2,26.77
2027-01-10,3,26.79
2027-01-10,4,26.84
2027-01-10,5,27.02
2027-01-10,6,27.5
2027-01-10,7,28.6
2027-01-10,8,30.65
2027-01-10,9,33.72
2027-01-10,10,37.32
2027-01-10,11,40.32
2027-01-10,12,41.51
2027-01-10,13,40.43
2027-01-10,14,37.79
2027-01-10,15,35.17
2027-01-10,16,34.13
2027-01-10,17,35.1
2027-01-10,18,36.95
2027-01-10,19,37.72
2027-01-10,20,36.29
2027-01-10,21,33.28
2027-01-10,22,30.25
2027-01-10,23,28.22
2027-01-10,24,27.24
2027-01-11,1,48.7
2027-01-11,2,48.7
2027-01-11,3,48.73
2027-01-11,4,48.82
2027-01-11,5,49.15
2027-01-11,6,50.03
2027-01-11,7,52.03
2027-01-11,8,55.75
2027-01-11,9,61.35
2027-01-11,10,67.89
2027-01-11,11,73.34
2027-01-11,12,75.52
2027-01-11,13,73.55
2027-01-11,14,68.74
2027-01-11,15,63.98
2027-01-11,16,62.08
2027-01-11,17,63.84
2027-01-11,18,67.22
2027-01-11,19,68.62
2027-01-11,20,66.01
2027-01-11,21,60.54
2027-01-11,22,55.02
2027-01-11,23,51.33
2027-01-11,24,49.55
2027-01-12,1,48.72
2027-01-12,2,48.72
2027-01-12,3,48.75
2027-01-12,4,48.85
2027-01-12,5,49.17
2027-01-12,6,50.05
2027-01-12,7,52.05
2027-01-12,8,55.78
2027-01-12,9,61.37
2027-01-12,10,67.92
2027-01-12,11,73.38
2027-01-12,12,75.55
2027-01-12,13,73.58
2027-01-12,14,68.77
2027-01-12,15,64.01
2027-01-12,16,62.11
2027-01-12,17,63.87
2027-01-12,18,67.25
2027-01-12,19,68.65
2027-01-12,20,66.04
2027-01-12,21,60.57
2027-01-12,22,55.05
2027-01-12,23,51.36
2027-01-12,24,49.57
2027-01-13,1,48.74
2027-01-13,2,48.74
2027-01-13,3,48.77
2027-01-13,4,48.87
2027-01-13,5,49.19
2027-01-13,6,50.07
2027-01-13,7,52.07
2027-01-13,8,55.8
2027-01-13,9,61.4
2027-01-13,10,67.94
2027-01-13,11,73.4
2027-01-13,12,75.58
2027-01-13,13,73.61
2027-01-13,14,68.8
2027-01-13,15,64.04
2027-01-13,16,62.13
2027-01-13,17,63.9
2027-01-13,18,67.27
2027-01-13,19,68.68
2027-01-13,20,66.07
2027-01-13,21,60.59
2027-01-13,22,55.07
2027-01-13,23,51.38
2027-01-13,24,49.59
2027-01-14,1,48.75
2027-01-14,2,48.76
2027-01-14,3,48.78
2027-01-14,4,48.88
2027-01-14,5,49.2
2027-01-14,6,50.09
2027-01-14,7,52.09
2027-01-14,8,55.82
2027-01-14,9,61.42
2027-01-14,10,67.97
2027-01-14,11,73.43
2027-01-14,12,75.61
2027-01-14,13,73.64
2027-01-14,14,68.82
2027-01-14,15,64.06
2027-01-14,16,62.15
2027-01-14,17,63.92
2027-01-14,18,67.3
2027-01-14,19,68.71
2027-01-14,20,66.09
2027-01-14,21,60.61
2027-01-14,22,55.09
2027-01-14,23,51.39
2027-01-14,24,49.61
2027-01-15,1,48.77
2027-01-15,2,48.77
2027-01-15,3,48.8
2027-01-15,4,48.9
2027-01-15,5,49.22
2027-01-15,6,50.1
2027-01-15,7,52.11
2027-01-15,8,55.84
2027-01-15,9,61.44
2027-01-15,10,67.99
2027-01-15,11,73.45
2027-01-15,12,75.63
2027-01-15,13,73.66
2027-01-15,14,68.84
2027-01-15,15,64.08
2027-01-15,16,62.17
2027-01-15,17,63.94
2027-01-15,18,67.32
2027-01-15,19,68.73
2027-01-15,20,66.11
2027-01-15,21,60.63
2027-01-15,22,55.11
2027-01-15,23,51.41
2027-01-15,24,49.62
2027-01-16,1,26.83
2027-01-16,2,26.83
2027-01-16,3,26.85
2027-01-16,4,26.9
2027-01-16,5,27.08
2027-01-16,6,27.56
2027-01-16,7,28.67
2027-01-16,8,30.72
2027-01-16,9,33.8
2027-01-16,10,37.4
2027-01-16,11,40.41
2027-01-16,12,41.61
2027-01-16,13,40.52
2027-01-16,14,37.87
2027-01-16,15,35.25
2027-01-16,16,34.2
2027-01-16,17,35.17
2027-01-16,18,37.03
2027-01-16,19,37.81
2027-01-16,20,36.37
2027-01-16,21,33.35
2027-01-16,22,30.32
2027-01-16,23,28.28
2027-01-16,24,27.3
2027-01-17,1,26.83
2027-01-17,2,26.84
2027-01-17,3,26.85
2027-01-17,4,26.9
2027-01-17,5,27.08
2027-01-17,6,27.57
2027-01-17,7,28.67
2027-01-17,8,30.72
2027-01-17,9,33.8
2027-01-17,10,37.41
2027-01-17,11,40.42
2027-01-17,12,41.62
2027-01-17,13,40.53
2027-01-17,14,37.88
2027-01-17,15,35.26
2027-01-17,16,34.21
2027-01-17,17,35.18
2027-01-17,18,37.04
2027-01-17,19,37.82
2027-01-17,20,36.38
2027-01-17,21,33.36
2027-01-17,22,30.32
2027-01-17,23,28.29
2027-01-17,24,27.31
2027-01-18,1,48.8
2027-01-18,2,48.8
2027-01-18,3,48.83
2027-01-18,4,48.92
2027-01-18,5,49.25
2027-01-18,6,50.13
2027-01-18,7,52.14
2027-01-18,8,55.87
2027-01-18,9,61.47
2027-01-18,10,68.03
2027-01-18,11,73.49
2027-01-18,12,75.67
2027-01-18,13,73.7
2027-01-18,14,68.88
2027-01-18,15,64.11
2027-01-18,16,62.21
2027-01-18,17,63.97
2027-01-18,18,67.36
2027-01-18,19,68.76
2027-01-18,20,66.15
2027-01-18,21,60.66
2027-01-18,22,55.14
2027-01-18,23,51.44
2027-01-18,24,49.65
2027-01-19,1,48.8
2027-01-19,2,48.81
2027-01-19,3,48.83
2027-01-19,4,48.93
2027-01-19,5,49.25
2027-01-19,6,50.13
2027-01-19,7,52.14
2027-01-19,8,55.87
2027-01-19,9,61.48
2027-01-19,10,68.03
2027-01-19,11,73.5
2027-01-19,12,75.68
2027-01-19,13,73.71
2027-01-19,14,68.89
2027-01-19,15,64.12
2027-01-19,16,62.21
2027-01-19,17,63.98
2027-01-19,18,67.36
2027-01-19,19,68.77
2027-01-19,20,66.15
2027-01-19,21,60.67
2027-01-19,22,55.14
2027-01-19,23,51.44
2027-01-19,24,49.66
2027-01-20,1,48.8
2027-01-20,2,48.81
2027-01-20,3,48.83
2027-01-20,4,48.93
2027-01-20,5,49.25
2027-01-20,6,50.14
2027-01-20,7,52.14
2027-01-20,8,55.87
2027-01-20,9,61.48
2027-01-20,10,68.03
2027-01-20,11,73.5
2027-01-20,12,75.68
2027-01-20,13,73.71
2027-01-20,14,68.89
2027-01-20,15,64.12
2027-01-20,16,62.21
2027-01-20,17,63.98
2027-01-20,18,67.36
2027-01-20,19,68.77
2027-01-20,20,66.16
2027-01-20,21,60.67
2027-01-20,22,55.14
2027-01-20,23,51.44
2027-01-20,24,49.66
2027-01-21,1,48.8
2027-01-21,2,48.81
2027-01-21,3,48.83
2027-01-21,4,48.93
2027-01-21,5,49.25
2027-01-21,6,50.13
2027-01-21,7,52.14
2027-01-21,8,55.87
2027-01-21,9,61.48
2027-01-21,10,68.03
2027-01-21,11,73.5
2027-01-21,12,75.68
2027-01-21,13,73.71
2027-01-21,14,68.89
2027-01-21,15,64.12
2027-01-21,16,62.21
2027-01-21,17,63.98
2027-01-21,18,67.36
2027-01-21,19,68.77
2027-01-21,20,66.15
2027-01-21,21,60.67
2027-01-21,22,55.14
2027-01-21,23,51.44
2027-01-21,24,49.66
2027-01-22,1,48.8
2027-01-22,2,48.8
2027-01-22,3,48.83
2027-01-22,4,48.92
2027-01-22,5,49.25
2027-01-22,6,50.13
2027-01-22,7,52.14
2027-01-22,8,55.87
2027-01-22,9,61.47
2027-01-22,10,68.03
2027-01-22,11,73.49
2027-01-22,12,75.67
2027-01-22,13,73.7
2027-01-22,14,68.88
2027-01-22,15,64.11
2027-01-22,16,62.21
2027-01-22,17,63.97
2027-01-22,18,67.36
2027-01-22,19,68.76
2027-01-22,20,66.15
2027-01-22,21,60.66
2027-01-22,22,55.14
2027-01-22,23,51.44
2027-01-22,24,49.65
2027-01-23,1,26.83
2027-01-23,2,26.84
2027-01-23,3,26.85
2027-01-23,4,26.9
2027-01-23,5,27.08
2027-01-23,6,27.57
2027-01-23,7,28.67
2027-01-23,8,30.72
2027-01-23,9,33.8
2027-01-23,10,37.41
2027-01-23,11,40.42
2027-01-23,12,41.62
2027-01-23,13,40.53
2027-01-23,14,37.88
2027-01-23,15,35.26
2027-01-23,16,34.21
2027-01-23,17,35.18
2027-01-23,18,37.04
2027-01-23,19,37.82
2027-01-23,20,36.38
2027-01-23,21,33.36
2027-01-23,22,30.32
2027-01-23,23,28.29
2027-01-23,24,27.31
2027-01-24,1,26.83
2027-01-24,2,26.83
2027-01-24,3,26.85
2027-01-24,4,26.9
2027-01-24,5,27.08
2027-01-24,6,27.56
2027-01-24,7,28.67
2027-01-24,8,30.72
2027-01-24,9,33.8
2027-01-24,10,37.4
2027-01-24,11,40.41
2027-01-24,12,41.61
2027-01-24,13,40.52
2027-01-24,14,37.87
2027-01-24,15,35.25
2027-01-24,16,34.2
2027-01-24,17,35.17
2027-01-24,18,37.03
2027-01-24,19,37.81
2027-01-24,20,36.37
2027-01-24,21,33.35
2027-01-24,22,30.32
2027-01-24,23,28.28
2027-01-24,24,27.3
2027-01-25,1,48.77
2027-01-25,2,48.77
2027-01-25,3,48.8
2027-01-25,4,48.9
2027-01-25,5,49.22
2027-01-25,6,50.1
2027-01-25,7,52.11
2027-01-25,8,55.84
2027-01-25,9,61.44
2027-01-25,10,67.99
2027-01-25,11,73.45
2027-01-25,12,75.63
2027-01-25,13,73.66
2027-01-25,14,68.84
2027-01-25,15,64.08
2027-01-25,16,62.17
2027-01-25,17,63.94
2027-01-25,18,67.32
2027-01-25,19,68.73
2027-01-25,20,66.11
2027-01-25,21,60.63
2027-01-25,22,55.11
2027-01-25,23,51.41
2027-01-25,24,49.62
2027-01-26,1,48.75
2027-01-26,2,48.76
2027-01-26,3,48.78
2027-01-26,4,48.88
2027-01-26,5,49.2
2027-01-26,6,50.09
2027-01-26,7,52.09
2027-01-26,8,55.82
2027-01-26,9,61.42
2027-01-26,10,67.97
2027-01-26,11,73.43
2027-01-26,12,75.61
2027-01-26,13,73.64
2027-01-26,14,68.82
2027-01-26,15,64.06
2027-01-26,16,62.15
2027-01-26,17,63.92
2027-01-26,18,67.3
2027-01-26,19,68.71
2027-01-26,20,66.09
2027-01-26,21,60.61
2027-01-26,22,55.09
2027-01-26,23,51.39
2027-01-26,24,49.61
2027-01-27,1,48.74
2027-01-27,2,48.74
2027-01-27,3,48.77
2027-01-27,4,48.87
2027-01-27,5,49.19
2027-01-27,6,50.07
2027-01-27,7,52.07
2027-01-27,8,55.8
2027-01-27,9,61.4
2027-01-27,10,67.94
2027-01-27,11,73.4
2027-01-27,12,75.58
2027-01-27,13,73.61
2027-01-27,14,68.8
2027-01-27,15,64.04
2027-01-27,16,62.13
2027-01-27,17,63.9
2027-01-27,18,67.27
2027-01-27,19,68.68
2027-01-27,20,66.07
2027-01-27,21,60.59
2027-01-27,22,55.07
2027-01-27,23,51.38
2027-01-27,24,49.59
2027-01-28,1,48.72
2027-01-28,2,48.72
2027-01-28,3,48.75
2027-01-28,4,48.85
2027-01-28,5,49.17
2027-01-28,6,50.05
2027-01-28,7,52.05
2027-01-28,8,55.78
2027-01-28,9,61.37
2027-01-28,10,67.92
2027-01-28,11,73.38
2027-01-28,12,75.55
2027-01-28,13,73.58
2027-01-28,14,68.77
2027-01-28,15,64.01
2027-01-28,16,62.11
2027-01-28,17,63.87
2027-01-28,18,67.25
2027-01-28,19,68.65
2027-01-28,20,66.04
2027-01-28,21,60.57
2027-01-28,22,55.05
2027-01-28,23,51.36
2027-01-28,24,49.57
2027-01-29,1,48.7
2027-01-29,2,48.7
2027-01-29,3,48.73
2027-01-29,4,48.82
2027-01-29,5,49.15
2027-01-29,6,50.03
2027-01-29,7,52.03
2027-01-29,8,55.75
2027-01-29,9,61.35
2027-01-29,10,67.89
2027-01-29,11,73.34
2027-01-29,12,75.52
2027-01-29,13,73.55
2027-01-29,14,68.74
2027-01-29,15,63.98
2027-01-29,16,62.08
2027-01-29,17,63.84
2027-01-29,18,67.22
2027-01-29,19,68.62
2027-01-29,20,66.01
2027-01-29,21,60.54
2027-01-29,22,55.02
2027-01-29,23,51.33
2027-01-29,24,49.55
2027-01-30,1,26.77
2027-01-30,2,26.77
2027-01-30,3,26.79
2027-01-30,4,26.84
2027-01-30,5,27.02
2027-01-30,6,27.5
2027-01-30,7,28.6
2027-01-30,8,30.65
2027-01-30,9,33.72
2027-01-30,10,37.32
2027-01-30,11,40.32
2027-01-30,12,41.51
2027-01-30,13,40.43
2027-01-30,14,37.79
2027-01-30,15,35.17
2027-01-30,16,34.13
2027-01-30,17,35.1
2027-01-30,18,36.95
2027-01-30,19,37.72
2027-01-30,20,36.29
2027-01-30,21,33.28
2027-01-30,22,30.25
2027-01-30,23,28.22
2027-01-30,24,27.24
2027-01-31,1,26.75
2027-01-31,2,26.76
2027-01-31,3,26.77
2027-01-31,4,26.82
2027-01-31,5,27.0
2027-01-31,6,27.49
2027-01-31,7,28.59
2027-01-31,8,30.63
2027-01-31,9,33.7
2027-01-31,10,37.3
2027-01-31,11,40.29
2027-01-31,12,41.49
2027-01-31,13,40.41
2027-01-31,14,37.77
2027-01-31,15,35.15
2027-01-31,16,34.11
2027-01-31,17,35.08
2027-01-31,18,36.93
2027-01-31,19,37.7
2027-01-31,20,36.27
2027-01-31,21,33.26
2027-01-31,22,30.23
2027-01-31,23,28.2
2027-01-31,24,27.22
2027-02-01,1,48.61
2027-02-01,2,48.62
2027-02-01,3,48.64
2027-02-01,4,48.74
2027-02-01,5,49.06
2027-02-01,6,49.94
2027-02-01,7,51.94
2027-02-01,8,55.66
2027-02-01,9,61.24
2027-02-01,10,67.77
2027-02-01,11,73.22
2027-02-01,12,75.39
2027-02-01,13,73.43
2027-02-01,14,68.63
2027-02-01,15,63.87
2027-02-01,16,61.97
2027-02-01,17,63.74
2027-02-01,18,67.1
2027-02-01,19,68.51
2027-02-01,20,65.9
2027-02-01,21,60.44
2027-02-01,22,54.93
2027-02-01,23,51.25
2027-02-01,24,49.47
2027-02-02,1,48.58
2027-02-02,2,48.59
2027-02-02,3,48.61
2027-02-02,4,48.71
2027-02-02,5,49.03
2027-02-02,6,49.91
2027-02-02,7,51.91
2027-02-02,8,55.62
2027-02-02,9,61.2
2027-02-02,10,67.73
2027-02-02,11,73.17
2027-02-02,12,75.34
2027-02-02,13,73.38
2027-02-02,14,68.58
2027-02-02,15,63.83
2027-02-02,16,61.93
2027-02-02,17,63.69
2027-02-02,18,67.06
2027-02-02,19,68.46
2027-02-02,20,65.86
2027-02-02,21,60.4
2027-02-02,22,54.9
2027-02-02,23,51.21
2027-02-02,24,49.43
2027-02-03,1,48.55
2027-02-03,2,48.55
2027-02-03,3,48.58
2027-02-03,4,48.67
2027-02-03,5,49.0
2027-02-03,6,49.88
2027-02-03,7,51.87
2027-02-03,8,55.58
2027-02-03,9,61.16
2027-02-03,10,67.68
2027-02-03,11,73.12
2027-02-03,12,75.29
2027-02-03,13,73.33
2027-02-03,14,68.53
2027-02-03,15,63.79
2027-02-03,16,61.89
2027-02-03,17,63.65
2027-02-03,18,67.01
2027-02-03,19,68.41
2027-02-03,20,65.81
2027-02-03,21,60.35
2027-02-03,22,54.86
2027-02-03,23,51.17
2027-02-03,24,49.4
2027-02-04,1,48.51
2027-02-04,2,48.51
2027-02-04,3,48.54
2027-02-04,4,48.64
2027-02-04,5,48.96
2027-02-04,6,49.84
2027-02-04,7,51.83
2027-02-04,8,55.54
2027-02-04,9,61.11
2027-02-04,10,67.63
2027-02-04,11,73.06
2027-02-04,12,75.23
2027-02-04,13,73.27
2027-02-04,14,68.48
2027-02-04,15,63.74
2027-02-04,16,61.84
2027-02-04,17,63.6
2027-02-04,18,66.96
2027-02-04,19,68.36
2027-02-04,20,65.76
2027-02-04,21,60.31
2027-02-04,22,54.81
2027-02-04,23,51.14
2027-02-04,24,49.36
2027-02-05,1,48.47
2027-02-05,2,48.47
2027-02-05,3,48.5
2027-02-05,4,48.6
2027-02-05,5,48.92
2027-02-05,6,49.8
2027-02-05,7,51.79
2027-02-05,8,55.5
2027-02-05,9,61.06
2027-02-05,10,67.57
2027-02-05,11,73.0
2027-02-05,12,75.17
2027-02-05,13,73.21
2027-02-05,14,68.42
2027-02-05,15,63.68
2027-02-05,16,61.79
2027-02-05,17,63.55
2027-02-05,18,66.9
2027-02-05,19,68.3
2027-02-05,20,65.71
2027-02-05,21,60.26
2027-02-05,22,54.77
2027-02-05,23,51.09
2027-02-05,24,49.32
2027-02-06,1,26.63
2027-02-06,2,26.64
2027-02-06,3,26.65
2027-02-06,4,26.7
2027-02-06,5,26.88
2027-02-06,6,27.36
2027-02-06,7,28.46
2027-02-06,8,30.5
2027-02-06,9,33.55
2027-02-06,10,37.13
2027-02-06,11,40.12
2027-02-06,12,41.31
2027-02-06,13,40.23
2027-02-06,14,37.6
2027-02-06,15,35.0
2027-02-06,16,33.95
2027-02-06,17,34.92
2027-02-06,18,36.77
2027-02-06,19,37.53
2027-02-06,20,36.11
2027-02-06,21,33.11
2027-02-06,22,30.1
2027-02-06,23,28.08
2027-02-06,24,27.1
2027-02-07,1,26.61
2027-02-07,2,26.61
2027-02-07,3,26.63
2027-02-07,4,26.68
2027-02-07,5,26.86
2027-02-07,6,27.34
2027-02-07,7,28.43
2027-02-07,8,30.47
2027-02-07,9,33.52
2027-02-07,10,37.1
2027-02-07,11,40.08
2027-02-07,12,41.27
2027-02-07,13,40.19
2027-02-07,14,37.56
2027-02-07,15,34.96
2027-02-07,16,33.92
2027-02-07,17,34.89
2027-02-07,18,36.73
2027-02-07,19,37.5
2027-02-07,20,36.07
2027-02-07,21,33.08
2027-02-07,22,30.07
2027-02-07,23,28.05
2027-02-07,24,27.08
2027-02-08,1,48.33
2027-02-08,2,48.34
2027-02-08,3,48.36
2027-02-08,4,48.46
2027-02-08,5,48.78
2027-02-08,6,49.66
2027-02-08,7,51.64
2027-02-08,8,55.34
2027-02-08,9,60.89
2027-02-08,10,67.38
2027-02-08,11,72.8
2027-02-08,12,74.96
2027-02-08,13,73.01
2027-02-08,14,68.23
2027-02-08,15,63.51
2027-02-08,16,61.62
2027-02-08,17,63.37
2027-02-08,18,66.72
2027-02-08,19,68.11
2027-02-08,20,65.52
2027-02-08,21,60.09
2027-02-08,22,54.62
2027-02-08,23,50.95
2027-02-08,24,49.18
2027-02-09,1,48.28
2027-02-09,2,48.29
2027-02-09,3,48.31
2027-02-09,4,48.41
2027-02-09,5,48.73
2027-02-09,6,49.61
2027-02-09,7,51.59
2027-02-09,8,55.28
2027-02-09,9,60.83
2027-02-09,10,67.31
2027-02-09,11,72.72
2027-02-09,12,74.88
2027-02-09,13,72.93
2027-02-09,14,68.16
2027-02-09,15,63.44
2027-02-09,16,61.55
2027-02-09,17,63.3
2027-02-09,18,66.65
2027-02-09,19,68.04
2027-02-09,20,65.46
2027-02-09,21,60.03
2027-02-09,22,54.56
2027-02-09,23,50.9
2027-02-09,24,49.13
2027-02-10,1,48.23
2027-02-10,2,48.24
2027-02-10,3,48.26
2027-02-10,4,48.36
2027-02-10,5,48.68
2027-02-10,6,49.55
2027-02-10,7,51.53
2027-02-10,8,55.22
2027-02-10,9,60.76
2027-02-10,10,67.24
2027-02-10,11,72.64
2027-02-10,12,74.8
2027-02-10,13,72.85
2027-02-10,14,68.09
2027-02-10,15,63.37
2027-02-10,16,61.49
2027-02-10,17,63.24
2027-02-10,18,66.58
2027-02-10,19,67.97
2027-02-10,20,65.38
2027-02-10,21,59.96
2027-02-10,22,54.5
2027-02-10,23,50.84
2027-02-10,24,49.08
2027-02-11,1,48.18
2027-02-11,2,48.18
2027-02-11,3,48.21
2027-02-11,4,48.3
2027-02-11,5,48.62
2027-02-11,6,49.5
2027-02-11,7,51.48
2027-02-11,8,55.16
2027-02-11,9,60.69
2027-02-11,10,67.16
2027-02-11,11,72.56
2027-02-11,12,74.72
2027-02-11,13,72.77
2027-02-11,14,68.01
2027-02-11,15,63.3
2027-02-11,16,61.42
2027-02-11,17,63.16
2027-02-11,18,66.5
2027-02-11,19,67.89
2027-02-11,20,65.31
2027-02-11,21,59.9
2027-02-11,22,54.44
2027-02-11,23,50.79
2027-02-11,24,49.02
2027-02-12,1,48.12
2027-02-12,2,48.13
2027-02-12,3,48.15
2027-02-12,4,48.25
2027-02-12,5,48.57
2027-02-12,6,49.44
2027-02-12,7,51.41
2027-02-12,8,55.1
2027-02-12,9,60.62
2027-02-12,10,67.08
2027-02-12,11,72.48
2027-02-12,12,74.63
2027-02-12,13,72.68
2027-02-12,14,67.93
2027-02-12,15,63.23
2027-02-12,16,61.34
2027-02-12,17,63.09
2027-02-12,18,66.42
2027-02-12,19,67.81
2027-02-12,20,65.23
2027-02-12,21,59.82
2027-02-12,22,54.37
2027-02-12,23,50.73
2027-02-12,24,48.97
2027-02-13,1,26.43
2027-02-13,2,26.44
2027-02-13,3,26.45
2027-02-13,4,26.5
2027-02-13,5,26.68
2027-02-13,6,27.16
2027-02-13,7,28.24
2027-02-13,8,30.26
2027-02-13,9,33.3
2027-02-13,10,36.85
2027-02-13,11,39.81
2027-02-13,12,40.99
2027-02-13,13,39.93
2027-02-13,14,37.31
2027-02-13,15,34.73
2027-02-13,16,33.7
2027-02-13,17,34.66
2027-02-13,18,36.49
2027-02-13,19,37.25
2027-02-13,20,35.83
2027-02-13,21,32.86
2027-02-13,22,29.87
2027-02-13,23,27.86
2027-02-13,24,26.9
2027-02-14,1,26.4
2027-02-14,2,26.4
2027-02-14,3,26.42
2027-02-14,4,26.47
2027-02-14,5,26.64
2027-02-14,6,27.12
2027-02-14,7,28.21
2027-02-14,8,30.23
2027-02-14,9,33.26
2027-02-14,10,36.8
2027-02-14,11,39.76
2027-02-14,12,40.94
2027-02-14,13,39.87
2027-02-14,14,37.27
2027-02-14,15,34.69
2027-02-14,16,33.65
2027-02-14,17,34.61
2027-02-14,18,36.44
2027-02-14,19,37.2
2027-02-14,20,35.79
2027-02-14,21,32.82
2027-02-14,22,29.83
2027-02-14,23,27.83
2027-02-14,24,26.86
2027-02-15,1,47.93
2027-02-15,2,47.94
2027-02-15,3,47.96
2027-02-15,4,48.06
2027-02-15,5,48.38
2027-02-15,6,49.25
2027-02-15,7,51.22
2027-02-15,8,54.88
2027-02-15,9,60.39
2027-02-15,10,66.82
2027-02-15,11,72.2
2027-02-15,12,74.34
2027-02-15,13,72.4
2027-02-15,14,67.67
2027-02-15,15,62.98
2027-02-15,16,61.11
2027-02-15,17,62.85
2027-02-15,18,66.17
2027-02-15,19,67.55
2027-02-15,20,64.98
2027-02-15,21,59.59
2027-02-15,22,54.16
2027-02-15,23,50.53
2027-02-15,24,48.78
2027-02-16,1,47.87
2027-02-16,2,47.87
2027-02-16,3,47.9
2027-02-16,4,47.99
2027-02-16,5,48.31
2027-02-16,6,49.18
2027-02-16,7,51.14
2027-02-16,8,54.81
2027-02-16,9,60.3
2027-02-16,10,66.73
2027-02-16,11,72.09
2027-02-16,12,74.23
2027-02-16,13,72.3
2027-02-16,14,67.57
2027-02-16,15,62.89
2027-02-16,16,61.02
2027-02-16,17,62.76
2027-02-16,18,66.07
2027-02-16,19,67.46
2027-02-16,20,64.89
2027-02-16,21,59.51
2027-02-16,22,54.09
2027-02-16,23,50.46
2027-02-16,24,48.71
2027-02-17,1,47.8
2027-02-17,2,47.8
2027-02-17,3,47.83
2027-02-17,4,47.92
2027-02-17,5,48.24
2027-02-17,6,49.11
2027-02-17,7,51.07
2027-02-17,8,54.73
2027-02-17,9,60.22
2027-02-17,10,66.63
2027-02-17,11,71.99
2027-02-17,12,74.13
2027-02-17,13,72.2
2027-02-17,14,67.47
2027-02-17,15,62.8
2027-02-17,16,60.93
2027-02-17,17,62.67
2027-02-17,18,65.98
2027-02-17,19,67.36
2027-02-17,20,64.8
2027-02-17,21,59.42
2027-02-17,22,54.01
2027-02-17,23,50.39
2027-02-17,24,48.64
2027-02-18,1,47.73
2027-02-18,2,47.73
2027-02-18,3,47.76
2027-02-18,4,47.85
2027-02-18,5,48.17
2027-02-18,6,49.03
2027-02-18,7,50.99
2027-02-18,8,54.65
2027-02-18,9,60.13
2027-02-18,10,66.54
2027-02-18,11,71.88
2027-02-18,12,74.02
2027-02-18,13,72.09
2027-02-18,14,67.37
2027-02-18,15,62.71
2027-02-18,16,60.84
2027-02-18,17,62.57
2027-02-18,18,65.88
2027-02-18,19,67.26
2027-02-18,20,64.7
2027-02-18,21,59.34
2027-02-18,22,53.93
2027-02-18,23,50.31
2027-02-18,24,48.56
2027-02-19,1,47.65
2027-02-19,2,47.66
2027-02-19,3,47.68
2027-02-19,4,47.78
2027-02-19,5,48.09
2027-02-19,6,48.96
2027-02-19,7,50.92
2027-02-19,8,54.56
2027-02-19,9,60.03
2027-02-19,10,66.43
2027-02-19,11,71.77
2027-02-19,12,73.9
2027-02-19,13,71.98
2027-02-19,14,67.27
2027-02-19,15,62.61
2027-02-19,16,60.75
2027-02-19,17,62.48
2027-02-19,18,65.78
2027-02-19,19,67.15
2027-02-19,20,64.6
2027-02-19,21,59.24
2027-02-19,22,53.85
2027-02-19,23,50.23
2027-02-19,24,48.49
2027-02-20,1,26.17
2027-02-20,2,26.17
2027-02-20,3,26.18
2027-02-20,4,26.24
2027-02-20,5,26.41
2027-02-20,6,26.88
2027-02-20,7,27.96
2027-02-20,8,29.96
2027-02-20,9,32.97
2027-02-20,10,36.48
2027-02-20,11,39.41
2027-02-20,12,40.58
2027-02-20,13,39.52
2027-02-20,14,36.94
2027-02-20,15,34.38
2027-02-20,16,33.36
2027-02-20,17,34.31
2027-02-20,18,36.12
2027-02-20,19,36.88
2027-02-20,20,35.47
2027-02-20,21,32.53
2027-02-20,22,29.57
2027-02-20,23,27.58
2027-02-20,24,26.63
2027-02-21,1,26.12
2027-02-21,2,26.13
2027-02-21,3,26.14
2027-02-21,4,26.19
2027-02-21,5,26.37
2027-02-21,6,26.84
2027-02-21,7,27.91
2027-02-21,8,29.91
2027-02-21,9,32.91
2027-02-21,10,36.42
2027-02-21,11,39.35
2027-02-21,12,40.52
2027-02-21,13,39.46
2027-02-21,14,36.88
2027-02-21,15,34.33
2027-02-21,16,33.3
2027-02-21,17,34.25
2027-02-21,18,36.06
2027-02-21,19,36.82
2027-02-21,20,35.42
2027-02-21,21,32.48
2027-02-21,22,29.52
2027-02-21,23,27.54
2027-02-21,24,26.58
2027-02-22,1,47.42
2027-02-22,2,47.42
2027-02-22,3,47.45
2027-02-22,4,47.54
2027-02-22,5,47.86
2027-02-22,6,48.72
2027-02-22,7,50.67
2027-02-22,8,54.29
2027-02-22,9,59.74
2027-02-22,10,66.11
2027-02-22,11,71.42
2027-02-22,12,73.54
2027-02-22,13,71.62
2027-02-22,14,66.94
2027-02-22,15,62.3
2027-02-22,16,60.45
2027-02-22,17,62.17
2027-02-22,18,65.45
2027-02-22,19,66.82
2027-02-22,20,64.28
2027-02-22,21,58.95
2027-02-22,22,53.58
2027-02-22,23,49.99
2027-02-22,24,48.25
2027-02-23,1,47.34
2027-02-23,2,47.34
2027-02-23,3,47.37
2027-02-23,4,47.46
2027-02-23,5,47.77
2027-02-23,6,48.63
2027-02-23,7,50.58
2027-02-23,8,54.2
2027-02-23,9,59.63
2027-02-23,10,65.99
2027-02-23,11,71.29
2027-02-23,12,73.41
2027-02-23,13,71.5
2027-02-23,14,66.82
2027-02-23,15,62.2
2027-02-23,16,60.34
2027-02-23,17,62.06
2027-02-23,18,65.34
2027-02-23,19,66.71
2027-02-23,20,64.17
2027-02-23,21,58.85
2027-02-23,22,53.49
2027-02-23,23,49.9
2027-02-23,24,48.17
2027-02-24,1,47.25
2027-02-24,2,47.26
2027-02-24,3,47.28
2027-02-24,4,47.38
2027-02-24,5,47.69
2027-02-24,6,48.54
2027-02-24,7,50.49
2027-02-24,8,54.1
2027-02-24,9,59.53
2027-02-24,10,65.87
2027-02-24,11,71.17
2027-02-24,12,73.28
2027-02-24,13,71.37
2027-02-24,14,66.7
2027-02-24,15,62.08
2027-02-24,16,60.24
2027-02-24,17,61.95
2027-02-24,18,65.22
2027-02-24,19,66.59
2027-02-24,20,64.06
2027-02-24,21,58.74
2027-02-24,22,53.39
2027-02-24,23,49.81
2027-02-24,24,48.08
2027-02-25,1,47.16
2027-02-25,2,47.17
2027-02-25,3,47.19
2027-02-25,4,47.29
2027-02-25,5,47.6
2027-02-25,6,48.46
2027-02-25,7,50.39
2027-02-25,8,54.0
2027-02-25,9,59.42
2027-02-25,10,65.75
2027-02-25,11,71.04
2027-02-25,12,73.14
2027-02-25,13,71.24
2027-02-25,14,66.58
2027-02-25,15,61.97
2027-02-25,16,60.13
2027-02-25,17,61.84
2027-02-25,18,65.1
2027-02-25,19,66.47
2027-02-25,20,63.94
2027-02-25,21,58.64
2027-02-25,22,53.29
2027-02-25,23,49.72
2027-02-25,24,47.99
2027-02-26,1,47.08
2027-02-26,2,47.08
2027-02-26,3,47.1
2027-02-26,4,47.2
2027-02-26,5,47.51
2027-02-26,6,48.36
2027-02-26,7,50.3
2027-02-26,8,53.9
2027-02-26,9,59.3
2027-02-26,10,65.63
2027-02-26,11,70.9
2027-02-26,12,73.01
2027-02-26,13,71.1
2027-02-26,14,66.45
2027-02-26,15,61.85
2027-02-26,16,60.01
2027-02-26,17,61.72
2027-02-26,18,64.98
2027-02-26,19,66.34
2027-02-26,20,63.82
2027-02-26,21,58.53
2027-02-26,22,53.19
2027-02-26,23,49.62
2027-02-26,24,47.9
2027-02-27,1,25.84
2027-02-27,2,25.84
2027-02-27,3,25.86
2027-02-27,4,25.91
2027-02-27,5,26.08
2027-02-27,6,26.55
2027-02-27,7,27.61
2027-02-27,8,29.59
2027-02-27,9,32.55
2027-02-27,10,36.02
2027-02-27,11,38.92
2027-02-27,12,40.08
2027-02-27,13,39.03
2027-02-27,14,36.48
2027-02-27,15,33.95
2027-02-27,16,32.94
2027-02-27,17,33.88
2027-02-27,18,35.67
2027-02-27,19,36.42
2027-02-27,20,35.03
2027-02-27,21,32.13
2027-02-27,22,29.2
2027-02-27,23,27.24
2027-02-27,24,26.3
2027-02-28,1,25.79
2027-02-28,2,25.79
2027-02-28,3,25.81
2027-02-28,4,25.86
2027-02-28,5,26.03
2027-02-28,6,26.5
2027-02-28,7,27.56
2027-02-28,8,29.53
2027-02-28,9,32.49
2027-02-28,10,35.95
2027-02-28,11,38.84
2027-02-28,12,40.0
2027-02-28,13,38.95
2027-02-28,14,36.41
2027-02-28,15,33.89
2027-02-28,16,32.88
2027-02-28,17,33.81
2027-02-28,18,35.6
2027-02-28,19,36.34
2027-02-28,20,34.96
2027-02-28,21,32.06
2027-02-28,22,29.14
2027-02-28,23,27.19
2027-02-28,24,26.24
2027-03-01,1,46.8
2027-03-01,2,46.8
2027-03-01,3,46.83
2027-03-01,4,46.92
2027-03-01,5,47.23
2027-03-01,6,48.08
2027-03-01,7,50.0
2027-03-01,8,53.58
2027-03-01,9,58.95
2027-03-01,10,65.24
2027-03-01,11,70.48
2027-03-01,12,72.57
2027-03-01,13,70.68
2027-03-01,14,66.06
2027-03-01,15,61.49
2027-03-01,16,59.66
2027-03-01,17,61.35
2027-03-01,18,64.59
2027-03-01,19,65.95
2027-03-01,20,63.44
2027-03-01,21,58.18
2027-03-01,22,52.88
2027-03-01,23,49.33
2027-03-01,24,47.62
2027-03-02,1,46.7
2027-03-02,2,46.7
2027-03-02,3,46.73
2027-03-02,4,46.82
2027-03-02,5,47.13
2027-03-02,6,47.98
2027-03-02,7,49.9
2027-03-02,8,53.47
2027-03-02,9,58.83
2027-03-02,10,65.1
2027-03-02,11,70.33
2027-03-02,12,72.42
2027-03-02,13,70.54
2027-03-02,14,65.92
2027-03-02,15,61.36
2027-03-02,16,59.53
2027-03-02,17,61.23
2027-03-02,18,64.46
2027-03-02,19,65.81
2027-03-02,20,63.31
2027-03-02,21,58.06
2027-03-02,22,52.77
2027-03-02,23,49.23
2027-03-02,24,47.52
2027-03-03,1,46.6
2027-03-03,2,46.6
2027-03-03,3,46.63
2027-03-03,4,46.72
2027-03-03,5,47.03
2027-03-03,6,47.87
2027-03-03,7,49.79
2027-03-03,8,53.35
2027-03-03,9,58.7
2027-03-03,10,64.96
2027-03-03,11,70.18
2027-03-03,12,72.27
2027-03-03,13,70.39
2027-03-03,14,65.78
2027-03-03,15,61.23
2027-03-03,16,59.41
2027-03-03,17,61.1
2027-03-03,18,64.32
2027-03-03,19,65.67
2027-03-03,20,63.17
2027-03-03,21,57.93
2027-03-03,22,52.66
2027-03-03,23,49.12
2027-03-03,24,47.42
2027-03-04,1,46.5
2027-03-04,2,46.5
2027-03-04,3,46.53
2027-03-04,4,46.62
2027-03-04,5,46.93
2027-03-04,6,47.77
2027-03-04,7,49.68
2027-03-04,8,53.24
2027-03-04,9,58.58
2027-03-04,10,64.82
2027-03-04,11,70.03
2027-03-04,12,72.11
2027-03-04,13,70.23
2027-03-04,14,65.64
2027-03-04,15,61.09
2027-03-04,16,59.28
2027-03-04,17,60.96
2027-03-04,18,64.18
2027-03-04,19,65.53
2027-03-04,20,63.03
2027-03-04,21,57.81
2027-03-04,22,52.54
2027-03-04,23,49.02
2027-03-04,24,47.31
2027-03-05,1,46.4
2027-03-05,2,46.4
2027-03-05,3,46.42
2027-03-05,4,46.52
2027-03-05,5,46.82
2027-03-05,6,47.66
2027-03-05,7,49.57
2027-03-05,8,53.12
2027-03-05,9,58.45
2027-03-05,10,64.68
2027-03-05,11,69.88
2027-03-05,12,71.95
2027-03-05,13,70.08
2027-03-05,14,65.49
2027-03-05,15,60.96
2027-03-05,16,59.15
2027-03-05,17,60.83
2027-03-05,18,64.04
2027-03-05,19,65.38
2027-03-05,20,62.89
2027-03-05,21,57.68
2027-03-05,22,52.43
2027-03-05,23,48.91
2027-03-05,24,47.21
2027-03-06,1,25.46
2027-03-06,2,25.46
2027-03-06,3,25.48
2027-03-06,4,25.53
2027-03-06,5,25.69
2027-03-06,6,26.16
2027-03-06,7,27.2
2027-03-06,8,29.15
2027-03-06,9,32.07
2027-03-06,10,35.49
2027-03-06,11,38.35
2027-03-06,12,39.48
2027-03-06,13,38.46
2027-03-06,14,35.94
2027-03-06,15,33.45
2027-03-06,16,32.46
2027-03-06,17,33.38
2027-03-06,18,35.14
2027-03-06,19,35.88
2027-03-06,20,34.51
2027-03-06,21,31.65
2027-03-06,22,28.77
2027-03-06,23,26.84
2027-03-06,24,25.91
2027-03-07,1,25.4
2027-03-07,2,25.4
2027-03-07,3,25.42
2027-03-07,4,25.47
2027-03-07,5,25.64
2027-03-07,6,26.1
2027-03-07,7,27.14
2027-03-07,8,29.08
2027-03-07,9,32.0
2027-03-07,10,35.41
2027-03-07,11,38.26
2027-03-07,12,39.39
2027-03-07,13,38.37
2027-03-07,14,35.86
2027-03-07,15,33.37
2027-03-07,16,32.38
2027-03-07,17,33.3
2027-03-07,18,35.06
2027-03-07,19,35.8
2027-03-07,20,34.43
2027-03-07,21,31.58
2027-03-07,22,28.7
2027-03-07,23,26.78
2027-03-07,24,25.85
2027-03-08,1,46.07
2027-03-08,2,46.08
2027-03-08,3,46.1
2027-03-08,4,46.2
2027-03-08,5,46.5
2027-03-08,6,47.34
2027-03-08,7,49.23
2027-03-08,8,52.75
2027-03-08,9,58.04
2027-03-08,10,64.23
2027-03-08,11,69.39
2027-03-08,12,71.45
2027-03-08,13,69.59
2027-03-08,14,65.04
2027-03-08,15,60.54
2027-03-08,16,58.74
2027-03-08,17,60.41
2027-03-08,18,63.6
2027-03-08,19,64.93
2027-03-08,20,62.46
2027-03-08,21,57.28
2027-03-08,22,52.06
2027-03-08,23,48.57
2027-03-08,24,46.88
2027-03-09,1,45.96
2027-03-09,2,45.97
2027-03-09,3,45.99
2027-03-09,4,46.09
2027-03-09,5,46.39
2027-03-09,6,47.22
2027-03-09,7,49.11
2027-03-09,8,52.63
2027-03-09,9,57.9
2027-03-09,10,64.08
2027-03-09,11,69.23
2027-03-09,12,71.28
2027-03-09,13,69.43
2027-03-09,14,64.88
2027-03-09,15,60.39
2027-03-09,16,58.6
2027-03-09,17,60.26
2027-03-09,18,63.45
2027-03-09,19,64.77
2027-03-09,20,62.31
2027-03-09,21,57.14
2027-03-09,22,51.94
2027-03-09,23,48.45
2027-03-09,24,46.77
2027-03-10,1,45.85
2027-03-10,2,45.86
2027-03-10,3,45.88
2027-03-10,4,45.97
2027-03-10,5,46.28
2027-03-10,6,47.11
2027-03-10,7,48.99
2027-03-10,8,52.5
2027-03-10,9,57.76
2027-03-10,10,63.92
2027-03-10,11,69.06
2027-03-10,12,71.11
2027-03-10,13,69.26
2027-03-10,14,64.73
2027-03-10,15,60.24
2027-03-10,16,58.45
2027-03-10,17,60.11
2027-03-10,18,63.29
2027-03-10,19,64.62
2027-03-10,20,62.16
2027-03-10,21,57.0
2027-03-10,22,51.81
2027-03-10,23,48.33
2027-03-10,24,46.66
2027-03-11,1,45.74
2027-03-11,2,45.74
2027-03-11,3,45.77
2027-03-11,4,45.86
2027-03-11,5,46.16
2027-03-11,6,46.99
2027-03-11,7,48.87
2027-03-11,8,52.37
2027-03-11,9,57.62
2027-03-11,10,63.76
2027-03-11,11,68.89
2027-03-11,12,70.93
2027-03-11,13,69.08
2027-03-11,14,64.57
2027-03-11,15,60.1
2027-03-11,16,58.31
2027-03-11,17,59.97
2027-03-11,18,63.13
2027-03-11,19,64.46
2027-03-11,20,62.0
2027-03-11,21,56.86
2027-03-11,22,51.68
2027-03-11,23,48.21
2027-03-11,24,46.54
2027-03-12,1,45.62
2027-03-12,2,45.63
2027-03-12,3,45.65
2027-03-12,4,45.74
2027-03-12,5,46.04
2027-03-12,6,46.87
2027-03-12,7,48.75
2027-03-12,8,52.24
2027-03-12,9,57.47
2027-03-12,10,63.6
2027-03-12,11,68.71
2027-03-12,12,70.75
2027-03-12,13,68.91
2027-03-12,14,64.4
2027-03-12,15,59.94
2027-03-12,16,58.16
2027-03-12,17,59.81
2027-03-12,18,62.97
2027-03-12,19,64.29
2027-03-12,20,61.85
2027-03-12,21,56.72
2027-03-12,22,51.55
2027-03-12,23,48.09
2027-03-12,24,46.42
2027-03-13,1,25.03
2027-03-13,2,25.03
2027-03-13,3,25.04
2027-03-13,4,25.09
2027-03-13,5,25.26
2027-03-13,6,25.71
2027-03-13,7,26.74
2027-03-13,8,28.66
2027-03-13,9,31.53
2027-03-13,10,34.89
2027-03-13,11,37.69
2027-03-13,12,38.81
2027-03-13,13,37.8
2027-03-13,14,35.33
2027-03-13,15,32.88
2027-03-13,16,31.91
2027-03-13,17,32.81
2027-03-13,18,34.55
2027-03-13,19,35.27
2027-03-13,20,33.93
2027-03-13,21,31.11
2027-03-13,22,28.28
2027-03-13,23,26.38
2027-03-13,24,25.47
2027-03-14,1,24.96
2027-03-14,2,24.96
2027-03-14,3,24.98
2027-03-14,4,25.03
2027-03-14,5,25.19
2027-03-14,6,25.65
2027-03-14,7,26.67
2027-03-14,8,28.58
2027-03-14,9,31.45
2027-03-14,10,34.8
2027-03-14,11,37.6
2027-03-14,12,38.71
2027-03-14,13,37.7
2027-03-14,14,35.24
2027-03-14,15,32.8
2027-03-14,16,31.82
2027-03-14,17,32.73
2027-03-14,18,34.46
2027-03-14,19,35.18
2027-03-14,20,33.84
2027-03-14,21,31.03
2027-03-14,22,28.21
2027-03-14,23,26.31
2027-03-14,24,25.4
2027-03-15,1,45.27
2027-03-15,2,45.27
2027-03-15,3,45.29
2027-03-15,4,45.38
2027-03-15,5,45.68
2027-03-15,6,46.5
2027-03-15,7,48.36
2027-03-15,8,51.83
2027-03-15,9,57.02
2027-03-15,10,63.1
2027-03-15,11,68.17
2027-03-15,12,70.2
2027-03-15,13,68.37
2027-03-15,14,63.9
2027-03-15,15,59.47
2027-03-15,16,57.7
2027-03-15,17,59.35
2027-03-15,18,62.48
2027-03-15,19,63.79
2027-03-15,20,61.36
2027-03-15,21,56.27
2027-03-15,22,51.15
2027-03-15,23,47.72
2027-03-15,24,46.06
2027-03-16,1,45.14
2027-03-16,2,45.15
2027-03-16,3,45.17
2027-03-16,4,45.26
2027-03-16,5,45.56
2027-03-16,6,46.38
2027-03-16,7,48.23
2027-03-16,8,51.69
2027-03-16,9,56.87
2027-03-16,10,62.93
2027-03-16,11,67.99
2027-03-16,12,70.01
2027-03-16,13,68.19
2027-03-16,14,63.73
2027-03-16,15,59.31
2027-03-16,16,57.55
2027-03-16,17,59.19
2027-03-16,18,62.31
2027-03-16,19,63.62
2027-03-16,20,61.2
2027-03-16,21,56.12
2027-03-16,22,51.01
2027-03-16,23,47.59
2027-03-16,24,45.94
2027-03-17,1,45.02
2027-03-17,2,45.02
2027-03-17,3,45.05
2027-03-17,4,45.14
2027-03-17,5,45.44
2027-03-17,6,46.25
2027-03-17,7,48.1
2027-03-17,8,51.54
2027-03-17,9,56.71
2027-03-17,10,62.76
2027-03-17,11,67.8
2027-03-17,12,69.82
2027-03-17,13,68.0
2027-03-17,14,63.55
2027-03-17,15,59.15
2027-03-17,16,57.39
2027-03-17,17,59.02
2027-03-17,18,62.14
2027-03-17,19,63.44
2027-03-17,20,61.03
2027-03-17,21,55.97
2027-03-17,22,50.87
2027-03-17,23,47.46
2027-03-17,24,45.81
2027-03-18,1,44.89
2027-03-18,2,44.9
2027-03-18,3,44.92
2027-03-18,4,45.01
2027-03-18,5,45.31
2027-03-18,6,46.12
2027-03-18,7,47.97
2027-03-18,8,51.4
2027-03-18,9,56.56
2027-03-18,10,62.59
2027-03-18,11,67.62
2027-03-18,12,69.62
2027-03-18,13,67.81
2027-03-18,14,63.37
2027-03-18,15,58.99
2027-03-18,16,57.23
2027-03-18,17,58.86
2027-03-18,18,61.97
2027-03-18,19,63.27
2027-03-18,20,60.86
2027-03-18,21,55.81
2027-03-18,22,50.73
2027-03-18,23,47.32
2027-03-18,24,45.68
2027-03-19,1,44.77
2027-03-19,2,44.77
2027-03-19,3,44.8
2027-03-19,4,44.89
2027-03-19,5,45.18
2027-03-19,6,45.99
2027-03-19,7,47.83
2027-03-19,8,51.26
2027-03-19,9,56.4
2027-03-19,10,62.41
2027-03-19,11,67.43
2027-03-19,12,69.43
2027-03-19,13,67.62
2027-03-19,14,63.2
2027-03-19,15,58.82
2027-03-19,16,57.07
2027-03-19,17,58.69
2027-03-19,18,61.79
2027-03-19,19,63.09
2027-03-19,20,60.69
2027-03-19,21,55.66
2027-03-19,22,50.59
2027-03-19,23,47.19
2027-03-19,24,45.55
2027-03-20,1,24.55
2027-03-20,2,24.55
2027-03-20,3,24.57
2027-03-20,4,24.62
2027-03-20,5,24.78
2027-03-20,6,25.22
2027-03-20,7,26.23
2027-03-20,8,28.11
2027-03-20,9,30.93
2027-03-20,10,34.23
2027-03-20,11,36.98
2027-03-20,12,38.08
2027-03-20,13,37.08
2027-03-20,14,34.66
2027-03-20,15,32.26
2027-03-20,16,31.3
2027-03-20,17,32.19
2027-03-20,18,33.89
2027-03-20,19,34.6
2027-03-20,20,33.28
2027-03-20,21,30.52
2027-03-20,22,27.74
2027-03-20,23,25.88
2027-03-20,24,24.98
2027-03-21,1,24.48
2027-03-21,2,24.48
2027-03-21,3,24.5
2027-03-21,4,24.54
2027-03-21,5,24.71
2027-03-21,6,25.15
2027-03-21,7,26.16
2027-03-21,8,28.03
2027-03-21,9,30.84
2027-03-21,10,34.13
2027-03-21,11,36.87
2027-03-21,12,37.97
2027-03-21,13,36.98
2027-03-21,14,34.56
2027-03-21,15,32.16
2027-03-21,16,31.21
2027-03-21,17,32.1
2027-03-21,18,33.79
2027-03-21,19,34.5
2027-03-21,20,33.19
2027-03-21,21,30.43
2027-03-21,22,27.66
2027-03-21,23,25.81
2027-03-21,24,24.91
2027-03-22,1,44.38
2027-03-22,2,44.38
2027-03-22,3,44.41
2027-03-22,4,44.5
2027-03-22,5,44.79
2027-03-22,6,45.59
2027-03-22,7,47.42
2027-03-22,8,50.81
2027-03-22,9,55.91
2027-03-22,10,61.87
2027-03-22,11,66.84
2027-03-22,12,68.82
2027-03-22,13,67.03
2027-03-22,14,62.65
2027-03-22,15,58.31
2027-03-22,16,56.57
2027-03-22,17,58.18
2027-03-22,18,61.26
2027-03-22,19,62.54
2027-03-22,20,60.16
2027-03-22,21,55.17
2027-03-22,22,50.15
2027-03-22,23,46.78
2027-03-22,24,45.16
2027-03-23,1,44.25
2027-03-23,2,44.25
2027-03-23,3,44.27
2027-03-23,4,44.36
2027-03-23,5,44.66
2027-03-23,6,45.46
2027-03-23,7,47.28
2027-03-23,8,50.66
2027-03-23,9,55.74
2027-03-23,10,61.68
2027-03-23,11,66.64
2027-03-23,12,68.62
2027-03-23,13,66.83
2027-03-23,14,62.46
2027-03-23,15,58.14
2027-03-23,16,56.41
2027-03-23,17,58.01
2027-03-23,18,61.08
2027-03-23,19,62.35
2027-03-23,20,59.98
2027-03-23,21,55.01
2027-03-23,22,50.0
2027-03-23,23,46.64
2027-03-23,24,45.02
2027-03-24,1,44.11
2027-03-24,2,44.12
2027-03-24,3,44.14
2027-03-24,4,44.23
2027-03-24,5,44.52
2027-03-24,6,45.32
2027-03-24,7,47.13
2027-03-24,8,50.51
2027-03-24,9,55.57
2027-03-24,10,61.5
2027-03-24,11,66.44
2027-03-24,12,68.41
2027-03-24,13,66.63
2027-03-24,14,62.27
2027-03-24,15,57.96
2027-03-24,16,56.24
2027-03-24,17,57.84
2027-03-24,18,60.89
2027-03-24,19,62.17
2027-03-24,20,59.8
2027-03-24,21,54.84
2027-03-24,22,49.85
2027-03-24,23,46.5
2027-03-24,24,44.89
2027-03-25,1,43.98
2027-03-25,2,43.98
2027-03-25,3,44.01
2027-03-25,4,44.1
2027-03-25,5,44.39
2027-03-25,6,45.18
2027-03-25,7,46.99
2027-03-25,8,50.35
2027-03-25,9,55.4
2027-03-25,10,61.31
2027-03-25,11,66.24
2027-03-25,12,68.2
2027-03-25,13,66.43
2027-03-25,14,62.08
2027-03-25,15,57.78
2027-03-25,16,56.07
2027-03-25,17,57.66
2027-03-25,18,60.71
2027-03-25,19,61.98
2027-03-25,20,59.62
2027-03-25,21,54.68
2027-03-25,22,49.7
2027-03-25,23,46.36
2027-03-25,24,44.75
2027-03-26,1,43.84
2027-03-26,2,43.85
2027-03-26,3,43.87
2027-03-26,4,43.96
2027-03-26,5,44.25
2027-03-26,6,45.04
2027-03-26,7,46.84
2027-03-26,8,50.2
2027-03-26,9,55.23
2027-03-26,10,61.12
2027-03-26,11,66.03
2027-03-26,12,67.99
2027-03-26,13,66.22
2027-03-26,14,61.89
2027-03-26,15,57.61
2027-03-26,16,55.89
2027-03-26,17,57.48
2027-03-26,18,60.52
2027-03-26,19,61.79
2027-03-26,20,59.44
2027-03-26,21,54.51
2027-03-26,22,49.54
2027-03-26,23,46.22
2027-03-26,24,44.61
2027-03-27,1,24.04
2027-03-27,2,24.04
2027-03-27,3,24.05
2027-03-27,4,24.1
2027-03-27,5,24.26
2027-03-27,6,24.7
2027-03-27,7,25.68
2027-03-27,8,27.52
2027-03-27,9,30.28
2027-03-27,10,33.51
2027-03-27,11,36.21
2027-03-27,12,37.28
2027-03-27,13,36.31
2027-03-27,14,33.93
2027-03-27,15,31.58
2027-03-27,16,30.64
2027-03-27,17,31.52
2027-03-27,18,33.18
2027-03-27,19,33.88
2027-03-27,20,32.59
2027-03-27,21,29.89
2027-03-27,22,27.16
2027-03-27,23,25.34
2027-03-27,24,24.46
2027-03-28,1,23.96
2027-03-28,2,23.97
2027-03-28,3,24.03
2027-03-28,4,24.18
2027-03-28,5,24.62
2027-03-28,6,25.6
2027-03-28,7,27.44
2027-03-28,8,30.19
2027-03-28,9,33.41
2027-03-28,10,36.09
2027-03-28,11,37.16
2027-03-28,12,36.19
2027-03-28,13,33.83
2027-03-28,14,31.48
2027-03-28,15,30.55
2027-03-28,16,31.42
2027-03-28,17,33.08
2027-03-28,18,33.77
2027-03-28,19,32.48
2027-03-28,20,29.79
2027-03-28,21,27.08
2027-03-28,22,25.26
2027-03-28,23,24.38
2027-03-29,1,43.43
2027-03-29,2,43.43
2027-03-29,3,43.46
2027-03-29,4,43.54
2027-03-29,5,43.83
2027-03-29,6,44.62
2027-03-29,7,46.4
2027-03-29,8,49.72
2027-03-29,9,54.71
2027-03-29,10,60.54
2027-03-29,11,65.41
2027-03-29,12,67.35
2027-03-29,13,65.6
2027-03-29,14,61.31
2027-03-29,15,57.06
2027-03-29,16,55.36
2027-03-29,17,56.94
2027-03-29,18,59.95
2027-03-29,19,61.2
2027-03-29,20,58.87
2027-03-29,21,53.99
2027-03-29,22,49.07
2027-03-29,23,45.78
2027-03-29,24,44.19
2027-03-30,1,43.29
2027-03-30,2,43.29
2027-03-30,3,43.32
2027-03-30,4,43.4
2027-03-30,5,43.69
2027-03-30,6,44.47
2027-03-30,7,46.25
2027-03-30,8,49.56
2027-03-30,9,54.54
2027-03-30,10,60.35
2027-03-30,11,65.2
2027-03-30,12,67.14
2027-03-30,13,65.39
2027-03-30,14,61.11
2027-03-30,15,56.88
2027-03-30,16,55.19
2027-03-30,17,56.76
2027-03-30,18,59.75
2027-03-30,19,61.01
2027-03-30,20,58.68
2027-03-30,21,53.82
2027-03-30,22,48.92
2027-03-30,23,45.63
2027-03-30,24,44.05
2027-03-31,1,43.15
2027-03-31,2,43.15
2027-03-31,3,43.18
2027-03-31,4,43.26
2027-03-31,5,43.55
2027-03-31,6,44.33
2027-03-31,7,46.1
2027-03-31,8,49.4
2027-03-31,9,54.36
2027-03-31,10,60.15
2027-03-31,11,64.99
2027-03-31,12,66.92
2027-03-31,13,65.17
2027-03-31,14,60.91
2027-03-31,15,56.69
2027-03-31,16,55.01
2027-03-31,17,56.57
2027-03-31,18,59.56
2027-03-31,19,60.81
2027-03-31,20,58.49
2027-03-31,21,53.64
2027-03-31,22,48.76
2027-03-31,23,45.48
2027-03-31,24,43.91
2027-04-01,1,43.01
2027-04-01,2,43.01
2027-04-01,3,43.03
2027-04-01,4,43.12
2027-04-01,5,43.4
2027-04-01,6,44.18
2027-04-01,7,45.95
2027-04-01,8,49.24
2027-04-01,9,54.18
2027-04-01,10,59.95
2027-04-01,11,64.77
2027-04-01,12,66.7
2027-04-01,13,64.96
2027-04-01,14,60.71
2027-04-01,15,56.51
2027-04-01,16,54.83
2027-04-01,17,56.38
2027-04-01,18,59.36
2027-04-01,19,60.61
2027-04-01,20,58.3
2027-04-01,21,53.47
2027-04-01,22,48.6
2027-04-01,23,45.33
2027-04-01,24,43.76
2027-04-02,1,42.86
2027-04-02,2,42.87
2027-04-02,3,42.89
2027-04-02,4,42.98
2027-04-02,5,43.26
2027-04-02,6,44.04
2027-04-02,7,45.8
2027-04-02,8,49.08
2027-04-02,9,54.0
2027-04-02,10,59.76
2027-04-02,11,64.56
2027-04-02,12,66.48
2027-04-02,13,64.74
2027-04-02,14,60.51
2027-04-02,15,56.32
2027-04-02,16,54.64
2027-04-02,17,56.2
2027-04-02,18,59.17
2027-04-02,19,60.41
2027-04-02,20,58.11
2027-04-02,21,53.29
2027-04-02,22,48.43
2027-04-02,23,45.18
2027-04-02,24,43.62
2027-04-03,1,23.5
2027-04-03,2,23.5
2027-04-03,3,23.51
2027-04-03,4,23.56
2027-04-03,5,23.71
2027-04-03,6,24.14
2027-04-03,7,25.1
2027-04-03,8,26.9
2027-04-03,9,29.6
2027-04-03,10,32.76
2027-04-03,11,35.39
2027-04-03,12,36.44
2027-04-03,13,35.49
2027-04-03,14,33.17
2027-04-03,15,30.87
2027-04-03,16,29.95
2027-04-03,17,30.81
2027-04-03,18,32.43
2027-04-03,19,33.11
2027-04-03,20,31.85
2027-04-03,21,29.21
2027-04-03,22,26.55
2027-04-03,23,24.77
2027-04-03,24,23.91
2027-04-04,1,23.42
2027-04-04,2,23.42
2027-04-04,3,23.43
2027-04-04,4,23.48
2027-04-04,5,23.63
2027-04-04,6,24.06
2027-04-04,7,25.02
2027-04-04,8,26.81
2027-04-04,9,29.5
2027-04-04,10,32.64
2027-04-04,11,35.27
2027-04-04,12,36.32
2027-04-04,13,35.37
2027-04-04,14,33.06
2027-04-04,15,30.77
2027-04-04,16,29.85
2027-04-04,17,30.7
2027-04-04,18,32.32
2027-04-04,19,33.0
2027-04-04,20,31.74
2027-04-04,21,29.11
2027-04-04,22,26.46
2027-04-04,23,24.68
2027-04-04,24,23.83
2027-04-05,1,42.43
2027-04-05,2,42.44
2027-04-05,3,42.46
2027-04-05,4,42.54
2027-04-05,5,42.82
2027-04-05,6,43.59
2027-04-05,7,45.34
2027-04-05,8,48.58
2027-04-05,9,53.45
2027-04-05,10,59.15
2027-04-05,11,63.91
2027-04-05,12,65.8
2027-04-05,13,64.09
2027-04-05,14,59.9
2027-04-05,15,55.75
2027-04-05,16,54.09
2027-04-05,17,55.63
2027-04-05,18,58.57
2027-04-05,19,59.79
2027-04-05,20,57.52
2027-04-05,21,52.75
2027-04-05,22,47.95
2027-04-05,23,44.73
2027-04-05,24,43.18
2027-04-06,1,42.28
2027-04-06,2,42.29
2027-04-06,3,42.31
2027-04-06,4,42.4
2027-04-06,5,42.68
2027-04-06,6,43.44
2027-04-06,7,45.18
2027-04-06,8,48.41
2027-04-06,9,53.27
2027-04-06,10,58.95
2027-04-06,11,63.69
2027-04-06,12,65.58
2027-04-06,13,63.87
2027-04-06,14,59.69
2027-04-06,15,55.56
2027-04-06,16,53.9
2027-04-06,17,55.44
2027-04-06,18,58.37
2027-04-06,19,59.59
2027-04-06,20,57.32
2027-04-06,21,52.57
2027-04-06,22,47.78
2027-04-06,23,44.57
2027-04-06,24,43.03
2027-04-07,1,42.14
2027-04-07,2,42.14
2027-04-07,3,42.16
2027-04-07,4,42.25
2027-04-07,5,42.53
2027-04-07,6,43.29
2027-04-07,7,45.02
2027-04-07,8,48.25
2027-04-07,9,53.08
2027-04-07,10,58.74
2027-04-07,11,63.47
2027-04-07,12,65.35
2027-04-07,13,63.65
2027-04-07,14,59.48
2027-04-07,15,55.37
2027-04-07,16,53.72
2027-04-07,17,55.25
2027-04-07,18,58.17
2027-04-07,19,59.38
2027-04-07,20,57.12
2027-04-07,21,52.39
2027-04-07,22,47.61
2027-04-07,23,44.42
2027-04-07,24,42.88
2027-04-08,1,41.99
2027-04-08,2,42.0
2027-04-08,3,42.02
2027-04-08,4,42.1
2027-04-08,5,42.38
2027-04-08,6,43.14
2027-04-08,7,44.87
2027-04-08,8,48.08
2027-04-08,9,52.9
2027-04-08,10,58.54
2027-04-08,11,63.24
2027-04-08,12,65.12
2027-04-08,13,63.42
2027-04-08,14,59.28
2027-04-08,15,55.17
2027-04-08,16,53.53
2027-04-08,17,55.05
2027-04-08,18,57.96
2027-04-08,19,59.17
2027-04-08,20,56.92
2027-04-08,21,52.2
2027-04-08,22,47.45
2027-04-08,23,44.26
2027-04-08,24,42.73
2027-04-09,1,41.84
2027-04-09,2,41.85
2027-04-09,3,41.87
2027-04-09,4,41.95
2027-04-09,5,42.23
2027-04-09,6,42.99
2027-04-09,7,44.71
2027-04-09,8,47.91
2027-04-09,9,52.71
2027-04-09,10,58.33
2027-04-09,11,63.02
2027-04-09,12,64.89
2027-04-09,13,63.2
2027-04-09,14,59.07
2027-04-09,15,54.98
2027-04-09,16,53.34
2027-04-09,17,54.86
2027-04-09,18,57.76
2027-04-09,19,58.97
2027-04-09,20,56.72
2027-04-09,21,52.02
2027-04-09,22,47.28
2027-04-09,23,44.11
2027-04-09,24,42.58
2027-04-10,1,22.93
2027-04-10,2,22.93
2027-04-10,3,22.95
2027-04-10,4,22.99
2027-04-10,5,23.14
2027-04-10,6,23.56
2027-04-10,7,24.5
2027-04-10,8,26.26
2027-04-10,9,28.89
2027-04-10,10,31.97
2027-04-10,11,34.54
2027-04-10,12,35.56
2027-04-10,13,34.64
2027-04-10,14,32.37
2027-04-10,15,30.13
2027-04-10,16,29.23
2027-04-10,17,30.07
2027-04-10,18,31.65
2027-04-10,19,32.32
2027-04-10,20,31.09
2027-04-10,21,28.51
2027-04-10,22,25.91
2027-04-10,23,24.17
2027-04-10,24,23.33
2027-04-11,1,22.85
2027-04-11,2,22.85
2027-04-11,3,22.86
2027-04-11,4,22.91
2027-04-11,5,23.06
2027-04-11,6,23.48
2027-04-11,7,24.41
2027-04-11,8,26.16
2027-04-11,9,28.79
2027-04-11,10,31.85
2027-04-11,11,34.42
2027-04-11,12,35.44
2027-04-11,13,34.51
2027-04-11,14,32.26
2027-04-11,15,30.02
2027-04-11,16,29.13
2027-04-11,17,29.96
2027-04-11,18,31.54
2027-04-11,19,32.2
2027-04-11,20,30.98
2027-04-11,21,28.41
2027-04-11,22,25.82
2027-04-11,23,24.09
2027-04-11,24,23.25
2027-04-12,1,41.4
2027-04-12,2,41.4
2027-04-12,3,41.42
2027-04-12,4,41.51
2027-04-12,5,41.78
2027-04-12,6,42.53
2027-04-12,7,44.23
2027-04-12,8,47.4
2027-04-12,9,52.15
2027-04-12,10,57.71
2027-04-12,11,62.35
2027-04-12,12,64.2
2027-04-12,13,62.53
2027-04-12,14,58.44
2027-04-12,15,54.39
2027-04-12,16,52.77
2027-04-12,17,54.27
2027-04-12,18,57.14
2027-04-12,19,58.34
2027-04-12,20,56.12
2027-04-12,21,51.46
2027-04-12,22,46.78
2027-04-12,23,43.64
2027-04-12,24,42.12
2027-04-13,1,41.25
2027-04-13,2,41.25
2027-04-13,3,41.27
2027-04-13,4,41.36
2027-04-13,5,41.63
2027-04-13,6,42.37
2027-04-13,7,44.07
2027-04-13,8,47.23
2027-04-13,9,51.96
2027-04-13,10,57.5
2027-04-13,11,62.12
2027-04-13,12,63.97
2027-04-13,13,62.3
2027-04-13,14,58.22
2027-04-13,15,54.19
2027-04-13,16,52.58
2027-04-13,17,54.08
2027-04-13,18,56.93
2027-04-13,19,58.13
2027-04-13,20,55.91
2027-04-13,21,51.28
2027-04-13,22,46.61
2027-04-13,23,43.48
2027-04-13,24,41.97
2027-04-14,1,41.1
2027-04-14,2,41.1
2027-04-14,3,41.12
2027-04-14,4,41.2
2027-04-14,5,41.48
2027-04-14,6,42.22
2027-04-14,7,43.91
2027-04-14,8,47.05
2027-04-14,9,51.77
2027-04-14,10,57.29
2027-04-14,11,61.9
2027-04-14,12,63.73
2027-04-14,13,62.07
2027-04-14,14,58.01
2027-04-14,15,54.0
2027-04-14,16,52.39
2027-04-14,17,53.88
2027-04-14,18,56.73
2027-04-14,19,57.91
2027-04-14,20,55.71
2027-04-14,21,51.09
2027-04-14,22,46.44
2027-04-14,23,43.32
2027-04-14,24,41.82
2027-04-15,1,40.95
2027-04-15,2,40.95
2027-04-15,3,40.97
2027-04-15,4,41.05
2027-04-15,5,41.32
2027-04-15,6,42.07
2027-04-15,7,43.75
2027-04-15,8,46.88
2027-04-15,9,51.58
2027-04-15,10,57.08
2027-04-15,11,61.67
2027-04-15,12,63.5
2027-04-15,13,61.85
2027-04-15,14,57.8
2027-04-15,15,53.8
2027-04-15,16,52.2
2027-04-15,17,53.68
2027-04-15,18,56.52
2027-04-15,19,57.7
2027-04-15,20,55.51
2027-04-15,21,50.91
2027-04-15,22,46.27
2027-04-15,23,43.16
2027-04-15,24,41.66
2027-04-16,1,40.8
2027-04-16,2,40.8
2027-04-16,3,40.82
2027-04-16,4,40.9
2027-04-16,5,41.17
2027-04-16,6,41.91
2027-04-16,7,43.59
2027-04-16,8,46.71
2027-04-16,9,51.39
2027-04-16,10,56.87
2027-04-16,11,61.44
2027-04-16,12,63.27
2027-04-16,13,61.62
2027-04-16,14,57.59
2027-04-16,15,53.6
2027-04-16,16,52.01
2027-04-16,17,53.49
2027-04-16,18,56.31
2027-04-16,19,57.49
2027-04-16,20,55.3
2027-04-16,21,50.72
2027-04-16,22,46.1
2027-04-16,23,43.0
2027-04-16,24,41.51
2027-04-17,1,22.35
2027-04-17,2,22.36
2027-04-17,3,22.37
2027-04-17,4,22.41
2027-04-17,5,22.56
2027-04-17,6,22.97
2027-04-17,7,23.88
2027-04-17,8,25.59
2027-04-17,9,28.16
2027-04-17,10,31.16
2027-04-17,11,33.67
2027-04-17,12,34.67
2027-04-17,13,33.76
2027-04-17,14,31.56
2027-04-17,15,29.37
2027-04-17,16,28.5
2027-04-17,17,29.31
2027-04-17,18,30.86
2027-04-17,19,31.5
2027-04-17,20,30.3
2027-04-17,21,27.79
2027-04-17,22,25.26
2027-04-17,23,23.56
2027-04-17,24,22.75
2027-04-18,1,22.27
2027-04-18,2,22.27
2027-04-18,3,22.28
2027-04-18,4,22.33
2027-04-18,5,22.48
2027-04-18,6,22.88
2027-04-18,7,23.8
2027-04-18,8,25.5
2027-04-18,9,28.06
2027-04-18,10,31.05
2027-04-18,11,33.54
2027-04-18,12,34.54
2027-04-18,13,33.64
2027-04-18,14,31.44
2027-04-18,15,29.26
2027-04-18,16,28.39
2027-04-18,17,29.2
2027-04-18,18,30.74
2027-04-18,19,31.39
2027-04-18,20,30.19
2027-04-18,21,27.69
2027-04-18,22,25.17
2027-04-18,23,23.48
2027-04-18,24,22.66
2027-04-19,1,40.34
2027-04-19,2,40.35
2027-04-19,3,40.37
2027-04-19,4,40.45
2027-04-19,5,40.71
2027-04-19,6,41.45
2027-04-19,7,43.1
2027-04-19,8,46.19
2027-04-19,9,50.82
2027-04-19,10,56.24
2027-04-19,11,60.76
2027-04-19,12,62.56
2027-04-19,13,60.93
2027-04-19,14,56.95
2027-04-19,15,53.01
2027-04-19,16,51.43
2027-04-19,17,52.89
2027-04-19,18,55.69
2027-04-19,19,56.85
2027-04-19,20,54.69
2027-04-19,21,50.15
2027-04-19,22,45.58
2027-04-19,23,42.53
2027-04-19,24,41.05
2027-04-20,1,40.19
2027-04-20,2,40.19
2027-04-20,3,40.22
2027-04-20,4,40.3
2027-04-20,5,40.56
2027-04-20,6,41.29
2027-04-20,7,42.94
2027-04-20,8,46.02
2027-04-20,9,50.63
2027-04-20,10,56.03
2027-04-20,11,60.53
2027-04-20,12,62.33
2027-04-20,13,60.7
2027-04-20,14,56.73
2027-04-20,15,52.81
2027-04-20,16,51.23
2027-04-20,17,52.69
2027-04-20,18,55.48
2027-04-20,19,56.64
2027-04-20,20,54.48
2027-04-20,21,49.97
2027-04-20,22,45.41
2027-04-20,23,42.37
2027-04-20,24,40.9
2027-04-21,1,40.04
2027-04-21,2,40.04
2027-04-21,3,40.06
2027-04-21,4,40.14
2027-04-21,5,40.41
2027-04-21,6,41.13
2027-04-21,7,42.78
2027-04-21,8,45.84
2027-04-21,9,50.44
2027-04-21,10,55.82
2027-04-21,11,60.3
2027-04-21,12,62.09
2027-04-21,13,60.48
2027-04-21,14,56.52
2027-04-21,15,52.61
2027-04-21,16,51.04
2027-04-21,17,52.49
2027-04-21,18,55.27
2027-04-21,19,56.42
2027-04-21,20,54.28
2027-04-21,21,49.78
2027-04-21,22,45.24
2027-04-21,23,42.21
2027-04-21,24,40.74
2027-04-22,1,39.89
2027-04-22,2,39.89
2027-04-22,3,39.91
2027-04-22,4,39.99
2027-04-22,5,40.26
2027-04-22,6,40.98
2027-04-22,7,42.62
2027-04-22,8,45.67
2027-04-22,9,50.25
2027-04-22,10,55.61
2027-04-22,11,60.08
2027-04-22,12,61.86
2027-04-22,13,60.25
2027-04-22,14,56.31
2027-04-22,15,52.41
2027-04-22,16,50.85
2027-04-22,17,52.29
2027-04-22,18,55.06
2027-04-22,19,56.21
2027-04-22,20,54.07
2027-04-22,21,49.59
2027-04-22,22,45.07
2027-04-22,23,42.05
2027-04-22,24,40.59
2027-04-23,1,39.74
2027-04-23,2,39.74
2027-04-23,3,39.76
2027-04-23,4,39.84
2027-04-23,5,40.1
2027-04-23,6,40.82
2027-04-23,7,42.46
2027-04-23,8,45.5
2027-04-23,9,50.06
2027-04-23,10,55.39
2027-04-23,11,59.85
2027-04-23,12,61.62
2027-04-23,13,60.02
2027-04-23,14,56.09
2027-04-23,15,52.21
2027-04-23,16,50.66
2027-04-23,17,52.1
2027-04-23,18,54.85
2027-04-23,19,56.0
2027-04-23,20,53.87
2027-04-23,21,49.4
2027-04-23,22,44.9
2027-04-23,23,41.89
2027-04-23,24,40.43
2027-04-24,1,21.77
2027-04-24,2,21.77
2027-04-24,3,21.78
2027-04-24,4,21.83
2027-04-24,5,21.97
2027-04-24,6,22.37
2027-04-24,7,23.26
2027-04-24,8,24.93
2027-04-24,9,27.43
2027-04-24,10,30.35
2027-04-24,11,32.79
2027-04-24,12,33.76
2027-04-24,13,32.88
2027-04-24,14,30.73
2027-04-24,15,28.61
2027-04-24,16,27.75
2027-04-24,17,28.54
2027-04-24,18,30.05
2027-04-24,19,30.68
2027-04-24,20,29.51
2027-04-24,21,27.07
2027-04-24,22,24.6
2027-04-24,23,22.95
2027-04-24,24,22.15
2027-04-25,1,21.69
2027-04-25,2,21.69
2027-04-25,3,21.7
2027-04-25,4,21.75
2027-04-25,5,21.89
2027-04-25,6,22.28
2027-04-25,7,23.17
2027-04-25,8,24.83
2027-04-25,9,27.32
2027-04-25,10,30.24
2027-04-25,11,32.67
2027-04-25,12,33.64
2027-04-25,13,32.76
2027-04-25,14,30.62
2027-04-25,15,28.5
2027-04-25,16,27.65
2027-04-25,17,28.43
2027-04-25,18,29.94
2027-04-25,19,30.56
2027-04-25,20,29.4
2027-04-25,21,26.96
2027-04-25,22,24.51
2027-04-25,23,22.86
2027-04-25,24,22.07
2027-04-26,1,39.28
2027-04-26,2,39.29
2027-04-26,3,39.31
2027-04-26,4,39.39
2027-04-26,5,39.65
2027-04-26,6,40.36
2027-04-26,7,41.97
2027-04-26,8,44.98
2027-04-26,9,49.49
2027-04-26,10,54.76
2027-04-26,11,59.16
2027-04-26,12,60.92
2027-04-26,13,59.33
2027-04-26,14,55.45
2027-04-26,15,51.61
2027-04-26,16,50.08
2027-04-26,17,51.5
2027-04-26,18,54.22
2027-04-26,19,55.36
2027-04-26,20,53.25
2027-04-26,21,48.84
2027-04-26,22,44.39
2027-04-26,23,41.41
2027-04-26,24,39.97
2027-04-27,1,39.13
2027-04-27,2,39.14
2027-04-27,3,39.16
2027-04-27,4,39.23
2027-04-27,5,39.49
2027-04-27,6,40.2
2027-04-27,7,41.81
2027-04-27,8,44.8
2027-04-27,9,49.3
2027-04-27,10,54.55
2027-04-27,11,58.94
2027-04-27,12,60.69
2027-04-27,13,59.11
2027-04-27,14,55.24
2027-04-27,15,51.41
2027-04-27,16,49.88
2027-04-27,17,51.3
2027-04-27,18,54.01
2027-04-27,19,55.15
2027-04-27,20,53.05
2027-04-27,21,48.65
2027-04-27,22,44.22
2027-04-27,23,41.25
2027-04-27,24,39.82
2027-04-28,1,38.98
2027-04-28,2,38.98
2027-04-28,3,39.0
2027-04-28,4,39.08
2027-04-28,5,39.34
2027-04-28,6,40.05
2027-04-28,7,41.65
2027-04-28,8,44.63
2027-04-28,9,49.11
2027-04-28,10,54.34
2027-04-28,11,58.71
2027-04-28,12,60.45
2027-04-28,13,58.88
2027-04-28,14,55.03
2027-04-28,15,51.22
2027-04-28,16,49.69
2027-04-28,17,51.11
2027-04-28,18,53.81
2027-04-28,19,54.93
2027-04-28,20,52.84
2027-04-28,21,48.46
2027-04-28,22,44.05
2027-04-28,23,41.09
2027-04-28,24,39.66
2027-04-29,1,38.83
2027-04-29,2,38.83
2027-04-29,3,38.85
2027-04-29,4,38.93
2027-04-29,5,39.19
2027-04-29,6,39.89
2027-04-29,7,41.49
2027-04-29,8,44.46
2027-04-29,9,48.92
2027-04-29,10,54.13
2027-04-29,11,58.48
2027-04-29,12,60.22
2027-04-29,13,58.65
2027-04-29,14,54.81
2027-04-29,15,51.02
2027-04-29,16,49.5
2027-04-29,17,50.91
2027-04-29,18,53.6
2027-04-29,19,54.72
2027-04-29,20,52.64
2027-04-29,21,48.27
2027-04-29,22,43.88
2027-04-29,23,40.93
2027-04-29,24,39.51
2027-04-30,1,38.68
2027-04-30,2,38.68
2027-04-30,3,38.7
2027-04-30,4,38.78
2027-04-30,5,39.04
2027-04-30,6,39.74
2027-04-30,7,41.33
2027-04-30,8,44.29
2027-04-30,9,48.73
2027-04-30,10,53.92
2027-04-30,11,58.26
2027-04-30,12,59.99
2027-04-30,13,58.42
2027-04-30,14,54.6
2027-04-30,15,50.82
2027-04-30,16,49.31
2027-04-30,17,50.71
2027-04-30,18,53.39
2027-04-30,19,54.51
2027-04-30,20,52.44
2027-04-30,21,48.09
2027-04-30,22,43.71
2027-04-30,23,40.77
2027-04-30,24,39.36
2027-05-01,1,21.19
2027-05-01,2,21.19
2027-05-01,3,21.21
2027-05-01,4,21.25
2027-05-01,5,21.39
2027-05-01,6,21.77
2027-05-01,7,22.64
2027-05-01,8,24.26
2027-05-01,9,26.7
2027-05-01,10,29.54
2027-05-01,11,31.92
2027-05-01,12,32.87
2027-05-01,13,32.01
2027-05-01,14,29.92
2027-05-01,15,27.84
2027-05-01,16,27.02
2027-05-01,17,27.78
2027-05-01,18,29.25
2027-05-01,19,29.86
2027-05-01,20,28.73
2027-05-01,21,26.35
2027-05-01,22,23.95
2027-05-01,23,22.34
2027-05-01,24,21.56
2027-05-02,1,21.11
2027-05-02,2,21.11
2027-05-02,3,21.12
2027-05-02,4,21.17
2027-05-02,5,21.31
2027-05-02,6,21.69
2027-05-02,7,22.56
2027-05-02,8,24.17
2027-05-02,9,26.59
2027-05-02,10,29.43
2027-05-02,11,31.79
2027-05-02,12,32.74
2027-05-02,13,31.89
2027-05-02,14,29.8
2027-05-02,15,27.74
2027-05-02,16,26.91
2027-05-02,17,27.68
2027-05-02,18,29.14
2027-05-02,19,29.75
2027-05-02,20,28.62
2027-05-02,21,26.24
2027-05-02,22,23.85
2027-05-02,23,22.25
2027-05-02,24,21.48
2027-05-03,1,38.23
2027-05-03,2,38.24
2027-05-03,3,38.26
2027-05-03,4,38.33
2027-05-03,5,38.59
2027-05-03,6,39.28
2027-05-03,7,40.85
2027-05-03,8,43.78
2027-05-03,9,48.16
2027-05-03,10,53.3
2027-05-03,11,57.58
2027-05-03,12,59.29
2027-05-03,13,57.75
2027-05-03,14,53.97
2027-05-03,15,50.23
2027-05-03,16,48.74
2027-05-03,17,50.13
2027-05-03,18,52.77
2027-05-03,19,53.88
2027-05-03,20,51.83
2027-05-03,21,47.53
2027-05-03,22,43.2
2027-05-03,23,40.3
2027-05-03,24,38.9
2027-05-04,1,38.08
2027-05-04,2,38.09
2027-05-04,3,38.11
2027-05-04,4,38.19
2027-05-04,5,38.44
2027-05-04,6,39.13
2027-05-04,7,40.69
2027-05-04,8,43.61
2027-05-04,9,47.98
2027-05-04,10,53.09
2027-05-04,11,57.36
2027-05-04,12,59.06
2027-05-04,13,57.52
2027-05-04,14,53.76
2027-05-04,15,50.04
2027-05-04,16,48.55
2027-05-04,17,49.93
2027-05-04,18,52.57
2027-05-04,19,53.67
2027-05-04,20,51.63
2027-05-04,21,47.35
2027-05-04,22,43.03
2027-05-04,23,40.15
2027-05-04,24,38.75
2027-05-05,1,37.94
2027-05-05,2,37.94
2027-05-05,3,37.96
2027-05-05,4,38.04
2027-05-05,5,38.29
2027-05-05,6,38.98
2027-05-05,7,40.53
2027-05-05,8,43.44
2027-05-05,9,47.79
2027-05-05,10,52.89
2027-05-05,11,57.14
2027-05-05,12,58.83
2027-05-05,13,57.3
2027-05-05,14,53.55
2027-05-05,15,49.85
2027-05-05,16,48.36
2027-05-05,17,49.74
2027-05-05,18,52.37
2027-05-05,19,53.46
2027-05-05,20,51.43
2027-05-05,21,47.16
2027-05-05,22,42.87
2027-05-05,23,39.99
2027-05-05,24,38.6
2027-05-06,1,37.79
2027-05-06,2,37.79
2027-05-06,3,37.81
2027-05-06,4,37.89
2027-05-06,5,38.14
2027-05-06,6,38.82
2027-05-06,7,40.38
2027-05-06,8,43.27
2027-05-06,9,47.61
2027-05-06,10,52.68
2027-05-06,11,56.92
2027-05-06,12,58.61
2027-05-06,13,57.08
2027-05-06,14,53.35
2027-05-06,15,49.65
2027-05-06,16,48.18
2027-05-06,17,49.55
2027-05-06,18,52.16
2027-05-06,19,53.26
2027-05-06,20,51.23
2027-05-06,21,46.98
2027-05-06,22,42.7
2027-05-06,23,39.84
2027-05-06,24,38.45
2027-05-07,1,37.64
2027-05-07,2,37.65
2027-05-07,3,37.67
2027-05-07,4,37.74
2027-05-07,5,37.99
2027-05-07,6,38.67
2027-05-07,7,40.22
2027-05-07,8,43.1
2027-05-07,9,47.42
2027-05-07,10,52.48
2027-05-07,11,56.7
2027-05-07,12,58.38
2027-05-07,13,56.86
2027-05-07,14,53.14
2027-05-07,15,49.46
2027-05-07,16,47.99
2027-05-07,17,49.35
2027-05-07,18,51.96
2027-05-07,19,53.05
2027-05-07,20,51.03
2027-05-07,21,46.8
2027-05-07,22,42.54
2027-05-07,23,39.68
2027-05-07,24,38.3
2027-05-08,1,20.62
2027-05-08,2,20.63
2027-05-08,3,20.64
2027-05-08,4,20.68
2027-05-08,5,20.81
2027-05-08,6,21.19
2027-05-08,7,22.04
2027-05-08,8,23.61
2027-05-08,9,25.98
2027-05-08,10,28.75
2027-05-08,11,31.06
2027-05-08,12,31.98
2027-05-08,13,31.15
2027-05-08,14,29.11
2027-05-08,15,27.1
2027-05-08,16,26.29
2027-05-08,17,27.04
2027-05-08,18,28.47
2027-05-08,19,29.06
2027-05-08,20,27.96
2027-05-08,21,25.64
2027-05-08,22,23.3
2027-05-08,23,21.74
2027-05-08,24,20.99
2027-05-09,1,20.54
2027-05-09,2,20.55
2027-05-09,3,20.56
2027-05-09,4,20.6
2027-05-09,5,20.73
2027-05-09,6,21.11
2027-05-09,7,21.95
2027-05-09,8,23.52
2027-05-09,9,25.88
2027-05-09,10,28.64
2027-05-09,11,30.94
2027-05-09,12,31.86
2027-05-09,13,31.03
2027-05-09,14,29.0
2027-05-09,15,26.99
2027-05-09,16,26.19
2027-05-09,17,26.94
2027-05-09,18,28.36
2027-05-09,19,28.95
2027-05-09,20,27.85
2027-05-09,21,25.54
2027-05-09,22,23.21
2027-05-09,23,21.66
2027-05-09,24,20.91
2027-05-10,1,37.21
2027-05-10,2,37.21
2027-05-10,3,37.23
2027-05-10,4,37.31
2027-05-10,5,37.55
2027-05-10,6,38.23
2027-05-10,7,39.76
2027-05-10,8,42.6
2027-05-10,9,46.88
2027-05-10,10,51.87
2027-05-10,11,56.04
2027-05-10,12,57.71
2027-05-10,13,56.2
2027-05-10,14,52.53
2027-05-10,15,48.89
2027-05-10,16,47.44
2027-05-10,17,48.78
2027-05-10,18,51.36
2027-05-10,19,52.44
2027-05-10,20,50.44
2027-05-10,21,46.26
2027-05-10,22,42.05
2027-05-10,23,39.22
2027-05-10,24,37.86
2027-05-11,1,37.07
2027-05-11,2,37.07
2027-05-11,3,37.09
2027-05-11,4,37.16
2027-05-11,5,37.41
2027-05-11,6,38.08
2027-05-11,7,39.6
2027-05-11,8,42.44
2027-05-11,9,46.7
2027-05-11,10,51.67
2027-05-11,11,55.83
2027-05-11,12,57.48
2027-05-11,13,55.99
2027-05-11,14,52.32
2027-05-11,15,48.7
2027-05-11,16,47.25
2027-05-11,17,48.6
2027-05-11,18,51.16
2027-05-11,19,52.24
2027-05-11,20,50.25
2027-05-11,21,46.08
2027-05-11,22,41.88
2027-05-11,23,39.07
2027-05-11,24,37.72
2027-05-12,1,36.92
2027-05-12,2,36.93
2027-05-12,3,36.95
2027-05-12,4,37.02
2027-05-12,5,37.27
2027-05-12,6,37.93
2027-05-12,7,39.45
2027-05-12,8,42.28
2027-05-12,9,46.52
2027-05-12,10,51.47
2027-05-12,11,55.61
2027-05-12,12,57.26
2027-05-12,13,55.77
2027-05-12,14,52.12
2027-05-12,15,48.51
2027-05-12,16,47.07
2027-05-12,17,48.41
2027-05-12,18,50.97
2027-05-12,19,52.03
2027-05-12,20,50.05
2027-05-12,21,45.9
2027-05-12,22,41.72
2027-05-12,23,38.92
2027-05-12,24,37.57
2027-05-13,1,36.78
2027-05-13,2,36.79
2027-05-13,3,36.81
2027-05-13,4,36.88
2027-05-13,5,37.12
2027-05-13,6,37.79
2027-05-13,7,39.3
2027-05-13,8,42.11
2027-05-13,9,46.34
2027-05-13,10,51.28
2027-05-13,11,55.4
2027-05-13,12,57.04
2027-05-13,13,55.56
2027-05-13,14,51.92
2027-05-13,15,48.33
2027-05-13,16,46.89
2027-05-13,17,48.22
2027-05-13,18,50.77
2027-05-13,19,51.84
2027-05-13,20,49.86
2027-05-13,21,45.73
2027-05-13,22,41.56
2027-05-13,23,38.77
2027-05-13,24,37.43
2027-05-14,1,36.64
2027-05-14,2,36.65
2027-05-14,3,36.66
2027-05-14,4,36.74
2027-05-14,5,36.98
2027-05-14,6,37.64
2027-05-14,7,39.15
2027-05-14,8,41.95
2027-05-14,9,46.16
2027-05-14,10,51.08
2027-05-14,11,55.19
2027-05-14,12,56.83
2027-05-14,13,55.35
2027-05-14,14,51.73
2027-05-14,15,48.14
2027-05-14,16,46.71
2027-05-14,17,48.04
2027-05-14,18,50.58
2027-05-14,19,51.64
2027-05-14,20,49.67
2027-05-14,21,45.55
2027-05-14,22,41.4
2027-05-14,23,38.63
2027-05-14,24,37.29
2027-05-15,1,20.08
2027-05-15,2,20.08
2027-05-15,3,20.09
2027-05-15,4,20.13
2027-05-15,5,20.26
2027-05-15,6,20.63
2027-05-15,7,21.45
2027-05-15,8,22.99
2027-05-15,9,25.29
2027-05-15,10,27.99
2027-05-15,11,30.24
2027-05-15,12,31.14
2027-05-15,13,30.32
2027-05-15,14,28.34
2027-05-15,15,26.38
2027-05-15,16,25.59
2027-05-15,17,26.32
2027-05-15,18,27.71
2027-05-15,19,28.29
2027-05-15,20,27.22
2027-05-15,21,24.96
2027-05-15,22,22.69
2027-05-15,23,21.16
2027-05-15,24,20.43
2027-05-16,1,20.0
2027-05-16,2,20.0
2027-05-16,3,20.01
2027-05-16,4,20.05
2027-05-16,5,20.19
2027-05-16,6,20.55
2027-05-16,7,21.37
2027-05-16,8,22.9
2027-05-16,9,25.2
2027-05-16,10,27.88
2027-05-16,11,30.12
2027-05-16,12,31.02
2027-05-16,13,30.21
2027-05-16,14,28.23
2027-05-16,15,26.28
2027-05-16,16,25.5
2027-05-16,17,26.22
2027-05-16,18,27.61
2027-05-16,19,28.18
2027-05-16,20,27.11
2027-05-16,21,24.86
2027-05-16,22,22.6
2027-05-16,23,21.08
2027-05-16,24,20.35
2027-05-17,1,36.23
2027-05-17,2,36.23
2027-05-17,3,36.25
2027-05-17,4,36.32
2027-05-17,5,36.56
2027-05-17,6,37.22
2027-05-17,7,38.71
2027-05-17,8,41.48
2027-05-17,9,45.64
2027-05-17,10,50.5
2027-05-17,11,54.56
2027-05-17,12,56.18
2027-05-17,13,54.72
2027-05-17,14,51.14
2027-05-17,15,47.6
2027-05-17,16,46.18
2027-05-17,17,47.5
2027-05-17,18,50.01
2027-05-17,19,51.05
2027-05-17,20,49.11
2027-05-17,21,45.04
2027-05-17,22,40.93
2027-05-17,23,38.19
2027-05-17,24,36.86
2027-05-18,1,36.09
2027-05-18,2,36.09
2027-05-18,3,36.11
2027-05-18,4,36.19
2027-05-18,5,36.42
2027-05-18,6,37.08
2027-05-18,7,38.56
2027-05-18,8,41.32
2027-05-18,9,45.47
2027-05-18,10,50.31
2027-05-18,11,54.36
2027-05-18,12,55.97
2027-05-18,13,54.51
2027-05-18,14,50.95
2027-05-18,15,47.42
2027-05-18,16,46.01
2027-05-18,17,47.32
2027-05-18,18,49.82
2027-05-18,19,50.86
2027-05-18,20,48.92
2027-05-18,21,44.87
2027-05-18,22,40.78
2027-05-18,23,38.04
2027-05-18,24,36.72
2027-05-19,1,35.96
2027-05-19,2,35.96
2027-05-19,3,35.98
2027-05-19,4,36.05
2027-05-19,5,36.29
2027-05-19,6,36.94
2027-05-19,7,38.42
2027-05-19,8,41.17
2027-05-19,9,45.3
2027-05-19,10,50.12
2027-05-19,11,54.15
2027-05-19,12,55.76
2027-05-19,13,54.31
2027-05-19,14,50.76
2027-05-19,15,47.24
2027-05-19,16,45.84
2027-05-19,17,47.14
2027-05-19,18,49.63
2027-05-19,19,50.67
2027-05-19,20,48.74
2027-05-19,21,44.7
2027-05-19,22,40.63
2027-05-19,23,37.9
2027-05-19,24,36.59
2027-05-20,1,35.82
2027-05-20,2,35.83
2027-05-20,3,35.84
2027-05-20,4,35.92
2027-05-20,5,36.15
2027-05-20,6,36.8
2027-05-20,7,38.27
2027-05-20,8,41.01
2027-05-20,9,45.13
2027-05-20,10,49.94
2027-05-20,11,53.95
2027-05-20,12,55.55
2027-05-20,13,54.11
2027-05-20,14,50.57
2027-05-20,15,47.07
2027-05-20,16,45.67
2027-05-20,17,46.96
2027-05-20,18,49.45
2027-05-20,19,50.48
2027-05-20,20,48.56
2027-05-20,21,44.53
2027-05-20,22,40.48
2027-05-20,23,37.76
2027-05-20,24,36.45
2027-05-21,1,35.69
2027-05-21,2,35.69
2027-05-21,3,35.71
2027-05-21,4,35.78
2027-05-21,5,36.02
2027-05-21,6,36.66
2027-05-21,7,38.13
2027-05-21,8,40.86
2027-05-21,9,44.96
2027-05-21,10,49.75
2027-05-21,11,53.75
2027-05-21,12,55.35
2027-05-21,13,53.91
2027-05-21,14,50.38
2027-05-21,15,46.89
2027-05-21,16,45.5
2027-05-21,17,46.79
2027-05-21,18,49.26
2027-05-21,19,50.29
2027-05-21,20,48.38
2027-05-21,21,44.37
2027-05-21,22,40.33
2027-05-21,23,37.62
2027-05-21,24,36.32
2027-05-22,1,19.56
2027-05-22,2,19.56
2027-05-22,3,19.57
2027-05-22,4,19.61
2027-05-22,5,19.74
2027-05-22,6,20.09
2027-05-22,7,20.9
2027-05-22,8,22.39
2027-05-22,9,24.64
2027-05-22,10,27.26
2027-05-22,11,29.45
2027-05-22,12,30.33
2027-05-22,13,29.54
2027-05-22,14,27.61
2027-05-22,15,25.7
2027-05-22,16,24.93
2027-05-22,17,25.64
2027-05-22,18,26.99
2027-05-22,19,27.56
2027-05-22,20,26.51
2027-05-22,21,24.31
2027-05-22,22,22.1
2027-05-22,23,20.62
2027-05-22,24,19.9
2027-05-23,1,19.48
2027-05-23,2,19.49
2027-05-23,3,19.5
2027-05-23,4,19.54
2027-05-23,5,19.67
2027-05-23,6,20.02
2027-05-23,7,20.82
2027-05-23,8,22.31
2027-05-23,9,24.55
2027-05-23,10,27.16
2027-05-23,11,29.35
2027-05-23,12,30.22
2027-05-23,13,29.43
2027-05-23,14,27.51
2027-05-23,15,25.6
2027-05-23,16,24.84
2027-05-23,17,25.55
2027-05-23,18,26.9
2027-05-23,19,27.46
2027-05-23,20,26.41
2027-05-23,21,24.22
2027-05-23,22,22.02
2027-05-23,23,20.54
2027-05-23,24,19.83
2027-05-24,1,35.3
2027-05-24,2,35.3
2027-05-24,3,35.32
2027-05-24,4,35.39
2027-05-24,5,35.62
2027-05-24,6,36.26
2027-05-24,7,37.71
2027-05-24,8,40.41
2027-05-24,9,44.47
2027-05-24,10,49.21
2027-05-24,11,53.16
2027-05-24,12,54.74
2027-05-24,13,53.32
2027-05-24,14,49.83
2027-05-24,15,46.38
2027-05-24,16,45.0
2027-05-24,17,46.28
2027-05-24,18,48.72
2027-05-24,19,49.74
2027-05-24,20,47.85
2027-05-24,21,43.88
2027-05-24,22,39.89
2027-05-24,23,37.21
2027-05-24,24,35.92
2027-05-25,1,35.17
2027-05-25,2,35.17
2027-05-25,3,35.19
2027-05-25,4,35.26
2027-05-25,5,35.5
2027-05-25,6,36.13
2027-05-25,7,37.58
2027-05-25,8,40.27
2027-05-25,9,44.31
2027-05-25,10,49.03
2027-05-25,11,52.97
2027-05-25,12,54.54
2027-05-25,13,53.12
2027-05-25,14,49.65
2027-05-25,15,46.21
2027-05-25,16,44.84
2027-05-25,17,46.11
2027-05-25,18,48.55
2027-05-25,19,49.56
2027-05-25,20,47.68
2027-05-25,21,43.73
2027-05-25,22,39.74
2027-05-25,23,37.07
2027-05-25,24,35.79
2027-05-26,1,35.05
2027-05-26,2,35.05
2027-05-26,3,35.07
2027-05-26,4,35.14
2027-05-26,5,35.37
2027-05-26,6,36.0
2027-05-26,7,37.44
2027-05-26,8,40.12
2027-05-26,9,44.15
2027-05-26,10,48.86
2027-05-26,11,52.78
2027-05-26,12,54.35
2027-05-26,13,52.93
2027-05-26,14,49.47
2027-05-26,15,46.05
2027-05-26,16,44.68
2027-05-26,17,45.95
2027-05-26,18,48.37
2027-05-26,19,49.39
2027-05-26,20,47.51
2027-05-26,21,43.57
2027-05-26,22,39.6
2027-05-26,23,36.94
2027-05-26,24,35.66
2027-05-27,1,34.92
2027-05-27,2,34.92
2027-05-27,3,34.94
2027-05-27,4,35.01
2027-05-27,5,35.24
2027-05-27,6,35.88
2027-05-27,7,37.31
2027-05-27,8,39.98
2027-05-27,9,43.99
2027-05-27,10,48.68
2027-05-27,11,52.59
2027-05-27,12,54.16
2027-05-27,13,52.75
2027-05-27,14,49.3
2027-05-27,15,45.88
2027-05-27,16,44.52
2027-05-27,17,45.78
2027-05-27,18,48.2
2027-05-27,19,49.21
2027-05-27,20,47.34
2027-05-27,21,43.41
2027-05-27,22,39.46
2027-05-27,23,36.81
2027-05-27,24,35.53
2027-05-28,1,34.8
2027-05-28,2,34.8
2027-05-28,3,34.82
2027-05-28,4,34.89
2027-05-28,5,35.12
2027-05-28,6,35.75
2027-05-28,7,37.18
2027-05-28,8,39.84
2027-05-28,9,43.84
2027-05-28,10,48.51
2027-05-28,11,52.41
2027-05-28,12,53.97
2027-05-28,13,52.56
2027-05-28,14,49.12
2027-05-28,15,45.72
2027-05-28,16,44.36
2027-05-28,17,45.62
2027-05-28,18,48.03
2027-05-28,19,49.04
2027-05-28,20,47.17
2027-05-28,21,43.26
2027-05-28,22,39.32
2027-05-28,23,36.68
2027-05-28,24,35.41
2027-05-29,1,19.07
2027-05-29,2,19.07
2027-05-29,3,19.08
2027-05-29,4,19.12
2027-05-29,5,19.25
2027-05-29,6,19.59
2027-05-29,7,20.38
2027-05-29,8,21.84
2027-05-29,9,24.03
2027-05-29,10,26.59
2027-05-29,11,28.72
2027-05-29,12,29.58
2027-05-29,13,28.81
2027-05-29,14,26.92
2027-05-29,15,25.06
2027-05-29,16,24.31
2027-05-29,17,25.0
2027-05-29,18,26.33
2027-05-29,19,26.88
2027-05-29,20,25.85
2027-05-29,21,23.71
2027-05-29,22,21.55
2027-05-29,23,20.1
2027-05-29,24,19.41
2027-05-30,1,19.01
2027-05-30,2,19.01
2027-05-30,3,19.02
2027-05-30,4,19.06
2027-05-30,5,19.18
2027-05-30,6,19.53
2027-05-30,7,20.31
2027-05-30,8,21.76
2027-05-30,9,23.94
2027-05-30,10,26.5
2027-05-30,11,28.63
2027-05-30,12,29.48
2027-05-30,13,28.71
2027-05-30,14,26.83
2027-05-30,15,24.97
2027-05-30,16,24.23
2027-05-30,17,24.92
2027-05-30,18,26.24
2027-05-30,19,26.78
2027-05-30,20,25.77
2027-05-30,21,23.63
2027-05-30,22,21.48
2027-05-30,23,20.03
2027-05-30,24,19.34
2027-05-31,1,34.44
2027-05-31,2,34.44
2027-05-31,3,34.46
2027-05-31,4,34.53
2027-05-31,5,34.76
2027-05-31,6,35.38
2027-05-31,7,36.8
2027-05-31,8,39.43
2027-05-31,9,43.38
2027-05-31,10,48.01
2027-05-31,11,51.87
2027-05-31,12,53.41
2027-05-31,13,52.02
2027-05-31,14,48.61
2027-05-31,15,45.25
2027-05-31,16,43.9
2027-05-31,17,45.15
2027-05-31,18,47.54
2027-05-31,19,48.53
2027-05-31,20,46.69
2027-05-31,21,42.81
2027-05-31,22,38.91
2027-05-31,23,36.3
2027-05-31,24,35.04
2027-06-01,1,34.32
2027-06-01,2,34.33
2027-06-01,3,34.34
2027-06-01,4,34.41
2027-06-01,5,34.64
2027-06-01,6,35.26
2027-06-01,7,36.67
2027-06-01,8,39.3
2027-06-01,9,43.24
2027-06-01,10,47.85
2027-06-01,11,51.69
2027-06-01,12,53.23
2027-06-01,13,51.84
2027-06-01,14,48.45
2027-06-01,15,45.1
2027-06-01,16,43.75
2027-06-01,17,45.0
2027-06-01,18,47.38
2027-06-01,19,48.37
2027-06-01,20,46.53
2027-06-01,21,42.67
2027-06-01,22,38.78
2027-06-01,23,36.18
2027-06-01,24,34.92
2027-06-02,1,34.21
2027-06-02,2,34.21
2027-06-02,3,34.23
2027-06-02,4,34.3
2027-06-02,5,34.52
2027-06-02,6,35.14
2027-06-02,7,36.55
2027-06-02,8,39.17
2027-06-02,9,43.09
2027-06-02,10,47.69
2027-06-02,11,51.52
2027-06-02,12,53.05
2027-06-02,13,51.67
2027-06-02,14,48.29
2027-06-02,15,44.94
2027-06-02,16,43.61
2027-06-02,17,44.85
2027-06-02,18,47.22
2027-06-02,19,48.21
2027-06-02,20,46.37
2027-06-02,21,42.53
2027-06-02,22,38.65
2027-06-02,23,36.06
2027-06-02,24,34.81
2027-06-03,1,34.09
2027-06-03,2,34.1
2027-06-03,3,34.11
2027-06-03,4,34.18
2027-06-03,5,34.41
2027-06-03,6,35.03
2027-06-03,7,36.43
2027-06-03,8,39.04
2027-06-03,9,42.95
2027-06-03,10,47.53
2027-06-03,11,51.35
2027-06-03,12,52.87
2027-06-03,13,51.5
2027-06-03,14,48.13
2027-06-03,15,44.8
2027-06-03,16,43.46
2027-06-03,17,44.7
2027-06-03,18,47.06
2027-06-03,19,48.05
2027-06-03,20,46.22
2027-06-03,21,42.39
2027-06-03,22,38.52
2027-06-03,23,35.94
2027-06-03,24,34.69
2027-06-04,1,33.98
2027-06-04,2,33.99
2027-06-04,3,34.0
2027-06-04,4,34.07
2027-06-04,5,34.3
2027-06-04,6,34.91
2027-06-04,7,36.31
2027-06-04,8,38.91
2027-06-04,9,42.81
2027-06-04,10,47.37
2027-06-04,11,51.18
2027-06-04,12,52.7
2027-06-04,13,51.33
2027-06-04,14,47.97
2027-06-04,15,44.65
2027-06-04,16,43.32
2027-06-04,17,44.55
2027-06-04,18,46.91
2027-06-04,19,47.89
2027-06-04,20,46.07
2027-06-04,21,42.25
2027-06-04,22,38.4
2027-06-04,23,35.82
2027-06-04,24,34.58
2027-06-05,1,18.63
2027-06-05,2,18.63
2027-06-05,3,18.64
2027-06-05,4,18.68
2027-06-05,5,18.8
2027-06-05,6,19.14
2027-06-05,7,19.91
2027-06-05,8,21.33
2027-06-05,9,23.47
2027-06-05,10,25.97
2027-06-05,11,28.06
2027-06-05,12,28.89
2027-06-05,13,28.14
2027-06-05,14,26.3
2027-06-05,15,24.48
2027-06-05,16,23.75
2027-06-05,17,24.43
2027-06-05,18,25.72
2027-06-05,19,26.25
2027-06-05,20,25.26
2027-06-05,21,23.16
2027-06-05,22,21.05
2027-06-05,23,19.64
2027-06-05,24,18.96
2027-06-06,1,18.57
2027-06-06,2,18.57
2027-06-06,3,18.58
2027-06-06,4,18.62
2027-06-06,5,18.74
2027-06-06,6,19.08
2027-06-06,7,19.84
2027-06-06,8,21.26
2027-06-06,9,23.39
2027-06-06,10,25.89
2027-06-06,11,27.97
2027-06-06,12,28.8
2027-06-06,13,28.05
2027-06-06,14,26.22
2027-06-06,15,24.4
2027-06-06,16,23.67
2027-06-06,17,24.35
2027-06-06,18,25.63
2027-06-06,19,26.17
2027-06-06,20,25.17
2027-06-06,21,23.09
2027-06-06,22,20.98
2027-06-06,23,19.58
2027-06-06,24,18.9
2027-06-07,1,33.66
2027-06-07,2,33.66
2027-06-07,3,33.68
2027-06-07,4,33.75
2027-06-07,5,33.97
2027-06-07,6,34.58
2027-06-07,7,35.96
2027-06-07,8,38.54
2027-06-07,9,42.4
2027-06-07,10,46.92
2027-06-07,11,50.69
2027-06-07,12,52.2
2027-06-07,13,50.84
2027-06-07,14,47.51
2027-06-07,15,44.22
2027-06-07,16,42.91
2027-06-07,17,44.13
2027-06-07,18,46.46
2027-06-07,19,47.43
2027-06-07,20,45.63
2027-06-07,21,41.85
2027-06-07,22,38.03
2027-06-07,23,35.48
2027-06-07,24,34.25
2027-06-08,1,33.55
2027-06-08,2,33.56
2027-06-08,3,33.58
2027-06-08,4,33.64
2027-06-08,5,33.87
2027-06-08,6,34.47
2027-06-08,7,35.85
2027-06-08,8,38.42
2027-06-08,9,42.27
2027-06-08,10,46.78
2027-06-08,11,50.54
2027-06-08,12,52.04
2027-06-08,13,50.68
2027-06-08,14,47.37
2027-06-08,15,44.09
2027-06-08,16,42.78
2027-06-08,17,43.99
2027-06-08,18,46.32
2027-06-08,19,47.29
2027-06-08,20,45.49
2027-06-08,21,41.72
2027-06-08,22,37.92
2027-06-08,23,35.37
2027-06-08,24,34.14
2027-06-09,1,33.45
2027-06-09,2,33.46
2027-06-09,3,33.47
2027-06-09,4,33.54
2027-06-09,5,33.76
2027-06-09,6,34.37
2027-06-09,7,35.74
2027-06-09,8,38.3
2027-06-09,9,42.14
2027-06-09,10,46.64
2027-06-09,11,50.38
2027-06-09,12,51.88
2027-06-09,13,50.53
2027-06-09,14,47.22
2027-06-09,15,43.95
2027-06-09,16,42.65
2027-06-09,17,43.86
2027-06-09,18,46.18
2027-06-09,19,47.14
2027-06-09,20,45.35
2027-06-09,21,41.59
2027-06-09,22,37.8
2027-06-09,23,35.26
2027-06-09,24,34.04
2027-06-10,1,33.35
2027-06-10,2,33.36
2027-06-10,3,33.37
2027-06-10,4,33.44
2027-06-10,5,33.66
2027-06-10,6,34.26
2027-06-10,7,35.64
2027-06-10,8,38.19
2027-06-10,9,42.02
2027-06-10,10,46.5
2027-06-10,11,50.23
2027-06-10,12,51.72
2027-06-10,13,50.38
2027-06-10,14,47.08
2027-06-10,15,43.82
2027-06-10,16,42.52
2027-06-10,17,43.73
2027-06-10,18,46.04
2027-06-10,19,47.0
2027-06-10,20,45.21
2027-06-10,21,41.46
2027-06-10,22,37.69
2027-06-10,23,35.16
2027-06-10,24,33.94
2027-06-11,1,33.25
2027-06-11,2,33.26
2027-06-11,3,33.27
2027-06-11,4,33.34
2027-06-11,5,33.56
2027-06-11,6,34.16
2027-06-11,7,35.53
2027-06-11,8,38.07
2027-06-11,9,41.89
2027-06-11,10,46.36
2027-06-11,11,50.08
2027-06-11,12,51.57
2027-06-11,13,50.23
2027-06-11,14,46.94
2027-06-11,15,43.69
2027-06-11,16,42.39
2027-06-11,17,43.6
2027-06-11,18,45.9
2027-06-11,19,46.86
2027-06-11,20,45.08
2027-06-11,21,41.34
2027-06-11,22,37.58
2027-06-11,23,35.05
2027-06-11,24,33.84
2027-06-12,1,18.24
2027-06-12,2,18.24
2027-06-12,3,18.25
2027-06-12,4,18.28
2027-06-12,5,18.41
2027-06-12,6,18.74
2027-06-12,7,19.49
2027-06-12,8,20.88
2027-06-12,9,22.97
2027-06-12,10,25.42
2027-06-12,11,27.47
2027-06-12,12,28.28
2027-06-12,13,27.55
2027-06-12,14,25.74
2027-06-12,15,23.96
2027-06-12,16,23.25
2027-06-12,17,23.91
2027-06-12,18,25.17
2027-06-12,19,25.7
2027-06-12,20,24.72
2027-06-12,21,22.67
2027-06-12,22,20.61
2027-06-12,23,19.22
2027-06-12,24,18.56
2027-06-13,1,18.19
2027-06-13,2,18.19
2027-06-13,3,18.2
2027-06-13,4,18.23
2027-06-13,5,18.35
2027-06-13,6,18.68
2027-06-13,7,19.43
2027-06-13,8,20.82
2027-06-13,9,22.91
2027-06-13,10,25.35
2027-06-13,11,27.39
2027-06-13,12,28.2
2027-06-13,13,27.47
2027-06-13,14,25.67
2027-06-13,15,23.89
2027-06-13,16,23.18
2027-06-13,17,23.84
2027-06-13,18,25.1
2027-06-13,19,25.63
2027-06-13,20,24.65
2027-06-13,21,22.61
2027-06-13,22,20.55
2027-06-13,23,19.17
2027-06-13,24,18.5
2027-06-14,1,32.97
2027-06-14,2,32.98
2027-06-14,3,32.99
2027-06-14,4,33.06
2027-06-14,5,33.28
2027-06-14,6,33.87
2027-06-14,7,35.23
2027-06-14,8,37.75
2027-06-14,9,41.54
2027-06-14,10,45.96
2027-06-14,11,49.66
2027-06-14,12,51.13
2027-06-14,13,49.8
2027-06-14,14,46.54
2027-06-14,15,43.32
2027-06-14,16,42.03
2027-06-14,17,43.23
2027-06-14,18,45.51
2027-06-14,19,46.46
2027-06-14,20,44.7
2027-06-14,21,40.99
2027-06-14,22,37.26
2027-06-14,23,34.76
2027-06-14,24,33.55
2027-06-15,1,32.88
2027-06-15,2,32.88
2027-06-15,3,32.9
2027-06-15,4,32.97
2027-06-15,5,33.19
2027-06-15,6,33.78
2027-06-15,7,35.13
2027-06-15,8,37.65
2027-06-15,9,41.42
2027-06-15,10,45.84
2027-06-15,11,49.52
2027-06-15,12,50.99
2027-06-15,13,49.67
2027-06-15,14,46.42
2027-06-15,15,43.2
2027-06-15,16,41.92
2027-06-15,17,43.11
2027-06-15,18,45.39
2027-06-15,19,46.34
2027-06-15,20,44.57
2027-06-15,21,40.88
2027-06-15,22,37.15
2027-06-15,23,34.66
2027-06-15,24,33.46
2027-06-16,1,32.79
2027-06-16,2,32.8
2027-06-16,3,32.81
2027-06-16,4,32.88
2027-06-16,5,33.1
2027-06-16,6,33.69
2027-06-16,7,35.04
2027-06-16,8,37.55
2027-06-16,9,41.31
2027-06-16,10,45.72
2027-06-16,11,49.39
2027-06-16,12,50.86
2027-06-16,13,49.53
2027-06-16,14,46.29
2027-06-16,15,43.09
2027-06-16,16,41.81
2027-06-16,17,42.99
2027-06-16,18,45.27
2027-06-16,19,46.21
2027-06-16,20,44.46
2027-06-16,21,40.77
2027-06-16,22,37.06
2027-06-16,23,34.57
2027-06-16,24,33.37
2027-06-17,1,32.71
2027-06-17,2,32.71
2027-06-17,3,32.73
2027-06-17,4,32.79
2027-06-17,5,33.01
2027-06-17,6,33.6
2027-06-17,7,34.95
2027-06-17,8,37.45
2027-06-17,9,41.2
2027-06-17,10,45.6
2027-06-17,11,49.26
2027-06-17,12,50.72
2027-06-17,13,49.4
2027-06-17,14,46.17
2027-06-17,15,42.97
2027-06-17,16,41.7
2027-06-17,17,42.88
2027-06-17,18,45.15
2027-06-17,19,46.09
2027-06-17,20,44.34
2027-06-17,21,40.66
2027-06-17,22,36.96
2027-06-17,23,34.48
2027-06-17,24,33.28
2027-06-18,1,32.62
2027-06-18,2,32.63
2027-06-18,3,32.64
2027-06-18,4,32.71
2027-06-18,5,32.93
2027-06-18,6,33.52
2027-06-18,7,34.86
2027-06-18,8,37.35
2027-06-18,9,41.1
2027-06-18,10,45.48
2027-06-18,11,49.14
2027-06-18,12,50.59
2027-06-18,13,49.28
2027-06-18,14,46.05
2027-06-18,15,42.86
2027-06-18,16,41.59
2027-06-18,17,42.77
2027-06-18,18,45.03
2027-06-18,19,45.97
2027-06-18,20,44.23
2027-06-18,21,40.56
2027-06-18,22,36.86
2027-06-18,23,34.39
2027-06-18,24,33.2
2027-06-19,1,17.9
2027-06-19,2,17.9
2027-06-19,3,17.91
2027-06-19,4,17.95
2027-06-19,5,18.06
2027-06-19,6,18.39
2027-06-19,7,19.12
2027-06-19,8,20.49
2027-06-19,9,22.55
2027-06-19,10,24.95
2027-06-19,11,26.96
2027-06-19,12,27.76
2027-06-19,13,27.03
2027-06-19,14,25.27
2027-06-19,15,23.52
2027-06-19,16,22.82
2027-06-19,17,23.47
2027-06-19,18,24.71
2027-06-19,19,25.22
2027-06-19,20,24.26
2027-06-19,21,22.25
2027-06-19,22,20.22
2027-06-19,23,18.87
2027-06-19,24,18.21
2027-06-20,1,17.85
2027-06-20,2,17.86
2027-06-20,3,17.87
2027-06-20,4,17.9
2027-06-20,5,18.02
2027-06-20,6,18.34
2027-06-20,7,19.08
2027-06-20,8,20.44
2027-06-20,9,22.49
2027-06-20,10,24.89
2027-06-20,11,26.89
2027-06-20,12,27.69
2027-06-20,13,26.97
2027-06-20,14,25.2
2027-06-20,15,23.46
2027-06-20,16,22.76
2027-06-20,17,23.41
2027-06-20,18,24.65
2027-06-20,19,25.16
2027-06-20,20,24.2
2027-06-20,21,22.2
2027-06-20,22,20.18
2027-06-20,23,18.82
2027-06-20,24,18.17
2027-06-21,1,32.39
2027-06-21,2,32.39
2027-06-21,3,32.41
2027-06-21,4,32.47
2027-06-21,5,32.69
2027-06-21,6,33.27
2027-06-21,7,34.6
2027-06-21,8,37.08
2027-06-21,9,40.8
2027-06-21,10,45.15
2027-06-21,11,48.78
2027-06-21,12,50.23
2027-06-21,13,48.92
2027-06-21,14,45.72
2027-06-21,15,42.55
2027-06-21,16,41.29
2027-06-21,17,42.46
2027-06-21,18,44.7
2027-06-21,19,45.64
2027-06-21,20,43.9
2027-06-21,21,40.26
2027-06-21,22,36.6
2027-06-21,23,34.14
2027-06-21,24,32.95
2027-06-22,1,32.31
2027-06-22,2,32.31
2027-06-22,3,32.33
2027-06-22,4,32.4
2027-06-22,5,32.61
2027-06-22,6,33.2
2027-06-22,7,34.52
2027-06-22,8,36.99
2027-06-22,9,40.7
2027-06-22,10,45.04
2027-06-22,11,48.66
2027-06-22,12,50.11
2027-06-22,13,48.8
2027-06-22,14,45.61
2027-06-22,15,42.45
2027-06-22,16,41.19
2027-06-22,17,42.36
2027-06-22,18,44.6
2027-06-22,19,45.53
2027-06-22,20,43.8
2027-06-22,21,40.17
2027-06-22,22,36.51
2027-06-22,23,34.06
2027-06-22,24,32.88
2027-06-23,1,32.24
2027-06-23,2,32.24
2027-06-23,3,32.26
2027-06-23,4,32.32
2027-06-23,5,32.54
2027-06-23,6,33.12
2027-06-23,7,34.45
2027-06-23,8,36.91
2027-06-23,9,40.61
2027-06-23,10,44.94
2027-06-23,11,48.56
2027-06-23,12,50.0
2027-06-23,13,48.69
2027-06-23,14,45.51
2027-06-23,15,42.36
2027-06-23,16,41.1
2027-06-23,17,42.27
2027-06-23,18,44.5
2027-06-23,19,45.43
2027-06-23,20,43.7
2027-06-23,21,40.08
2027-06-23,22,36.43
2027-06-23,23,33.98
2027-06-23,24,32.8
2027-06-24,1,32.17
2027-06-24,2,32.17
2027-06-24,3,32.19
2027-06-24,4,32.25
2027-06-24,5,32.47
2027-06-24,6,33.05
2027-06-24,7,34.37
2027-06-24,8,36.83
2027-06-24,9,40.53
2027-06-24,10,44.85
2027-06-24,11,48.45
2027-06-24,12,49.89
2027-06-24,13,48.59
2027-06-24,14,45.41
2027-06-24,15,42.27
2027-06-24,16,41.01
2027-06-24,17,42.17
2027-06-24,18,44.4
2027-06-24,19,45.33
2027-06-24,20,43.61
2027-06-24,21,39.99
2027-06-24,22,36.35
2027-06-24,23,33.91
2027-06-24,24,32.73
2027-06-25,1,32.1
2027-06-25,2,32.1
2027-06-25,3,32.12
2027-06-25,4,32.19
2027-06-25,5,32.4
2027-06-25,6,32.98
2027-06-25,7,34.3
2027-06-25,8,36.75
2027-06-25,9,40.44
2027-06-25,10,44.75
2027-06-25,11,48.35
2027-06-25,12,49.78
2027-06-25,13,48.49
2027-06-25,14,45.31
2027-06-25,15,42.18
2027-06-25,16,40.92
2027-06-25,17,42.09
2027-06-25,18,44.31
2027-06-25,19,45.24
2027-06-25,20,43.52
2027-06-25,21,39.91
2027-06-25,22,36.27
2027-06-25,23,33.84
2027-06-25,24,32.66
2027-06-26,1,17.62
2027-06-26,2,17.62
2027-06-26,3,17.63
2027-06-26,4,17.67
2027-06-26,5,17.78
2027-06-26,6,18.1
2027-06-26,7,18.83
2027-06-26,8,20.17
2027-06-26,9,22.2
2027-06-26,10,24.56
2027-06-26,11,26.54
2027-06-26,12,27.32
2027-06-26,13,26.61
2027-06-26,14,24.87
2027-06-26,15,23.15
2027-06-26,16,22.46
2027-06-26,17,23.1
2027-06-26,18,24.32
2027-06-26,19,24.83
2027-06-26,20,23.89
2027-06-26,21,21.9
2027-06-26,22,19.91
2027-06-26,23,18.57
2027-06-26,24,17.93
2027-06-27,1,17.58
2027-06-27,2,17.59
2027-06-27,3,17.6
2027-06-27,4,17.63
2027-06-27,5,17.75
2027-06-27,6,18.07
2027-06-27,7,18.79
2027-06-27,8,20.13
2027-06-27,9,22.15
2027-06-27,10,24.51
2027-06-27,11,26.48
2027-06-27,12,27.27
2027-06-27,13,26.56
2027-06-27,14,24.82
2027-06-27,15,23.1
2027-06-27,16,22.42
2027-06-27,17,23.05
2027-06-27,18,24.27
2027-06-27,19,24.78
2027-06-27,20,23.84
2027-06-27,21,21.86
2027-06-27,22,19.87
2027-06-27,23,18.54
2027-06-27,24,17.89
2027-06-28,1,31.91
2027-06-28,2,31.91
2027-06-28,3,31.93
2027-06-28,4,32.0
2027-06-28,5,32.21
2027-06-28,6,32.78
2027-06-28,7,34.1
2027-06-28,8,36.54
2027-06-28,9,40.2
2027-06-28,10,44.49
2027-06-28,11,48.06
2027-06-28,12,49.49
2027-06-28,13,48.2
2027-06-28,14,45.05
2027-06-28,15,41.93
2027-06-28,16,40.68
2027-06-28,17,41.84
2027-06-28,18,44.05
2027-06-28,19,44.97
2027-06-28,20,43.26
2027-06-28,21,39.67
2027-06-28,22,36.06
2027-06-28,23,33.64
2027-06-28,24,32.47
2027-06-29,1,31.85
2027-06-29,2,31.86
2027-06-29,3,31.87
2027-06-29,4,31.94
2027-06-29,5,32.15
2027-06-29,6,32.72
2027-06-29,7,34.03
2027-06-29,8,36.47
2027-06-29,9,40.13
2027-06-29,10,44.4
2027-06-29,11,47.97
2027-06-29,12,49.4
2027-06-29,13,48.11
2027-06-29,14,44.96
2027-06-29,15,41.85
2027-06-29,16,40.61
2027-06-29,17,41.76
2027-06-29,18,43.97
2027-06-29,19,44.89
2027-06-29,20,43.18
2027-06-29,21,39.6
2027-06-29,22,35.99
2027-06-29,23,33.58
2027-06-29,24,32.41
2027-06-30,1,31.8
2027-06-30,2,31.8
2027-06-30,3,31.82
2027-06-30,4,31.88
2027-06-30,5,32.09
2027-06-30,6,32.67
2027-06-30,7,33.97
2027-06-30,8,36.41
2027-06-30,9,40.06
2027-06-30,10,44.33
2027-06-30,11,47.89
2027-06-30,12,49.31
2027-06-30,13,48.03
2027-06-30,14,44.89
2027-06-30,15,41.78
2027-06-30,16,40.53
2027-06-30,17,41.69
2027-06-30,18,43.89
2027-06-30,19,44.81
2027-06-30,20,43.1
2027-06-30,21,39.53
2027-06-30,22,35.93
2027-06-30,23,33.52
2027-06-30,24,32.35
2027-07-01,1,31.74
2027-07-01,2,31.75
2027-07-01,3,31.76
2027-07-01,4,31.83
2027-07-01,5,32.04
2027-07-01,6,32.61
2027-07-01,7,33.92
2027-07-01,8,36.34
2027-07-01,9,39.99
2027-07-01,10,44.25
2027-07-01,11,47.81
2027-07-01,12,49.23
2027-07-01,13,47.95
2027-07-01,14,44.81
2027-07-01,15,41.71
2027-07-01,16,40.47
2027-07-01,17,41.62
2027-07-01,18,43.82
2027-07-01,19,44.73
2027-07-01,20,43.03
2027-07-01,21,39.46
2027-07-01,22,35.87
2027-07-01,23,33.46
2027-07-01,24,32.3
2027-07-02,1,31.69
2027-07-02,2,31.7
2027-07-02,3,31.71
2027-07-02,4,31.78
2027-07-02,5,31.98
2027-07-02,6,32.56
2027-07-02,7,33.86
2027-07-02,8,36.29
2027-07-02,9,39.92
2027-07-02,10,44.18
2027-07-02,11,47.73
2027-07-02,12,49.15
2027-07-02,13,47.87
2027-07-02,14,44.74
2027-07-02,15,41.64
2027-07-02,16,40.4
2027-07-02,17,41.55
2027-07-02,18,43.75
2027-07-02,19,44.66
2027-07-02,20,42.96
2027-07-02,21,39.4
2027-07-02,22,35.81
2027-07-02,23,33.41
2027-07-02,24,32.25
2027-07-03,1,17.4
2027-07-03,2,17.41
2027-07-03,3,17.41
2027-07-03,4,17.45
2027-07-03,5,17.56
2027-07-03,6,17.88
2027-07-03,7,18.6
2027-07-03,8,19.93
2027-07-03,9,21.92
2027-07-03,10,24.26
2027-07-03,11,26.21
2027-07-03,12,26.99
2027-07-03,13,26.29
2027-07-03,14,24.57
2027-07-03,15,22.87
2027-07-03,16,22.19
2027-07-03,17,22.82
2027-07-03,18,24.02
2027-07-03,19,24.53
2027-07-03,20,23.59
2027-07-03,21,21.64
2027-07-03,22,19.67
2027-07-03,23,18.35
2027-07-03,24,17.71
2027-07-04,1,17.38
2027-07-04,2,17.38
2027-07-04,3,17.39
2027-07-04,4,17.42
2027-07-04,5,17.54
2027-07-04,6,17.85
2027-07-04,7,18.57
2027-07-04,8,19.9
2027-07-04,9,21.89
2027-07-04,10,24.23
2027-07-04,11,26.17
2027-07-04,12,26.95
2027-07-04,13,26.25
2027-07-04,14,24.53
2027-07-04,15,22.83
2027-07-04,16,22.15
2027-07-04,17,22.78
2027-07-04,18,23.99
2027-07-04,19,24.49
2027-07-04,20,23.56
2027-07-04,21,21.61
2027-07-04,22,19.64
2027-07-04,23,18.32
2027-07-04,24,17.68
2027-07-05,1,31.55
2027-07-05,2,31.56
2027-07-05,3,31.57
2027-07-05,4,31.64
2027-07-05,5,31.85
2027-07-05,6,32.42
2027-07-05,7,33.71
2027-07-05,8,36.13
2027-07-05,9,39.75
2027-07-05,10,43.99
2027-07-05,11,47.52
2027-07-05,12,48.93
2027-07-05,13,47.66
2027-07-05,14,44.54
2027-07-05,15,41.46
2027-07-05,16,40.22
2027-07-05,17,41.37
2027-07-05,18,43.55
2027-07-05,19,44.47
2027-07-05,20,42.77
2027-07-05,21,39.23
2027-07-05,22,35.65
2027-07-05,23,33.26
2027-07-05,24,32.11
2027-07-06,1,31.51
2027-07-06,2,31.52
2027-07-06,3,31.53
2027-07-06,4,31.6
2027-07-06,5,31.8
2027-07-06,6,32.37
2027-07-06,7,33.67
2027-07-06,8,36.08
2027-07-06,9,39.7
2027-07-06,10,43.93
2027-07-06,11,47.46
2027-07-06,12,48.87
2027-07-06,13,47.6
2027-07-06,14,44.48
2027-07-06,15,41.4
2027-07-06,16,40.17
2027-07-06,17,41.31
2027-07-06,18,43.5
2027-07-06,19,44.41
2027-07-06,20,42.72
2027-07-06,21,39.18
2027-07-06,22,35.61
2027-07-06,23,33.22
2027-07-06,24,32.07
2027-07-07,1,31.47
2027-07-07,2,31.48
2027-07-07,3,31.49
2027-07-07,4,31.56
2027-07-07,5,31.76
2027-07-07,6,32.33
2027-07-07,7,33.63
2027-07-07,8,36.04
2027-07-07,9,39.65
2027-07-07,10,43.88
2027-07-07,11,47.4
2027-07-07,12,48.81
2027-07-07,13,47.54
2027-07-07,14,44.43
2027-07-07,15,41.35
2027-07-07,16,40.12
2027-07-07,17,41.26
2027-07-07,18,43.44
2027-07-07,19,44.35
2027-07-07,20,42.67
2027-07-07,21,39.13
2027-07-07,22,35.56
2027-07-07,23,33.18
2027-07-07,24,32.03
2027-07-08,1,31.44
2027-07-08,2,31.44
2027-07-08,3,31.46
2027-07-08,4,31.52
2027-07-08,5,31.73
2027-07-08,6,32.3
2027-07-08,7,33.59
2027-07-08,8,35.99
2027-07-08,9,39.6
2027-07-08,10,43.83
2027-07-08,11,47.35
2027-07-08,12,48.75
2027-07-08,13,47.48
2027-07-08,14,44.38
2027-07-08,15,41.31
2027-07-08,16,40.08
2027-07-08,17,41.22
2027-07-08,18,43.39
2027-07-08,19,44.3
2027-07-08,20,42.62
2027-07-08,21,39.08
2027-07-08,22,35.52
2027-07-08,23,33.14
2027-07-08,24,31.99
2027-07-09,1,31.4
2027-07-09,2,31.41
2027-07-09,3,31.42
2027-07-09,4,31.49
2027-07-09,5,31.69
2027-07-09,6,32.26
2027-07-09,7,33.55
2027-07-09,8,35.96
2027-07-09,9,39.56
2027-07-09,10,43.78
2027-07-09,11,47.3
2027-07-09,12,48.7
2027-07-09,13,47.43
2027-07-09,14,44.33
2027-07-09,15,41.26
2027-07-09,16,40.03
2027-07-09,17,41.17
2027-07-09,18,43.35
2027-07-09,19,44.26
2027-07-09,20,42.57
2027-07-09,21,39.04
2027-07-09,22,35.49
2027-07-09,23,33.1
2027-07-09,24,31.95
2027-07-10,1,17.25
2027-07-10,2,17.26
2027-07-10,3,17.27
2027-07-10,4,17.3
2027-07-10,5,17.41
2027-07-10,6,17.73
2027-07-10,7,18.44
2027-07-10,8,19.76
2027-07-10,9,21.74
2027-07-10,10,24.05
2027-07-10,11,25.99
2027-07-10,12,26.76
2027-07-10,13,26.06
2027-07-10,14,24.36
2027-07-10,15,22.67
2027-07-10,16,22.0
2027-07-10,17,22.62
2027-07-10,18,23.82
2027-07-10,19,24.32
2027-07-10,20,23.39
2027-07-10,21,21.45
2027-07-10,22,19.5
2027-07-10,23,18.19
2027-07-10,24,17.56
2027-07-11,1,17.24
2027-07-11,2,17.24
2027-07-11,3,17.25
2027-07-11,4,17.28
2027-07-11,5,17.4
2027-07-11,6,17.71
2027-07-11,7,18.42
2027-07-11,8,19.74
2027-07-11,9,21.72
2027-07-11,10,24.03
2027-07-11,11,25.96
2027-07-11,12,26.74
2027-07-11,13,26.04
2027-07-11,14,24.34
2027-07-11,15,22.65
2027-07-11,16,21.98
2027-07-11,17,22.6
2027-07-11,18,23.8
2027-07-11,19,24.29
2027-07-11,20,23.37
2027-07-11,21,21.43
2027-07-11,22,19.48
2027-07-11,23,18.17
2027-07-11,24,17.54
2027-07-12,1,31.32
2027-07-12,2,31.32
2027-07-12,3,31.34
2027-07-12,4,31.4
2027-07-12,5,31.61
2027-07-12,6,32.17
2027-07-12,7,33.46
2027-07-12,8,35.86
2027-07-12,9,39.45
2027-07-12,10,43.66
2027-07-12,11,47.17
2027-07-12,12,48.57
2027-07-12,13,47.3
2027-07-12,14,44.21
2027-07-12,15,41.15
2027-07-12,16,39.92
2027-07-12,17,41.06
2027-07-12,18,43.23
2027-07-12,19,44.13
2027-07-12,20,42.46
2027-07-12,21,38.94
2027-07-12,22,35.39
2027-07-12,23,33.01
2027-07-12,24,31.87
2027-07-13,1,31.29
2027-07-13,2,31.3
2027-07-13,3,31.31
2027-07-13,4,31.38
2027-07-13,5,31.58
2027-07-13,6,32.15
2027-07-13,7,33.44
2027-07-13,8,35.83
2027-07-13,9,39.42
2027-07-13,10,43.63
2027-07-13,11,47.13
2027-07-13,12,48.53
2027-07-13,13,47.27
2027-07-13,14,44.18
2027-07-13,15,41.12
2027-07-13,16,39.89
2027-07-13,17,41.03
2027-07-13,18,43.2
2027-07-13,19,44.1
2027-07-13,20,42.42
2027-07-13,21,38.91
2027-07-13,22,35.36
2027-07-13,23,32.99
2027-07-13,24,31.84
2027-07-14,1,31.27
2027-07-14,2,31.28
2027-07-14,3,31.29
2027-07-14,4,31.36
2027-07-14,5,31.56
2027-07-14,6,32.13
2027-07-14,7,33.41
2027-07-14,8,35.81
2027-07-14,9,39.4
2027-07-14,10,43.6
2027-07-14,11,47.1
2027-07-14,12,48.5
2027-07-14,13,47.24
2027-07-14,14,44.15
2027-07-14,15,41.09
2027-07-14,16,39.87
2027-07-14,17,41.0
2027-07-14,18,43.17
2027-07-14,19,44.07
2027-07-14,20,42.4
2027-07-14,21,38.88
2027-07-14,22,35.34
2027-07-14,23,32.97
2027-07-14,24,31.82
2027-07-15,1,31.26
2027-07-15,2,31.26
2027-07-15,3,31.28
2027-07-15,4,31.34
2027-07-15,5,31.54
2027-07-15,6,32.11
2027-07-15,7,33.4
2027-07-15,8,35.79
2027-07-15,9,39.38
2027-07-15,10,43.57
2027-07-15,11,47.08
2027-07-15,12,48.47
2027-07-15,13,47.21
2027-07-15,14,44.12
2027-07-15,15,41.07
2027-07-15,16,39.85
2027-07-15,17,40.98
2027-07-15,18,43.14
2027-07-15,19,44.05
2027-07-15,20,42.37
2027-07-15,21,38.86
2027-07-15,22,35.32
2027-07-15,23,32.95
2027-07-15,24,31.8
2027-07-16,1,31.24
2027-07-16,2,31.24
2027-07-16,3,31.26
2027-07-16,4,31.32
2027-07-16,5,31.53
2027-07-16,6,32.09
2027-07-16,7,33.38
2027-07-16,8,35.77
2027-07-16,9,39.36
2027-07-16,10,43.55
2027-07-16,11,47.05
2027-07-16,12,48.45
2027-07-16,13,47.19
2027-07-16,14,44.1
2027-07-16,15,41.05
2027-07-16,16,39.83
2027-07-16,17,40.96
2027-07-16,18,43.12
2027-07-16,19,44.02
2027-07-16,20,42.35
2027-07-16,21,38.84
2027-07-16,22,35.3
2027-07-16,23,32.93
2027-07-16,24,31.79
2027-07-17,1,17.17
2027-07-17,2,17.18
2027-07-17,3,17.19
2027-07-17,4,17.22
2027-07-17,5,17.33
2027-07-17,6,17.64
2027-07-17,7,18.35
2027-07-17,8,19.66
2027-07-17,9,21.64
2027-07-17,10,23.94
2027-07-17,11,25.87
2027-07-17,12,26.64
2027-07-17,13,25.94
2027-07-17,14,24.24
2027-07-17,15,22.57
2027-07-17,16,21.89
2027-07-17,17,22.52
2027-07-17,18,23.71
2027-07-17,19,24.2
2027-07-17,20,23.28
2027-07-17,21,21.35
2027-07-17,22,19.41
2027-07-17,23,18.1
2027-07-17,24,17.48
2027-07-18,1,17.17
2027-07-18,2,17.17
2027-07-18,3,17.18
2027-07-18,4,17.21
2027-07-18,5,17.33
2027-07-18,6,17.64
2027-07-18,7,18.34
2027-07-18,8,19.66
2027-07-18,9,21.63
2027-07-18,10,23.94
2027-07-18,11,25.86
2027-07-18,12,26.63
2027-07-18,13,25.93
2027-07-18,14,24.24
2027-07-18,15,22.56
2027-07-18,16,21.89
2027-07-18,17,22.51
2027-07-18,18,23.7
2027-07-18,19,24.2
2027-07-18,20,23.27
2027-07-18,21,21.35
2027-07-18,22,19.4
2027-07-18,23,18.1
2027-07-18,24,17.47
2027-07-19,1,31.21
2027-07-19,2,31.21
2027-07-19,3,31.23
2027-07-19,4,31.29
2027-07-19,5,31.5
2027-07-19,6,32.06
2027-07-19,7,33.35
2027-07-19,8,35.73
2027-07-19,9,39.32
2027-07-19,10,43.51
2027-07-19,11,47.0
2027-07-19,12,48.4
2027-07-19,13,47.14
2027-07-19,14,44.06
2027-07-19,15,41.01
2027-07-19,16,39.79
2027-07-19,17,40.92
2027-07-19,18,43.08
2027-07-19,19,43.98
2027-07-19,20,42.31
2027-07-19,21,38.8
2027-07-19,22,35.26
2027-07-19,23,32.9
2027-07-19,24,31.76
2027-07-20,1,31.2
2027-07-20,2,31.21
2027-07-20,3,31.22
2027-07-20,4,31.29
2027-07-20,5,31.49
2027-07-20,6,32.06
2027-07-20,7,33.34
2027-07-20,8,35.73
2027-07-20,9,39.31
2027-07-20,10,43.5
2027-07-20,11,47.0
2027-07-20,12,48.39
2027-07-20,13,47.13
2027-07-20,14,44.05
2027-07-20,15,41.0
2027-07-20,16,39.78
2027-07-20,17,40.91
2027-07-20,18,43.07
2027-07-20,19,43.97
2027-07-20,20,42.3
2027-07-20,21,38.79
2027-07-20,22,35.26
2027-07-20,23,32.89
2027-07-20,24,31.75
2027-07-21,1,31.2
2027-07-21,2,31.2
2027-07-21,3,31.22
2027-07-21,4,31.28
2027-07-21,5,31.49
2027-07-21,6,32.05
2027-07-21,7,33.34
2027-07-21,8,35.72
2027-07-21,9,39.31
2027-07-21,10,43.5
2027-07-21,11,46.99
2027-07-21,12,48.39
2027-07-21,13,47.13
2027-07-21,14,44.04
2027-07-21,15,41.0
2027-07-21,16,39.78
2027-07-21,17,40.91
2027-07-21,18,43.07
2027-07-21,19,43.97
2027-07-21,20,42.3
2027-07-21,21,38.79
2027-07-21,22,35.26
2027-07-21,23,32.89
2027-07-21,24,31.75
2027-07-22,1,31.2
2027-07-22,2,31.2
2027-07-22,3,31.22
2027-07-22,4,31.28
2027-07-22,5,31.49
2027-07-22,6,32.05
2027-07-22,7,33.34
2027-07-22,8,35.72
2027-07-22,9,39.31
2027-07-22,10,43.5
2027-07-22,11,46.99
2027-07-22,12,48.39
2027-07-22,13,47.13
2027-07-22,14,44.04
2027-07-22,15,41.0
2027-07-22,16,39.78
2027-07-22,17,40.91
2027-07-22,18,43.07
2027-07-22,19,43.97
2027-07-22,20,42.3
2027-07-22,21,38.79
2027-07-22,22,35.26
2027-07-22,23,32.89
2027-07-22,24,31.75
2027-07-23,1,31.2
2027-07-23,2,31.21
2027-07-23,3,31.22
2027-07-23,4,31.29
2027-07-23,5,31.49
2027-07-23,6,32.06
2027-07-23,7,33.34
2027-07-23,8,35.73
2027-07-23,9,39.31
2027-07-23,10,43.5
2027-07-23,11,47.0
2027-07-23,12,48.39
2027-07-23,13,47.13
2027-07-23,14,44.05
2027-07-23,15,41.0
2027-07-23,16,39.78
2027-07-23,17,40.91
2027-07-23,18,43.07
2027-07-23,19,43.97
2027-07-23,20,42.3
2027-07-23,21,38.79
2027-07-23,22,35.26
2027-07-23,23,32.89
2027-07-23,24,31.75
2027-07-24,1,17.16
2027-07-24,2,17.17
2027-07-24,3,17.18
2027-07-24,4,17.21
2027-07-24,5,17.32
2027-07-24,6,17.63
2027-07-24,7,18.34
2027-07-24,8,19.65
2027-07-24,9,21.62
2027-07-24,10,23.93
2027-07-24,11,25.85
2027-07-24,12,26.62
2027-07-24,13,25.93
2027-07-24,14,24.23
2027-07-24,15,22.55
2027-07-24,16,21.88
2027-07-24,17,22.5
2027-07-24,18,23.69
2027-07-24,19,24.19
2027-07-24,20,23.27
2027-07-24,21,21.34
2027-07-24,22,19.4
2027-07-24,23,18.09
2027-07-24,24,17.47
2027-07-25,1,17.17
2027-07-25,2,17.17
2027-07-25,3,17.18
2027-07-25,4,17.21
2027-07-25,5,17.33
2027-07-25,6,17.64
2027-07-25,7,18.34
2027-07-25,8,19.66
2027-07-25,9,21.63
2027-07-25,10,23.94
2027-07-25,11,25.86
2027-07-25,12,26.63
2027-07-25,13,25.93
2027-07-25,14,24.24
2027-07-25,15,22.56
2027-07-25,16,21.89
2027-07-25,17,22.51
2027-07-25,18,23.7
2027-07-25,19,24.2
2027-07-25,20,23.27
2027-07-25,21,21.35
2027-07-25,22,19.4
2027-07-25,23,18.1
2027-07-25,24,17.47
2027-07-26,1,31.23
2027-07-26,2,31.23
2027-07-26,3,31.25
2027-07-26,4,31.31
2027-07-26,5,31.52
2027-07-26,6,32.08
2027-07-26,7,33.36
2027-07-26,8,35.75
2027-07-26,9,39.34
2027-07-26,10,43.53
2027-07-26,11,47.03
2027-07-26,12,48.43
2027-07-26,13,47.17
2027-07-26,14,44.08
2027-07-26,15,41.03
2027-07-26,16,39.81
2027-07-26,17,40.94
2027-07-26,18,43.1
2027-07-26,19,44.01
2027-07-26,20,42.33
2027-07-26,21,38.82
2027-07-26,22,35.29
2027-07-26,23,32.92
2027-07-26,24,31.78
2027-07-27,1,31.24
2027-07-27,2,31.24
2027-07-27,3,31.26
2027-07-27,4,31.32
2027-07-27,5,31.53
2027-07-27,6,32.09
2027-07-27,7,33.38
2027-07-27,8,35.77
2027-07-27,9,39.36
2027-07-27,10,43.55
2027-07-27,11,47.05
2027-07-27,12,48.45
2027-07-27,13,47.19
2027-07-27,14,44.1
2027-07-27,15,41.05
2027-07-27,16,39.83
2027-07-27,17,40.96
2027-07-27,18,43.12
2027-07-27,19,44.02
2027-07-27,20,42.35
2027-07-27,21,38.84
2027-07-27,22,35.3
2027-07-27,23,32.93
2027-07-27,24,31.79
2027-07-28,1,31.26
2027-07-28,2,31.26
2027-07-28,3,31.28
2027-07-28,4,31.34
2027-07-28,5,31.54
2027-07-28,6,32.11
2027-07-28,7,33.4
2027-07-28,8,35.79
2027-07-28,9,39.38
2027-07-28,10,43.57
2027-07-28,11,47.08
2027-07-28,12,48.47
2027-07-28,13,47.21
2027-07-28,14,44.12
2027-07-28,15,41.07
2027-07-28,16,39.85
2027-07-28,17,40.98
2027-07-28,18,43.14
2027-07-28,19,44.05
2027-07-28,20,42.37
2027-07-28,21,38.86
2027-07-28,22,35.32
2027-07-28,23,32.95
2027-07-28,24,31.8
2027-07-29,1,31.27
2027-07-29,2,31.28
2027-07-29,3,31.29
2027-07-29,4,31.36
2027-07-29,5,31.56
2027-07-29,6,32.13
2027-07-29,7,33.41
2027-07-29,8,35.81
2027-07-29,9,39.4
2027-07-29,10,43.6
2027-07-29,11,47.1
2027-07-29,12,48.5
2027-07-29,13,47.24
2027-07-29,14,44.15
2027-07-29,15,41.09
2027-07-29,16,39.87
2027-07-29,17,41.0
2027-07-29,18,43.17
2027-07-29,19,44.07
2027-07-29,20,42.4
2027-07-29,21,38.88
2027-07-29,22,35.34
2027-07-29,23,32.97
2027-07-29,24,31.82
2027-07-30,1,31.29
2027-07-30,2,31.3
2027-07-30,3,31.31
2027-07-30,4,31.38
2027-07-30,5,31.58
2027-07-30,6,32.15
2027-07-30,7,33.44
2027-07-30,8,35.83
2027-07-30,9,39.42
2027-07-30,10,43.63
2027-07-30,11,47.13
2027-07-30,12,48.53
2027-07-30,13,47.27
2027-07-30,14,44.18
2027-07-30,15,41.12
2027-07-30,16,39.89
2027-07-30,17,41.03
2027-07-30,18,43.2
2027-07-30,19,44.1
2027-07-30,20,42.42
2027-07-30,21,38.91
2027-07-30,22,35.36
2027-07-30,23,32.99
2027-07-30,24,31.84
2027-07-31,1,17.22
2027-07-31,2,17.23
2027-07-31,3,17.24
2027-07-31,4,17.27
2027-07-31,5,17.38
2027-07-31,6,17.7
2027-07-31,7,18.4
2027-07-31,8,19.72
2027-07-31,9,21.7
2027-07-31,10,24.01
2027-07-31,11,25.94
2027-07-31,12,26.71
2027-07-31,13,26.02
2027-07-31,14,24.32
2027-07-31,15,22.63
2027-07-31,16,21.96
2027-07-31,17,22.58
2027-07-31,18,23.78
2027-07-31,19,24.27
2027-07-31,20,23.35
2027-07-31,21,21.41
2027-07-31,22,19.46
2027-07-31,23,18.16
2027-07-31,24,17.53
2027-08-01,1,17.24
2027-08-01,2,17.24
2027-08-01,3,17.25
2027-08-01,4,17.28
2027-08-01,5,17.4
2027-08-01,6,17.71
2027-08-01,7,18.42
2027-08-01,8,19.74
2027-08-01,9,21.72
2027-08-01,10,24.03
2027-08-01,11,25.96
2027-08-01,12,26.74
2027-08-01,13,26.04
2027-08-01,14,24.34
2027-08-01,15,22.65
2027-08-01,16,21.98
2027-08-01,17,22.6
2027-08-01,18,23.8
2027-08-01,19,24.29
2027-08-01,20,23.37
2027-08-01,21,21.43
2027-08-01,22,19.48
2027-08-01,23,18.17
2027-08-01,24,17.54
2027-08-02,1,31.37
2027-08-02,2,31.38
2027-08-02,3,31.39
2027-08-02,4,31.46
2027-08-02,5,31.66
2027-08-02,6,32.23
2027-08-02,7,33.52
2027-08-02,8,35.92
2027-08-02,9,39.52
2027-08-02,10,43.74
2027-08-02,11,47.25
2027-08-02,12,48.65
2027-08-02,13,47.39
2027-08-02,14,44.29
2027-08-02,15,41.22
2027-08-02,16,39.99
2027-08-02,17,41.13
2027-08-02,18,43.31
2027-08-02,19,44.21
2027-08-02,20,42.53
2027-08-02,21,39.0
2027-08-02,22,35.45
2027-08-02,23,33.07
2027-08-02,24,31.92
2027-08-03,1,31.4
2027-08-03,2,31.41
2027-08-03,3,31.42
2027-08-03,4,31.49
2027-08-03,5,31.69
2027-08-03,6,32.26
2027-08-03,7,33.55
2027-08-03,8,35.96
2027-08-03,9,39.56
2027-08-03,10,43.78
2027-08-03,11,47.3
2027-08-03,12,48.7
2027-08-03,13,47.43
2027-08-03,14,44.33
2027-08-03,15,41.26
2027-08-03,16,40.03
2027-08-03,17,41.17
2027-08-03,18,43.35
2027-08-03,19,44.26
2027-08-03,20,42.57
2027-08-03,21,39.04
2027-08-03,22,35.49
2027-08-03,23,33.1
2027-08-03,24,31.95
2027-08-04,1,31.44
2027-08-04,2,31.44
2027-08-04,3,31.46
2027-08-04,4,31.52
2027-08-04,5,31.73
2027-08-04,6,32.3
2027-08-04,7,33.59
2027-08-04,8,35.99
2027-08-04,9,39.6
2027-08-04,10,43.83
2027-08-04,11,47.35
2027-08-04,12,48.75
2027-08-04,13,47.48
2027-08-04,14,44.38
2027-08-04,15,41.31
2027-08-04,16,40.08
2027-08-04,17,41.22
2027-08-04,18,43.39
2027-08-04,19,44.3
2027-08-04,20,42.62
2027-08-04,21,39.08
2027-08-04,22,35.52
2027-08-04,23,33.14
2027-08-04,24,31.99
2027-08-05,1,31.47
2027-08-05,2,31.48
2027-08-05,3,31.49
2027-08-05,4,31.56
2027-08-05,5,31.76
2027-08-05,6,32.33
2027-08-05,7,33.63
2027-08-05,8,36.04
2027-08-05,9,39.65
2027-08-05,10,43.88
2027-08-05,11,47.4
2027-08-05,12,48.81
2027-08-05,13,47.54
2027-08-05,14,44.43
2027-08-05,15,41.35
2027-08-05,16,40.12
2027-08-05,17,41.26
2027-08-05,18,43.44
2027-08-05,19,44.35
2027-08-05,20,42.67
2027-08-05,21,39.13
2027-08-05,22,35.56
2027-08-05,23,33.18
2027-08-05,24,32.03
2027-08-06,1,31.51
2027-08-06,2,31.52
2027-08-06,3,31.53
2027-08-06,4,31.6
2027-08-06,5,31.8
2027-08-06,6,32.37
2027-08-06,7,33.67
2027-08-06,8,36.08
2027-08-06,9,39.7
2027-08-06,10,43.93
2027-08-06,11,47.46
2027-08-06,12,48.87
2027-08-06,13,47.6
2027-08-06,14,44.48
2027-08-06,15,41.4
2027-08-06,16,40.17
2027-08-06,17,41.31
2027-08-06,18,43.5
2027-08-06,19,44.41
2027-08-06,20,42.72
2027-08-06,21,39.18
2027-08-06,22,35.61
2027-08-06,23,33.22
2027-08-06,24,32.07
2027-08-07,1,17.35
2027-08-07,2,17.36
2027-08-07,3,17.37
2027-08-07,4,17.4
2027-08-07,5,17.51
2027-08-07,6,17.83
2027-08-07,7,18.54
2027-08-07,8,19.87
2027-08-07,9,21.86
2027-08-07,10,24.19
2027-08-07,11,26.14
2027-08-07,12,26.91
2027-08-07,13,26.21
2027-08-07,14,24.5
2027-08-07,15,22.8
2027-08-07,16,22.12
2027-08-07,17,22.75
2027-08-07,18,23.96
2027-08-07,19,24.46
2027-08-07,20,23.53
2027-08-07,21,21.58
2027-08-07,22,19.61
2027-08-07,23,18.29
2027-08-07,24,17.66
2027-08-08,1,17.38
2027-08-08,2,17.38
2027-08-08,3,17.39
2027-08-08,4,17.42
2027-08-08,5,17.54
2027-08-08,6,17.85
2027-08-08,7,18.57
2027-08-08,8,19.9
2027-08-08,9,21.89
2027-08-08,10,24.23
2027-08-08,11,26.17
2027-08-08,12,26.95
2027-08-08,13,26.25
2027-08-08,14,24.53
2027-08-08,15,22.83
2027-08-08,16,22.15
2027-08-08,17,22.78
2027-08-08,18,23.99
2027-08-08,19,24.49
2027-08-08,20,23.56
2027-08-08,21,21.61
2027-08-08,22,19.64
2027-08-08,23,18.32
2027-08-08,24,17.68
2027-08-09,1,31.64
2027-08-09,2,31.65
2027-08-09,3,31.66
2027-08-09,4,31.73
2027-08-09,5,31.94
2027-08-09,6,32.51
2027-08-09,7,33.81
2027-08-09,8,36.23
2027-08-09,9,39.86
2027-08-09,10,44.11
2027-08-09,11,47.66
2027-08-09,12,49.07
2027-08-09,13,47.79
2027-08-09,14,44.67
2027-08-09,15,41.58
2027-08-09,16,40.34
2027-08-09,17,41.49
2027-08-09,18,43.68
2027-08-09,19,44.59
2027-08-09,20,42.9
2027-08-09,21,39.34
2027-08-09,22,35.76
2027-08-09,23,33.36
2027-08-09,24,32.2
2027-08-10,1,31.69
2027-08-10,2,31.7
2027-08-10,3,31.71
2027-08-10,4,31.78
2027-08-10,5,31.98
2027-08-10,6,32.56
2027-08-10,7,33.86
2027-08-10,8,36.29
2027-08-10,9,39.92
2027-08-10,10,44.18
2027-08-10,11,47.73
2027-08-10,12,49.15
2027-08-10,13,47.87
2027-08-10,14,44.74
2027-08-10,15,41.64
2027-08-10,16,40.4
2027-08-10,17,41.55
2027-08-10,18,43.75
2027-08-10,19,44.66
2027-08-10,20,42.96
2027-08-10,21,39.4
2027-08-10,22,35.81
2027-08-10,23,33.41
2027-08-10,24,32.25
2027-08-11,1,31.74
2027-08-11,2,31.75
2027-08-11,3,31.76
2027-08-11,4,31.83
2027-08-11,5,32.04
2027-08-11,6,32.61
2027-08-11,7,33.92
2027-08-11,8,36.34
2027-08-11,9,39.99
2027-08-11,10,44.25
2027-08-11,11,47.81
2027-08-11,12,49.23
2027-08-11,13,47.95
2027-08-11,14,44.81
2027-08-11,15,41.71
2027-08-11,16,40.47
2027-08-11,17,41.62
2027-08-11,18,43.82
2027-08-11,19,44.73
2027-08-11,20,43.03
2027-08-11,21,39.46
2027-08-11,22,35.87
2027-08-11,23,33.46
2027-08-11,24,32.3
2027-08-12,1,31.8
2027-08-12,2,31.8
2027-08-12,3,31.82
2027-08-12,4,31.88
2027-08-12,5,32.09
2027-08-12,6,32.67
2027-08-12,7,33.97
2027-08-12,8,36.41
2027-08-12,9,40.06
2027-08-12,10,44.33
2027-08-12,11,47.89
2027-08-12,12,49.31
2027-08-12,13,48.03
2027-08-12,14,44.89
2027-08-12,15,41.78
2027-08-12,16,40.53
2027-08-12,17,41.69
2027-08-12,18,43.89
2027-08-12,19,44.81
2027-08-12,20,43.1
2027-08-12,21,39.53
2027-08-12,22,35.93
2027-08-12,23,33.52
2027-08-12,24,32.35
2027-08-13,1,31.85
2027-08-13,2,31.86
2027-08-13,3,31.87
2027-08-13,4,31.94
2027-08-13,5,32.15
2027-08-13,6,32.72
2027-08-13,7,34.03
2027-08-13,8,36.47
2027-08-13,9,40.13
2027-08-13,10,44.4
2027-08-13,11,47.97
2027-08-13,12,49.4
2027-08-13,13,48.11
2027-08-13,14,44.96
2027-08-13,15,41.85
2027-08-13,16,40.61
2027-08-13,17,41.76
2027-08-13,18,43.97
2027-08-13,19,44.89
2027-08-13,20,43.18
2027-08-13,21,39.6
2027-08-13,22,35.99
2027-08-13,23,33.58
2027-08-13,24,32.41
2027-08-14,1,17.55
2027-08-14,2,17.55
2027-08-14,3,17.56
2027-08-14,4,17.6
2027-08-14,5,17.71
2027-08-14,6,18.03
2027-08-14,7,18.75
2027-08-14,8,20.1
2027-08-14,9,22.11
2027-08-14,10,24.47
2027-08-14,11,26.43
2027-08-14,12,27.22
2027-08-14,13,26.51
2027-08-14,14,24.78
2027-08-14,15,23.06
2027-08-14,16,22.37
2027-08-14,17,23.01
2027-08-14,18,24.23
2027-08-14,19,24.73
2027-08-14,20,23.79
2027-08-14,21,21.82
2027-08-14,22,19.83
2027-08-14,23,18.5
2027-08-14,24,17.86
2027-08-15,1,17.58
2027-08-15,2,17.59
2027-08-15,3,17.6
2027-08-15,4,17.63
2027-08-15,5,17.75
2027-08-15,6,18.07
2027-08-15,7,18.79
2027-08-15,8,20.13
2027-08-15,9,22.15
2027-08-15,10,24.51
2027-08-15,11,26.48
2027-08-15,12,27.27
2027-08-15,13,26.56
2027-08-15,14,24.82
2027-08-15,15,23.1
2027-08-15,16,22.42
2027-08-15,17,23.05
2027-08-15,18,24.27
2027-08-15,19,24.78
2027-08-15,20,23.84
2027-08-15,21,21.86
2027-08-15,22,19.87
2027-08-15,23,18.54
2027-08-15,24,17.89
2027-08-16,1,32.04
2027-08-16,2,32.04
2027-08-16,3,32.05
2027-08-16,4,32.12
2027-08-16,5,32.33
2027-08-16,6,32.91
2027-08-16,7,34.23
2027-08-16,8,36.68
2027-08-16,9,40.36
2027-08-16,10,44.66
2027-08-16,11,48.25
2027-08-16,12,49.68
2027-08-16,13,48.39
2027-08-16,14,45.22
2027-08-16,15,42.09
2027-08-16,16,40.84
2027-08-16,17,42.0
2027-08-16,18,44.22
2027-08-16,19,45.14
2027-08-16,20,43.43
2027-08-16,21,39.83
2027-08-16,22,36.2
2027-08-16,23,33.77
2027-08-16,24,32.6
2027-08-17,1,32.1
2027-08-17,2,32.1
2027-08-17,3,32.12
2027-08-17,4,32.19
2027-08-17,5,32.4
2027-08-17,6,32.98
2027-08-17,7,34.3
2027-08-17,8,36.75
2027-08-17,9,40.44
2027-08-17,10,44.75
2027-08-17,11,48.35
2027-08-17,12,49.78
2027-08-17,13,48.49
2027-08-17,14,45.31
2027-08-17,15,42.18
2027-08-17,16,40.92
2027-08-17,17,42.09
2027-08-17,18,44.31
2027-08-17,19,45.24
2027-08-17,20,43.52
2027-08-17,21,39.91
2027-08-17,22,36.27
2027-08-17,23,33.84
2027-08-17,24,32.66
2027-08-18,1,32.17
2027-08-18,2,32.17
2027-08-18,3,32.19
2027-08-18,4,32.25
2027-08-18,5,32.47
2027-08-18,6,33.05
2027-08-18,7,34.37
2027-08-18,8,36.83
2027-08-18,9,40.53
2027-08-18,10,44.85
2027-08-18,11,48.45
2027-08-18,12,49.89
2027-08-18,13,48.59
2027-08-18,14,45.41
2027-08-18,15,42.27
2027-08-18,16,41.01
2027-08-18,17,42.17
2027-08-18,18,44.4
2027-08-18,19,45.33
2027-08-18,20,43.61
2027-08-18,21,39.99
2027-08-18,22,36.35
2027-08-18,23,33.91
2027-08-18,24,32.73
2027-08-19,1,32.24
2027-08-19,2,32.24
2027-08-19,3,32.26
2027-08-19,4,32.32
2027-08-19,5,32.54
2027-08-19,6,33.12
2027-08-19,7,34.45
2027-08-19,8,36.91
2027-08-19,9,40.61
2027-08-19,10,44.94
2027-08-19,11,48.56
2027-08-19,12,50.0
2027-08-19,13,48.69
2027-08-19,14,45.51
2027-08-19,15,42.36
2027-08-19,16,41.1
2027-08-19,17,42.27
2027-08-19,18,44.5
2027-08-19,19,45.43
2027-08-19,20,43.7
2027-08-19,21,40.08
2027-08-19,22,36.43
2027-08-19,23,33.98
2027-08-19,24,32.8
2027-08-20,1,32.31
2027-08-20,2,32.31
2027-08-20,3,32.33
2027-08-20,4,32.4
2027-08-20,5,32.61
2027-08-20,6,33.2
2027-08-20,7,34.52
2027-08-20,8,36.99
2027-08-20,9,40.7
2027-08-20,10,45.04
2027-08-20,11,48.66
2027-08-20,12,50.11
2027-08-20,13,48.8
2027-08-20,14,45.61
2027-08-20,15,42.45
2027-08-20,16,41.19
2027-08-20,17,42.36
2027-08-20,18,44.6
2027-08-20,19,45.53
2027-08-20,20,43.8
2027-08-20,21,40.17
2027-08-20,22,36.51
2027-08-20,23,34.06
2027-08-20,24,32.88
2027-08-21,1,17.81
2027-08-21,2,17.81
2027-08-21,3,17.82
2027-08-21,4,17.86
2027-08-21,5,17.98
2027-08-21,6,18.3
2027-08-21,7,19.03
2027-08-21,8,20.39
2027-08-21,9,22.44
2027-08-21,10,24.83
2027-08-21,11,26.83
2027-08-21,12,27.62
2027-08-21,13,26.9
2027-08-21,14,25.14
2027-08-21,15,23.4
2027-08-21,16,22.71
2027-08-21,17,23.35
2027-08-21,18,24.59
2027-08-21,19,25.1
2027-08-21,20,24.15
2027-08-21,21,22.14
2027-08-21,22,20.13
2027-08-21,23,18.78
2027-08-21,24,18.13
2027-08-22,1,17.85
2027-08-22,2,17.86
2027-08-22,3,17.87
2027-08-22,4,17.9
2027-08-22,5,18.02
2027-08-22,6,18.34
2027-08-22,7,19.08
2027-08-22,8,20.44
2027-08-22,9,22.49
2027-08-22,10,24.89
2027-08-22,11,26.89
2027-08-22,12,27.69
2027-08-22,13,26.97
2027-08-22,14,25.2
2027-08-22,15,23.46
2027-08-22,16,22.76
2027-08-22,17,23.41
2027-08-22,18,24.65
2027-08-22,19,25.16
2027-08-22,20,24.2
2027-08-22,21,22.2
2027-08-22,22,20.18
2027-08-22,23,18.82
2027-08-22,24,18.17
2027-08-23,1,32.54
2027-08-23,2,32.55
2027-08-23,3,32.56
2027-08-23,4,32.63
2027-08-23,5,32.84
2027-08-23,6,33.43
2027-08-23,7,34.77
2027-08-23,8,37.26
2027-08-23,9,41.0
2027-08-23,10,45.37
2027-08-23,11,49.01
2027-08-23,12,50.47
2027-08-23,13,49.15
2027-08-23,14,45.94
2027-08-23,15,42.76
2027-08-23,16,41.49
2027-08-23,17,42.67
2027-08-23,18,44.92
2027-08-23,19,45.86
2027-08-23,20,44.12
2027-08-23,21,40.46
2027-08-23,22,36.77
2027-08-23,23,34.3
2027-08-23,24,33.11
2027-08-24,1,32.62
2027-08-24,2,32.63
2027-08-24,3,32.64
2027-08-24,4,32.71
2027-08-24,5,32.93
2027-08-24,6,33.52
2027-08-24,7,34.86
2027-08-24,8,37.35
2027-08-24,9,41.1
2027-08-24,10,45.48
2027-08-24,11,49.14
2027-08-24,12,50.59
2027-08-24,13,49.28
2027-08-24,14,46.05
2027-08-24,15,42.86
2027-08-24,16,41.59
2027-08-24,17,42.77
2027-08-24,18,45.03
2027-08-24,19,45.97
2027-08-24,20,44.23
2027-08-24,21,40.56
2027-08-24,22,36.86
2027-08-24,23,34.39
2027-08-24,24,33.2
2027-08-25,1,32.71
2027-08-25,2,32.71
2027-08-25,3,32.73
2027-08-25,4,32.79
2027-08-25,5,33.01
2027-08-25,6,33.6
2027-08-25,7,34.95
2027-08-25,8,37.45
2027-08-25,9,41.2
2027-08-25,10,45.6
2027-08-25,11,49.26
2027-08-25,12,50.72
2027-08-25,13,49.4
2027-08-25,14,46.17
2027-08-25,15,42.97
2027-08-25,16,41.7
2027-08-25,17,42.88
2027-08-25,18,45.15
2027-08-25,19,46.09
2027-08-25,20,44.34
2027-08-25,21,40.66
2027-08-25,22,36.96
2027-08-25,23,34.48
2027-08-25,24,33.28
2027-08-26,1,32.79
2027-08-26,2,32.8
2027-08-26,3,32.81
2027-08-26,4,32.88
2027-08-26,5,33.1
2027-08-26,6,33.69
2027-08-26,7,35.04
2027-08-26,8,37.55
2027-08-26,9,41.31
2027-08-26,10,45.72
2027-08-26,11,49.39
2027-08-26,12,50.86
2027-08-26,13,49.53
2027-08-26,14,46.29
2027-08-26,15,43.09
2027-08-26,16,41.81
2027-08-26,17,42.99
2027-08-26,18,45.27
2027-08-26,19,46.21
2027-08-26,20,44.46
2027-08-26,21,40.77
2027-08-26,22,37.06
2027-08-26,23,34.57
2027-08-26,24,33.37
2027-08-27,1,32.88
2027-08-27,2,32.88
2027-08-27,3,32.9
2027-08-27,4,32.97
2027-08-27,5,33.19
2027-08-27,6,33.78
2027-08-27,7,35.13
2027-08-27,8,37.65
2027-08-27,9,41.42
2027-08-27,10,45.84
2027-08-27,11,49.52
2027-08-27,12,50.99
2027-08-27,13,49.67
2027-08-27,14,46.42
2027-08-27,15,43.2
2027-08-27,16,41.92
2027-08-27,17,43.11
2027-08-27,18,45.39
2027-08-27,19,46.34
2027-08-27,20,44.57
2027-08-27,21,40.88
2027-08-27,22,37.15
2027-08-27,23,34.66
2027-08-27,24,33.46
2027-08-28,1,18.13
2027-08-28,2,18.14
2027-08-28,3,18.15
2027-08-28,4,18.18
2027-08-28,5,18.3
2027-08-28,6,18.63
2027-08-28,7,19.38
2027-08-28,8,20.76
2027-08-28,9,22.85
2027-08-28,10,25.28
2027-08-28,11,27.31
2027-08-28,12,28.12
2027-08-28,13,27.39
2027-08-28,14,25.6
2027-08-28,15,23.83
2027-08-28,16,23.12
2027-08-28,17,23.78
2027-08-28,18,25.03
2027-08-28,19,25.56
2027-08-28,20,24.58
2027-08-28,21,22.55
2027-08-28,22,20.49
2027-08-28,23,19.12
2027-08-28,24,18.45
2027-08-29,1,18.19
2027-08-29,2,18.19
2027-08-29,3,18.2
2027-08-29,4,18.23
2027-08-29,5,18.35
2027-08-29,6,18.68
2027-08-29,7,19.43
2027-08-29,8,20.82
2027-08-29,9,22.91
2027-08-29,10,25.35
2027-08-29,11,27.39
2027-08-29,12,28.2
2027-08-29,13,27.47
2027-08-29,14,25.67
2027-08-29,15,23.89
2027-08-29,16,23.18
2027-08-29,17,23.84
2027-08-29,18,25.1
2027-08-29,19,25.63
2027-08-29,20,24.65
2027-08-29,21,22.61
2027-08-29,22,20.55
2027-08-29,23,19.17
2027-08-29,24,18.5
2027-08-30,1,33.16
2027-08-30,2,33.16
2027-08-30,3,33.18
2027-08-30,4,33.25
2027-08-30,5,33.46
2027-08-30,6,34.07
2027-08-30,7,35.43
2027-08-30,8,37.96
2027-08-30,9,41.77
2027-08-30,10,46.22
2027-08-30,11,49.94
2027-08-30,12,51.42
2027-08-30,13,50.08
2027-08-30,14,46.81
2027-08-30,15,43.57
2027-08-30,16,42.27
2027-08-30,17,43.47
2027-08-30,18,45.77
2027-08-30,19,46.73
2027-08-30,20,44.95
2027-08-30,21,41.22
2027-08-30,22,37.47
2027-08-30,23,34.95
2027-08-30,24,33.74
2027-08-31,1,33.25
2027-08-31,2,33.26
2027-08-31,3,33.27
2027-08-31,4,33.34
2027-08-31,5,33.56
2027-08-31,6,34.16
2027-08-31,7,35.53
2027-08-31,8,38.07
2027-08-31,9,41.89
2027-08-31,10,46.36
2027-08-31,11,50.08
2027-08-31,12,51.57
2027-08-31,13,50.23
2027-08-31,14,46.94
2027-08-31,15,43.69
2027-08-31,16,42.39
2027-08-31,17,43.6
2027-08-31,18,45.9
2027-08-31,19,46.86
2027-08-31,20,45.08
2027-08-31,21,41.34
2027-08-31,22,37.58
2027-08-31,23,35.05
2027-08-31,24,33.84
2027-09-01,1,33.35
2027-09-01,2,33.36
2027-09-01,3,33.37
2027-09-01,4,33.44
2027-09-01,5,33.66
2027-09-01,6,34.26
2027-09-01,7,35.64
2027-09-01,8,38.19
2027-09-01,9,42.02
2027-09-01,10,46.5
2027-09-01,11,50.23
2027-09-01,12,51.72
2027-09-01,13,50.38
2027-09-01,14,47.08
2027-09-01,15,43.82
2027-09-01,16,42.52
2027-09-01,17,43.73
2027-09-01,18,46.04
2027-09-01,19,47.0
2027-09-01,20,45.21
2027-09-01,21,41.46
2027-09-01,22,37.69
2027-09-01,23,35.16
2027-09-01,24,33.94
2027-09-02,1,33.45
2027-09-02,2,33.46
2027-09-02,3,33.47
2027-09-02,4,33.54
2027-09-02,5,33.76
2027-09-02,6,34.37
2027-09-02,7,35.74
2027-09-02,8,38.3
2027-09-02,9,42.14
2027-09-02,10,46.64
2027-09-02,11,50.38
2027-09-02,12,51.88
2027-09-02,13,50.53
2027-09-02,14,47.22
2027-09-02,15,43.95
2027-09-02,16,42.65
2027-09-02,17,43.86
2027-09-02,18,46.18
2027-09-02,19,47.14
2027-09-02,20,45.35
2027-09-02,21,41.59
2027-09-02,22,37.8
2027-09-02,23,35.26
2027-09-02,24,34.04
2027-09-03,1,33.55
2027-09-03,2,33.56
2027-09-03,3,33.58
2027-09-03,4,33.64
2027-09-03,5,33.87
2027-09-03,6,34.47
2027-09-03,7,35.85
2027-09-03,8,38.42
2027-09-03,9,42.27
2027-09-03,10,46.78
2027-09-03,11,50.54
2027-09-03,12,52.04
2027-09-03,13,50.68
2027-09-03,14,47.37
2027-09-03,15,44.09
2027-09-03,16,42.78
2027-09-03,17,43.99
2027-09-03,18,46.32
2027-09-03,19,47.29
2027-09-03,20,45.49
2027-09-03,21,41.72
2027-09-03,22,37.92
2027-09-03,23,35.37
2027-09-03,24,34.14
2027-09-04,1,18.51
2027-09-04,2,18.51
2027-09-04,3,18.52
2027-09-04,4,18.56
2027-09-04,5,18.68
2027-09-04,6,19.02
2027-09-04,7,19.78
2027-09-04,8,21.2
2027-09-04,9,23.32
2027-09-04,10,25.81
2027-09-04,11,27.88
2027-09-04,12,28.71
2027-09-04,13,27.96
2027-09-04,14,26.13
2027-09-04,15,24.32
2027-09-04,16,23.6
2027-09-04,17,24.27
2027-09-04,18,25.55
2027-09-04,19,26.09
2027-09-04,20,25.1
2027-09-04,21,23.02
2027-09-04,22,20.92
2027-09-04,23,19.51
2027-09-04,24,18.84
2027-09-05,1,18.57
2027-09-05,2,18.57
2027-09-05,3,18.58
2027-09-05,4,18.62
2027-09-05,5,18.74
2027-09-05,6,19.08
2027-09-05,7,19.84
2027-09-05,8,21.26
2027-09-05,9,23.39
2027-09-05,10,25.89
2027-09-05,11,27.97
2027-09-05,12,28.8
2027-09-05,13,28.05
2027-09-05,14,26.22
2027-09-05,15,24.4
2027-09-05,16,23.67
2027-09-05,17,24.35
2027-09-05,18,25.63
2027-09-05,19,26.17
2027-09-05,20,25.17
2027-09-05,21,23.09
2027-09-05,22,20.98
2027-09-05,23,19.58
2027-09-05,24,18.9
2027-09-06,1,33.87
2027-09-06,2,33.88
2027-09-06,3,33.89
2027-09-06,4,33.96
2027-09-06,5,34.19
2027-09-06,6,34.8
2027-09-06,7,36.19
2027-09-06,8,38.78
2027-09-06,9,42.67
2027-09-06,10,47.22
2027-09-06,11,51.02
2027-09-06,12,52.53
2027-09-06,13,51.16
2027-09-06,14,47.82
2027-09-06,15,44.51
2027-09-06,16,43.18
2027-09-06,17,44.41
2027-09-06,18,46.76
2027-09-06,19,47.73
2027-09-06,20,45.92
2027-09-06,21,42.11
2027-09-06,22,38.28
2027-09-06,23,35.71
2027-09-06,24,34.47
2027-09-07,1,33.98
2027-09-07,2,33.99
2027-09-07,3,34.0
2027-09-07,4,34.07
2027-09-07,5,34.3
2027-09-07,6,34.91
2027-09-07,7,36.31
2027-09-07,8,38.91
2027-09-07,9,42.81
2027-09-07,10,47.37
2027-09-07,11,51.18
2027-09-07,12,52.7
2027-09-07,13,51.33
2027-09-07,14,47.97
2027-09-07,15,44.65
2027-09-07,16,43.32
2027-09-07,17,44.55
2027-09-07,18,46.91
2027-09-07,19,47.89
2027-09-07,20,46.07
2027-09-07,21,42.25
2027-09-07,22,38.4
2027-09-07,23,35.82
2027-09-07,24,34.58
2027-09-08,1,34.09
2027-09-08,2,34.1
2027-09-08,3,34.11
2027-09-08,4,34.18
2027-09-08,5,34.41
2027-09-08,6,35.03
2027-09-08,7,36.43
2027-09-08,8,39.04
2027-09-08,9,42.95
2027-09-08,10,47.53
2027-09-08,11,51.35
2027-09-08,12,52.87
2027-09-08,13,51.5
2027-09-08,14,48.13
2027-09-08,15,44.8
2027-09-08,16,43.46
2027-09-08,17,44.7
2027-09-08,18,47.06
2027-09-08,19,48.05
2027-09-08,20,46.22
2027-09-08,21,42.39
2027-09-08,22,38.52
2027-09-08,23,35.94
2027-09-08,24,34.69
2027-09-09,1,34.21
2027-09-09,2,34.21
2027-09-09,3,34.23
2027-09-09,4,34.3
2027-09-09,5,34.52
2027-09-09,6,35.14
2027-09-09,7,36.55
2027-09-09,8,39.17
2027-09-09,9,43.09
2027-09-09,10,47.69
2027-09-09,11,51.52
2027-09-09,12,53.05
2027-09-09,13,51.67
2027-09-09,14,48.29
2027-09-09,15,44.94
2027-09-09,16,43.61
2027-09-09,17,44.85
2027-09-09,18,47.22
2027-09-09,19,48.21
2027-09-09,20,46.37
2027-09-09,21,42.53
2027-09-09,22,38.65
2027-09-09,23,36.06
2027-09-09,24,34.81
2027-09-10,1,34.32
2027-09-10,2,34.33
2027-09-10,3,34.34
2027-09-10,4,34.41
2027-09-10,5,34.64
2027-09-10,6,35.26
2027-09-10,7,36.67
2027-09-10,8,39.3
2027-09-10,9,43.24
2027-09-10,10,47.85
2027-09-10,11,51.69
2027-09-10,12,53.23
2027-09-10,13,51.84
2027-09-10,14,48.45
2027-09-10,15,45.1
2027-09-10,16,43.75
2027-09-10,17,45.0
2027-09-10,18,47.38
2027-09-10,19,48.37
2027-09-10,20,46.53
2027-09-10,21,42.67
2027-09-10,22,38.78
2027-09-10,23,36.18
2027-09-10,24,34.92
2027-09-11,1,18.94
2027-09-11,2,18.94
2027-09-11,3,18.95
2027-09-11,4,18.99
2027-09-11,5,19.12
2027-09-11,6,19.46
2027-09-11,7,20.24
2027-09-11,8,21.69
2027-09-11,9,23.86
2027-09-11,10,26.41
2027-09-11,11,28.53
2027-09-11,12,29.37
2027-09-11,13,28.61
2027-09-11,14,26.74
2027-09-11,15,24.89
2027-09-11,16,24.15
2027-09-11,17,24.83
2027-09-11,18,26.15
2027-09-11,19,26.69
2027-09-11,20,25.68
2027-09-11,21,23.55
2027-09-11,22,21.4
2027-09-11,23,19.97
2027-09-11,24,19.27
2027-09-12,1,19.01
2027-09-12,2,19.01
2027-09-12,3,19.02
2027-09-12,4,19.06
2027-09-12,5,19.18
2027-09-12,6,19.53
2027-09-12,7,20.31
2027-09-12,8,21.76
2027-09-12,9,23.94
2027-09-12,10,26.5
2027-09-12,11,28.63
2027-09-12,12,29.48
2027-09-12,13,28.71
2027-09-12,14,26.83
2027-09-12,15,24.97
2027-09-12,16,24.23
2027-09-12,17,24.92
2027-09-12,18,26.24
2027-09-12,19,26.78
2027-09-12,20,25.77
2027-09-12,21,23.63
2027-09-12,22,21.48
2027-09-12,23,20.03
2027-09-12,24,19.34
2027-09-13,1,34.68
2027-09-13,2,34.68
2027-09-13,3,34.7
2027-09-13,4,34.77
2027-09-13,5,35.0
2027-09-13,6,35.63
2027-09-13,7,37.05
2027-09-13,8,39.7
2027-09-13,9,43.68
2027-09-13,10,48.34
2027-09-13,11,52.23
2027-09-13,12,53.78
2027-09-13,13,52.38
2027-09-13,14,48.95
2027-09-13,15,45.56
2027-09-13,16,44.21
2027-09-13,17,45.46
2027-09-13,18,47.87
2027-09-13,19,48.87
2027-09-13,20,47.01
2027-09-13,21,43.11
2027-09-13,22,39.18
2027-09-13,23,36.55
2027-09-13,24,35.29
2027-09-14,1,34.8
2027-09-14,2,34.8
2027-09-14,3,34.82
2027-09-14,4,34.89
2027-09-14,5,35.12
2027-09-14,6,35.75
2027-09-14,7,37.18
2027-09-14,8,39.84
2027-09-14,9,43.84
2027-09-14,10,48.51
2027-09-14,11,52.41
2027-09-14,12,53.97
2027-09-14,13,52.56
2027-09-14,14,49.12
2027-09-14,15,45.72
2027-09-14,16,44.36
2027-09-14,17,45.62
2027-09-14,18,48.03
2027-09-14,19,49.04
2027-09-14,20,47.17
2027-09-14,21,43.26
2027-09-14,22,39.32
2027-09-14,23,36.68
2027-09-14,24,35.41
2027-09-15,1,34.92
2027-09-15,2,34.92
2027-09-15,3,34.94
2027-09-15,4,35.01
2027-09-15,5,35.24
2027-09-15,6,35.88
2027-09-15,7,37.31
2027-09-15,8,39.98
2027-09-15,9,43.99
2027-09-15,10,48.68
2027-09-15,11,52.59
2027-09-15,12,54.16
2027-09-15,13,52.75
2027-09-15,14,49.3
2027-09-15,15,45.88
2027-09-15,16,44.52
2027-09-15,17,45.78
2027-09-15,18,48.2
2027-09-15,19,49.21
2027-09-15,20,47.34
2027-09-15,21,43.41
2027-09-15,22,39.46
2027-09-15,23,36.81
2027-09-15,24,35.53
2027-09-16,1,35.05
2027-09-16,2,35.05
2027-09-16,3,35.07
2027-09-16,4,35.14
2027-09-16,5,35.37
2027-09-16,6,36.0
2027-09-16,7,37.44
2027-09-16,8,40.12
2027-09-16,9,44.15
2027-09-16,10,48.86
2027-09-16,11,52.78
2027-09-16,12,54.35
2027-09-16,13,52.93
2027-09-16,14,49.47
2027-09-16,15,46.05
2027-09-16,16,44.68
2027-09-16,17,45.95
2027-09-16,18,48.37
2027-09-16,19,49.39
2027-09-16,20,47.51
2027-09-16,21,43.57
2027-09-16,22,39.6
2027-09-16,23,36.94
2027-09-16,24,35.66
2027-09-17,1,35.17
2027-09-17,2,35.17
2027-09-17,3,35.19
2027-09-17,4,35.26
2027-09-17,5,35.5
2027-09-17,6,36.13
2027-09-17,7,37.58
2027-09-17,8,40.27
2027-09-17,9,44.31
2027-09-17,10,49.03
2027-09-17,11,52.97
2027-09-17,12,54.54
2027-09-17,13,53.12
2027-09-17,14,49.65
2027-09-17,15,46.21
2027-09-17,16,44.84
2027-09-17,17,46.11
2027-09-17,18,48.55
2027-09-17,19,49.56
2027-09-17,20,47.68
2027-09-17,21,43.73
2027-09-17,22,39.74
2027-09-17,23,37.07
2027-09-17,24,35.79
2027-09-18,1,19.41
2027-09-18,2,19.42
2027-09-18,3,19.43
2027-09-18,4,19.47
2027-09-18,5,19.59
2027-09-18,6,19.95
2027-09-18,7,20.74
2027-09-18,8,22.23
2027-09-18,9,24.46
2027-09-18,10,27.06
2027-09-18,11,29.24
2027-09-18,12,30.11
2027-09-18,13,29.32
2027-09-18,14,27.41
2027-09-18,15,25.51
2027-09-18,16,24.75
2027-09-18,17,25.45
2027-09-18,18,26.8
2027-09-18,19,27.36
2027-09-18,20,26.32
2027-09-18,21,24.14
2027-09-18,22,21.94
2027-09-18,23,20.47
2027-09-18,24,19.75
2027-09-19,1,19.48
2027-09-19,2,19.49
2027-09-19,3,19.5
2027-09-19,4,19.54
2027-09-19,5,19.67
2027-09-19,6,20.02
2027-09-19,7,20.82
2027-09-19,8,22.31
2027-09-19,9,24.55
2027-09-19,10,27.16
2027-09-19,11,29.35
2027-09-19,12,30.22
2027-09-19,13,29.43
2027-09-19,14,27.51
2027-09-19,15,25.6
2027-09-19,16,24.84
2027-09-19,17,25.55
2027-09-19,18,26.9
2027-09-19,19,27.46
2027-09-19,20,26.41
2027-09-19,21,24.22
2027-09-19,22,22.02
2027-09-19,23,20.54
2027-09-19,24,19.83
2027-09-20,1,35.56
2027-09-20,2,35.56
2027-09-20,3,35.58
2027-09-20,4,35.65
2027-09-20,5,35.89
2027-09-20,6,36.53
2027-09-20,7,37.99
2027-09-20,8,40.71
2027-09-20,9,44.79
2027-09-20,10,49.57
2027-09-20,11,53.55
2027-09-20,12,55.14
2027-09-20,13,53.71
2027-09-20,14,50.19
2027-09-20,15,46.72
2027-09-20,16,45.33
2027-09-20,17,46.62
2027-09-20,18,49.08
2027-09-20,19,50.11
2027-09-20,20,48.2
2027-09-20,21,44.21
2027-09-20,22,40.18
2027-09-20,23,37.48
2027-09-20,24,36.18
2027-09-21,1,35.69
2027-09-21,2,35.69
2027-09-21,3,35.71
2027-09-21,4,35.78
2027-09-21,5,36.02
2027-09-21,6,36.66
2027-09-21,7,38.13
2027-09-21,8,40.86
2027-09-21,9,44.96
2027-09-21,10,49.75
2027-09-21,11,53.75
2027-09-21,12,55.35
2027-09-21,13,53.91
2027-09-21,14,50.38
2027-09-21,15,46.89
2027-09-21,16,45.5
2027-09-21,17,46.79
2027-09-21,18,49.26
2027-09-21,19,50.29
2027-09-21,20,48.38
2027-09-21,21,44.37
2027-09-21,22,40.33
2027-09-21,23,37.62
2027-09-21,24,36.32
2027-09-22,1,35.82
2027-09-22,2,35.83
2027-09-22,3,35.84
2027-09-22,4,35.92
2027-09-22,5,36.15
2027-09-22,6,36.8
2027-09-22,7,38.27
2027-09-22,8,41.01
2027-09-22,9,45.13
2027-09-22,10,49.94
2027-09-22,11,53.95
2027-09-22,12,55.55
2027-09-22,13,54.11
2027-09-22,14,50.57
2027-09-22,15,47.07
2027-09-22,16,45.67
2027-09-22,17,46.96
2027-09-22,18,49.45
2027-09-22,19,50.48
2027-09-22,20,48.56
2027-09-22,21,44.53
2027-09-22,22,40.48
2027-09-22,23,37.76
2027-09-22,24,36.45
2027-09-23,1,35.96
2027-09-23,2,35.96
2027-09-23,3,35.98
2027-09-23,4,36.05
2027-09-23,5,36.29
2027-09-23,6,36.94
2027-09-23,7,38.42
2027-09-23,8,41.17
2027-09-23,9,45.3
2027-09-23,10,50.12
2027-09-23,11,54.15
2027-09-23,12,55.76
2027-09-23,13,54.31
2027-09-23,14,50.76
2027-09-23,15,47.24
2027-09-23,16,45.84
2027-09-23,17,47.14
2027-09-23,18,49.63
2027-09-23,19,50.67
2027-09-23,20,48.74
2027-09-23,21,44.7
2027-09-23,22,40.63
2027-09-23,23,37.9
2027-09-23,24,36.59
2027-09-24,1,36.09
2027-09-24,2,36.09
2027-09-24,3,36.11
2027-09-24,4,36.19
2027-09-24,5,36.42
2027-09-24,6,37.08
2027-09-24,7,38.56
2027-09-24,8,41.32
2027-09-24,9,45.47
2027-09-24,10,50.31
2027-09-24,11,54.36
2027-09-24,12,55.97
2027-09-24,13,54.51
2027-09-24,14,50.95
2027-09-24,15,47.42
2027-09-24,16,46.01
2027-09-24,17,47.32
2027-09-24,18,49.82
2027-09-24,19,50.86
2027-09-24,20,48.92
2027-09-24,21,44.87
2027-09-24,22,40.78
2027-09-24,23,38.04
2027-09-24,24,36.72
2027-09-25,1,19.92
2027-09-25,2,19.93
2027-09-25,3,19.94
2027-09-25,4,19.98
2027-09-25,5,20.11
2027-09-25,6,20.47
2027-09-25,7,21.29
2027-09-25,8,22.81
2027-09-25,9,25.1
2027-09-25,10,27.78
2027-09-25,11,30.01
2027-09-25,12,30.9
2027-09-25,13,30.09
2027-09-25,14,28.13
2027-09-25,15,26.18
2027-09-25,16,25.4
2027-09-25,17,26.12
2027-09-25,18,27.5
2027-09-25,19,28.08
2027-09-25,20,27.01
2027-09-25,21,24.77
2027-09-25,22,22.51
2027-09-25,23,21.0
2027-09-25,24,20.27
2027-09-26,1,20.0
2027-09-26,2,20.0
2027-09-26,3,20.01
2027-09-26,4,20.05
2027-09-26,5,20.19
2027-09-26,6,20.55
2027-09-26,7,21.37
2027-09-26,8,22.9
2027-09-26,9,25.2
2027-09-26,10,27.88
2027-09-26,11,30.12
2027-09-26,12,31.02
2027-09-26,13,30.21
2027-09-26,14,28.23
2027-09-26,15,26.28
2027-09-26,16,25.5
2027-09-26,17,26.22
2027-09-26,18,27.61
2027-09-26,19,28.18
2027-09-26,20,27.11
2027-09-26,21,24.86
2027-09-26,22,22.6
2027-09-26,23,21.08
2027-09-26,24,20.35
2027-09-27,1,36.5
2027-09-27,2,36.51
2027-09-27,3,36.53
2027-09-27,4,36.6
2027-09-27,5,36.84
2027-09-27,6,37.5
2027-09-27,7,39.0
2027-09-27,8,41.79
2027-09-27,9,45.98
2027-09-27,10,50.89
2027-09-27,11,54.98
2027-09-27,12,56.61
2027-09-27,13,55.13
2027-09-27,14,51.53
2027-09-27,15,47.96
2027-09-27,16,46.53
2027-09-27,17,47.86
2027-09-27,18,50.39
2027-09-27,19,51.44
2027-09-27,20,49.48
2027-09-27,21,45.38
2027-09-27,22,41.25
2027-09-27,23,38.48
2027-09-27,24,37.14
2027-09-28,1,36.64
2027-09-28,2,36.65
2027-09-28,3,36.66
2027-09-28,4,36.74
2027-09-28,5,36.98
2027-09-28,6,37.64
2027-09-28,7,39.15
2027-09-28,8,41.95
2027-09-28,9,46.16
2027-09-28,10,51.08
2027-09-28,11,55.19
2027-09-28,12,56.83
2027-09-28,13,55.35
2027-09-28,14,51.73
2027-09-28,15,48.14
2027-09-28,16,46.71
2027-09-28,17,48.04
2027-09-28,18,50.58
2027-09-28,19,51.64
2027-09-28,20,49.67
2027-09-28,21,45.55
2027-09-28,22,41.4
2027-09-28,23,38.63
2027-09-28,24,37.29
2027-09-29,1,36.78
2027-09-29,2,36.79
2027-09-29,3,36.81
2027-09-29,4,36.88
2027-09-29,5,37.12
2027-09-29,6,37.79
2027-09-29,7,39.3
2027-09-29,8,42.11
2027-09-29,9,46.34
2027-09-29,10,51.28
2027-09-29,11,55.4
2027-09-29,12,57.04
2027-09-29,13,55.56
2027-09-29,14,51.92
2027-09-29,15,48.33
2027-09-29,16,46.89
2027-09-29,17,48.22
2027-09-29,18,50.77
2027-09-29,19,51.84
2027-09-29,20,49.86
2027-09-29,21,45.73
2027-09-29,22,41.56
2027-09-29,23,38.77
2027-09-29,24,37.43
2027-09-30,1,36.92
2027-09-30,2,36.93
2027-09-30,3,36.95
2027-09-30,4,37.02
2027-09-30,5,37.27
2027-09-30,6,37.93
2027-09-30,7,39.45
2027-09-30,8,42.28
2027-09-30,9,46.52
2027-09-30,10,51.47
2027-09-30,11,55.61
2027-09-30,12,57.26
2027-09-30,13,55.77
2027-09-30,14,52.12
2027-09-30,15,48.51
2027-09-30,16,47.07
2027-09-30,17,48.41
2027-09-30,18,50.97
2027-09-30,19,52.03
2027-09-30,20,50.05
2027-09-30,21,45.9
2027-09-30,22,41.72
2027-09-30,23,38.92
2027-09-30,24,37.57
2027-10-01,1,37.07
2027-10-01,2,37.07
2027-10-01,3,37.09
2027-10-01,4,37.16
2027-10-01,5,37.41
2027-10-01,6,38.08
2027-10-01,7,39.6
2027-10-01,8,42.44
2027-10-01,9,46.7
2027-10-01,10,51.67
2027-10-01,11,55.83
2027-10-01,12,57.48
2027-10-01,13,55.99
2027-10-01,14,52.32
2027-10-01,15,48.7
2027-10-01,16,47.25
2027-10-01,17,48.6
2027-10-01,18,51.16
2027-10-01,19,52.24
2027-10-01,20,50.25
2027-10-01,21,46.08
2027-10-01,22,41.88
2027-10-01,23,39.07
2027-10-01,24,37.72
2027-10-02,1,20.47
2027-10-02,2,20.47
2027-10-02,3,20.48
2027-10-02,4,20.52
2027-10-02,5,20.65
2027-10-02,6,21.03
2027-10-02,7,21.87
2027-10-02,8,23.43
2027-10-02,9,25.78
2027-10-02,10,28.53
2027-10-02,11,30.82
2027-10-02,12,31.74
2027-10-02,13,30.91
2027-10-02,14,28.89
2027-10-02,15,26.89
2027-10-02,16,26.09
2027-10-02,17,26.83
2027-10-02,18,28.25
2027-10-02,19,28.84
2027-10-02,20,27.74
2027-10-02,21,25.44
2027-10-02,22,23.13
2027-10-02,23,21.57
2027-10-02,24,20.82
2027-10-03,1,20.54
2027-10-03,2,20.55
2027-10-03,3,20.56
2027-10-03,4,20.6
2027-10-03,5,20.73
2027-10-03,6,21.11
2027-10-03,7,21.95
2027-10-03,8,23.52
2027-10-03,9,25.88
2027-10-03,10,28.64
2027-10-03,11,30.94
2027-10-03,12,31.86
2027-10-03,13,31.03
2027-10-03,14,29.0
2027-10-03,15,26.99
2027-10-03,16,26.19
2027-10-03,17,26.94
2027-10-03,18,28.36
2027-10-03,19,28.95
2027-10-03,20,27.85
2027-10-03,21,25.54
2027-10-03,22,23.21
2027-10-03,23,21.66
2027-10-03,24,20.91
2027-10-04,1,37.5
2027-10-04,2,37.5
2027-10-04,3,37.52
2027-10-04,4,37.6
2027-10-04,5,37.85
2027-10-04,6,38.52
2027-10-04,7,40.07
2027-10-04,8,42.93
2027-10-04,9,47.24
2027-10-04,10,52.28
2027-10-04,11,56.48
2027-10-04,12,58.15
2027-10-04,13,56.64
2027-10-04,14,52.93
2027-10-04,15,49.27
2027-10-04,16,47.8
2027-10-04,17,49.16
2027-10-04,18,51.76
2027-10-04,19,52.84
2027-10-04,20,50.83
2027-10-04,21,46.62
2027-10-04,22,42.37
2027-10-04,23,39.53
2027-10-04,24,38.16
2027-10-05,1,37.64
2027-10-05,2,37.65
2027-10-05,3,37.67
2027-10-05,4,37.74
2027-10-05,5,37.99
2027-10-05,6,38.67
2027-10-05,7,40.22
2027-10-05,8,43.1
2027-10-05,9,47.42
2027-10-05,10,52.48
2027-10-05,11,56.7
2027-10-05,12,58.38
2027-10-05,13,56.86
2027-10-05,14,53.14
2027-10-05,15,49.46
2027-10-05,16,47.99
2027-10-05,17,49.35
2027-10-05,18,51.96
2027-10-05,19,53.05
2027-10-05,20,51.03
2027-10-05,21,46.8
2027-10-05,22,42.54
2027-10-05,23,39.68
2027-10-05,24,38.3
2027-10-06,1,37.79
2027-10-06,2,37.79
2027-10-06,3,37.81
2027-10-06,4,37.89
2027-10-06,5,38.14
2027-10-06,6,38.82
2027-10-06,7,40.38
2027-10-06,8,43.27
2027-10-06,9,47.61
2027-10-06,10,52.68
2027-10-06,11,56.92
2027-10-06,12,58.61
2027-10-06,13,57.08
2027-10-06,14,53.35
2027-10-06,15,49.65
2027-10-06,16,48.18
2027-10-06,17,49.55
2027-10-06,18,52.16
2027-10-06,19,53.26
2027-10-06,20,51.23
2027-10-06,21,46.98
2027-10-06,22,42.7
2027-10-06,23,39.84
2027-10-06,24,38.45
2027-10-07,1,37.94
2027-10-07,2,37.94
2027-10-07,3,37.96
2027-10-07,4,38.04
2027-10-07,5,38.29
2027-10-07,6,38.98
2027-10-07,7,40.53
2027-10-07,8,43.44
2027-10-07,9,47.79
2027-10-07,10,52.89
2027-10-07,11,57.14
2027-10-07,12,58.83
2027-10-07,13,57.3
2027-10-07,14,53.55
2027-10-07,15,49.85
2027-10-07,16,48.36
2027-10-07,17,49.74
2027-10-07,18,52.37
2027-10-07,19,53.46
2027-10-07,20,51.43
2027-10-07,21,47.16
2027-10-07,22,42.87
2027-10-07,23,39.99
2027-10-07,24,38.6
2027-10-08,1,38.08
2027-10-08,2,38.09
2027-10-08,3,38.11
2027-10-08,4,38.19
2027-10-08,5,38.44
2027-10-08,6,39.13
2027-10-08,7,40.69
2027-10-08,8,43.61
2027-10-08,9,47.98
2027-10-08,10,53.09
2027-10-08,11,57.36
2027-10-08,12,59.06
2027-10-08,13,57.52
2027-10-08,14,53.76
2027-10-08,15,50.04
2027-10-08,16,48.55
2027-10-08,17,49.93
2027-10-08,18,52.57
2027-10-08,19,53.67
2027-10-08,20,51.63
2027-10-08,21,47.35
2027-10-08,22,43.03
2027-10-08,23,40.15
2027-10-08,24,38.75
2027-10-09,1,21.03
2027-10-09,2,21.03
2027-10-09,3,21.04
2027-10-09,4,21.08
2027-10-09,5,21.22
2027-10-09,6,21.6
2027-10-09,7,22.47
2027-10-09,8,24.08
2027-10-09,9,26.49
2027-10-09,10,29.31
2027-10-09,11,31.67
2027-10-09,12,32.61
2027-10-09,13,31.76
2027-10-09,14,29.68
2027-10-09,15,27.63
2027-10-09,16,26.81
2027-10-09,17,27.57
2027-10-09,18,29.03
2027-10-09,19,29.63
2027-10-09,20,28.51
2027-10-09,21,26.14
2027-10-09,22,23.76
2027-10-09,23,22.17
2027-10-09,24,21.4
2027-10-10,1,21.11
2027-10-10,2,21.11
2027-10-10,3,21.12
2027-10-10,4,21.17
2027-10-10,5,21.31
2027-10-10,6,21.69
2027-10-10,7,22.56
2027-10-10,8,24.17
2027-10-10,9,26.59
2027-10-10,10,29.43
2027-10-10,11,31.79
2027-10-10,12,32.74
2027-10-10,13,31.89
2027-10-10,14,29.8
2027-10-10,15,27.74
2027-10-10,16,26.91
2027-10-10,17,27.68
2027-10-10,18,29.14
2027-10-10,19,29.75
2027-10-10,20,28.62
2027-10-10,21,26.24
2027-10-10,22,23.85
2027-10-10,23,22.25
2027-10-10,24,21.48
2027-10-11,1,38.53
2027-10-11,2,38.54
2027-10-11,3,38.55
2027-10-11,4,38.63
2027-10-11,5,38.89
2027-10-11,6,39.59
2027-10-11,7,41.17
2027-10-11,8,44.12
2027-10-11,9,48.54
2027-10-11,10,53.71
2027-10-11,11,58.03
2027-10-11,12,59.76
2027-10-11,13,58.2
2027-10-11,14,54.39
2027-10-11,15,50.63
2027-10-11,16,49.12
2027-10-11,17,50.52
2027-10-11,18,53.19
2027-10-11,19,54.3
2027-10-11,20,52.23
2027-10-11,21,47.9
2027-10-11,22,43.54
2027-10-11,23,40.62
2027-10-11,24,39.21
2027-10-12,1,38.68
2027-10-12,2,38.68
2027-10-12,3,38.7
2027-10-12,4,38.78
2027-10-12,5,39.04
2027-10-12,6,39.74
2027-10-12,7,41.33
2027-10-12,8,44.29
2027-10-12,9,48.73
2027-10-12,10,53.92
2027-10-12,11,58.26
2027-10-12,12,59.99
2027-10-12,13,58.42
2027-10-12,14,54.6
2027-10-12,15,50.82
2027-10-12,16,49.31
2027-10-12,17,50.71
2027-10-12,18,53.39
2027-10-12,19,54.51
2027-10-12,20,52.44
2027-10-12,21,48.09
2027-10-12,22,43.71
2027-10-12,23,40.77
2027-10-12,24,39.36
2027-10-13,1,38.83
2027-10-13,2,38.83
2027-10-13,3,38.85
2027-10-13,4,38.93
2027-10-13,5,39.19
2027-10-13,6,39.89
2027-10-13,7,41.49
2027-10-13,8,44.46
2027-10-13,9,48.92
2027-10-13,10,54.13
2027-10-13,11,58.48
2027-10-13,12,60.22
2027-10-13,13,58.65
2027-10-13,14,54.81
2027-10-13,15,51.02
2027-10-13,16,49.5
2027-10-13,17,50.91
2027-10-13,18,53.6
2027-10-13,19,54.72
2027-10-13,20,52.64
2027-10-13,21,48.27
2027-10-13,22,43.88
2027-10-13,23,40.93
2027-10-13,24,39.51
2027-10-14,1,38.98
2027-10-14,2,38.98
2027-10-14,3,39.0
2027-10-14,4,39.08
2027-10-14,5,39.34
2027-10-14,6,40.05
2027-10-14,7,41.65
2027-10-14,8,44.63
2027-10-14,9,49.11
2027-10-14,10,54.34
2027-10-14,11,58.71
2027-10-14,12,60.45
2027-10-14,13,58.88
2027-10-14,14,55.03
2027-10-14,15,51.22
2027-10-14,16,49.69
2027-10-14,17,51.11
2027-10-14,18,53.81
2027-10-14,19,54.93
2027-10-14,20,52.84
2027-10-14,21,48.46
2027-10-14,22,44.05
2027-10-14,23,41.09
2027-10-14,24,39.66
2027-10-15,1,39.13
2027-10-15,2,39.14
2027-10-15,3,39.16
2027-10-15,4,39.23
2027-10-15,5,39.49
2027-10-15,6,40.2
2027-10-15,7,41.81
2027-10-15,8,44.8
2027-10-15,9,49.3
2027-10-15,10,54.55
2027-10-15,11,58.94
2027-10-15,12,60.69
2027-10-15,13,59.11
2027-10-15,14,55.24
2027-10-15,15,51.41
2027-10-15,16,49.88
2027-10-15,17,51.3
2027-10-15,18,54.01
2027-10-15,19,55.15
2027-10-15,20,53.05
2027-10-15,21,48.65
2027-10-15,22,44.22
2027-10-15,23,41.25
2027-10-15,24,39.82
2027-10-16,1,21.61
2027-10-16,2,21.61
2027-10-16,3,21.62
2027-10-16,4,21.66
2027-10-16,5,21.8
2027-10-16,6,22.2
2027-10-16,7,23.08
2027-10-16,8,24.74
2027-10-16,9,27.22
2027-10-16,10,30.12
2027-10-16,11,32.54
2027-10-16,12,33.51
2027-10-16,13,32.63
2027-10-16,14,30.5
2027-10-16,15,28.39
2027-10-16,16,27.54
2027-10-16,17,28.33
2027-10-16,18,29.82
2027-10-16,19,30.45
2027-10-16,20,29.29
2027-10-16,21,26.86
2027-10-16,22,24.41
2027-10-16,23,22.77
2027-10-16,24,21.98
2027-10-17,1,21.69
2027-10-17,2,21.69
2027-10-17,3,21.7
2027-10-17,4,21.75
2027-10-17,5,21.89
2027-10-17,6,22.28
2027-10-17,7,23.17
2027-10-17,8,24.83
2027-10-17,9,27.32
2027-10-17,10,30.24
2027-10-17,11,32.67
2027-10-17,12,33.64
2027-10-17,13,32.76
2027-10-17,14,30.62
2027-10-17,15,28.5
2027-10-17,16,27.65
2027-10-17,17,28.43
2027-10-17,18,29.94
2027-10-17,19,30.56
2027-10-17,20,29.4
2027-10-17,21,26.96
2027-10-17,22,24.51
2027-10-17,23,22.86
2027-10-17,24,22.07
2027-10-18,1,39.58
2027-10-18,2,39.59
2027-10-18,3,39.61
2027-10-18,4,39.69
2027-10-18,5,39.95
2027-10-18,6,40.67
2027-10-18,7,42.29
2027-10-18,8,45.32
2027-10-18,9,49.87
2027-10-18,10,55.18
2027-10-18,11,59.62
2027-10-18,12,61.39
2027-10-18,13,59.79
2027-10-18,14,55.88
2027-10-18,15,52.01
2027-10-18,16,50.46
2027-10-18,17,51.9
2027-10-18,18,54.64
2027-10-18,19,55.78
2027-10-18,20,53.66
2027-10-18,21,49.21
2027-10-18,22,44.73
2027-10-18,23,41.73
2027-10-18,24,40.28
2027-10-19,1,39.74
2027-10-19,2,39.74
2027-10-19,3,39.76
2027-10-19,4,39.84
2027-10-19,5,40.1
2027-10-19,6,40.82
2027-10-19,7,42.46
2027-10-19,8,45.5
2027-10-19,9,50.06
2027-10-19,10,55.39
2027-10-19,11,59.85
2027-10-19,12,61.62
2027-10-19,13,60.02
2027-10-19,14,56.09
2027-10-19,15,52.21
2027-10-19,16,50.66
2027-10-19,17,52.1
2027-10-19,18,54.85
2027-10-19,19,56.0
2027-10-19,20,53.87
2027-10-19,21,49.4
2027-10-19,22,44.9
2027-10-19,23,41.89
2027-10-19,24,40.43
2027-10-20,1,39.89
2027-10-20,2,39.89
2027-10-20,3,39.91
2027-10-20,4,39.99
2027-10-20,5,40.26
2027-10-20,6,40.98
2027-10-20,7,42.62
2027-10-20,8,45.67
2027-10-20,9,50.25
2027-10-20,10,55.61
2027-10-20,11,60.08
2027-10-20,12,61.86
2027-10-20,13,60.25
2027-10-20,14,56.31
2027-10-20,15,52.41
2027-10-20,16,50.85
2027-10-20,17,52.29
2027-10-20,18,55.06
2027-10-20,19,56.21
2027-10-20,20,54.07
2027-10-20,21,49.59
2027-10-20,22,45.07
2027-10-20,23,42.05
2027-10-20,24,40.59
2027-10-21,1,40.04
2027-10-21,2,40.04
2027-10-21,3,40.06
2027-10-21,4,40.14
2027-10-21,5,40.41
2027-10-21,6,41.13
2027-10-21,7,42.78
2027-10-21,8,45.84
2027-10-21,9,50.44
2027-10-21,10,55.82
2027-10-21,11,60.3
2027-10-21,12,62.09
2027-10-21,13,60.48
2027-10-21,14,56.52
2027-10-21,15,52.61
2027-10-21,16,51.04
2027-10-21,17,52.49
2027-10-21,18,55.27
2027-10-21,19,56.42
2027-10-21,20,54.28
2027-10-21,21,49.78
2027-10-21,22,45.24
2027-10-21,23,42.21
2027-10-21,24,40.74
2027-10-22,1,40.19
2027-10-22,2,40.19
2027-10-22,3,40.22
2027-10-22,4,40.3
2027-10-22,5,40.56
2027-10-22,6,41.29
2027-10-22,7,42.94
2027-10-22,8,46.02
2027-10-22,9,50.63
2027-10-22,10,56.03
2027-10-22,11,60.53
2027-10-22,12,62.33
2027-10-22,13,60.7
2027-10-22,14,56.73
2027-10-22,15,52.81
2027-10-22,16,51.23
2027-10-22,17,52.69
2027-10-22,18,55.48
2027-10-22,19,56.64
2027-10-22,20,54.48
2027-10-22,21,49.97
2027-10-22,22,45.41
2027-10-22,23,42.37
2027-10-22,24,40.9
2027-10-23,1,22.19
2027-10-23,2,22.19
2027-10-23,3,22.2
2027-10-23,4,22.25
2027-10-23,5,22.39
2027-10-23,6,22.79
2027-10-23,7,23.71
2027-10-23,8,25.4
2027-10-23,9,27.95
2027-10-23,10,30.93
2027-10-23,11,33.42
2027-10-23,12,34.41
2027-10-23,13,33.51
2027-10-23,14,31.32
2027-10-23,15,29.15
2027-10-23,16,28.29
2027-10-23,17,29.09
2027-10-23,18,30.63
2027-10-23,19,31.27
2027-10-23,20,30.08
2027-10-23,21,27.58
2027-10-23,22,25.07
2027-10-23,23,23.39
2027-10-23,24,22.58
2027-10-24,1,22.27
2027-10-24,2,22.27
2027-10-24,3,22.28
2027-10-24,4,22.33
2027-10-24,5,22.48
2027-10-24,6,22.88
2027-10-24,7,23.8
2027-10-24,8,25.5
2027-10-24,9,28.06
2027-10-24,10,31.05
2027-10-24,11,33.54
2027-10-24,12,34.54
2027-10-24,13,33.64
2027-10-24,14,31.44
2027-10-24,15,29.26
2027-10-24,16,28.39
2027-10-24,17,29.2
2027-10-24,18,30.74
2027-10-24,19,31.39
2027-10-24,20,30.19
2027-10-24,21,27.69
2027-10-24,22,25.17
2027-10-24,23,23.48
2027-10-24,24,22.66
2027-10-25,1,40.64
2027-10-25,2,40.65
2027-10-25,3,40.67
2027-10-25,4,40.75
2027-10-25,5,41.02
2027-10-25,6,41.76
2027-10-25,7,43.43
2027-10-25,8,46.54
2027-10-25,9,51.2
2027-10-25,10,56.66
2027-10-25,11,61.22
2027-10-25,12,63.03
2027-10-25,13,61.39
2027-10-25,14,57.37
2027-10-25,15,53.4
2027-10-25,16,51.81
2027-10-25,17,53.29
2027-10-25,18,56.1
2027-10-25,19,57.28
2027-10-25,20,55.1
2027-10-25,21,50.53
2027-10-25,22,45.93
2027-10-25,23,42.84
2027-10-25,24,41.36
2027-10-26,1,40.8
2027-10-26,2,40.8
2027-10-26,3,40.82
2027-10-26,4,40.9
2027-10-26,5,41.17
2027-10-26,6,41.91
2027-10-26,7,43.59
2027-10-26,8,46.71
2027-10-26,9,51.39
2027-10-26,10,56.87
2027-10-26,11,61.44
2027-10-26,12,63.27
2027-10-26,13,61.62
2027-10-26,14,57.59
2027-10-26,15,53.6
2027-10-26,16,52.01
2027-10-26,17,53.49
2027-10-26,18,56.31
2027-10-26,19,57.49
2027-10-26,20,55.3
2027-10-26,21,50.72
2027-10-26,22,46.1
2027-10-26,23,43.0
2027-10-26,24,41.51
2027-10-27,1,40.95
2027-10-27,2,40.95
2027-10-27,3,40.97
2027-10-27,4,41.05
2027-10-27,5,41.32
2027-10-27,6,42.07
2027-10-27,7,43.75
2027-10-27,8,46.88
2027-10-27,9,51.58
2027-10-27,10,57.08
2027-10-27,11,61.67
2027-10-27,12,63.5
2027-10-27,13,61.85
2027-10-27,14,57.8
2027-10-27,15,53.8
2027-10-27,16,52.2
2027-10-27,17,53.68
2027-10-27,18,56.52
2027-10-27,19,57.7
2027-10-27,20,55.51
2027-10-27,21,50.91
2027-10-27,22,46.27
2027-10-27,23,43.16
2027-10-27,24,41.66
2027-10-28,1,41.1
2027-10-28,2,41.1
2027-10-28,3,41.12
2027-10-28,4,41.2
2027-10-28,5,41.48
2027-10-28,6,42.22
2027-10-28,7,43.91
2027-10-28,8,47.05
2027-10-28,9,51.77
2027-10-28,10,57.29
2027-10-28,11,61.9
2027-10-28,12,63.73
2027-10-28,13,62.07
2027-10-28,14,58.01
2027-10-28,15,54.0
2027-10-28,16,52.39
2027-10-28,17,53.88
2027-10-28,18,56.73
2027-10-28,19,57.91
2027-10-28,20,55.71
2027-10-28,21,51.09
2027-10-28,22,46.44
2027-10-28,23,43.32
2027-10-28,24,41.82
2027-10-29,1,41.25
2027-10-29,2,41.25
2027-10-29,3,41.27
2027-10-29,4,41.36
2027-10-29,5,41.63
2027-10-29,6,42.37
2027-10-29,7,44.07
2027-10-29,8,47.23
2027-10-29,9,51.96
2027-10-29,10,57.5
2027-10-29,11,62.12
2027-10-29,12,63.97
2027-10-29,13,62.3
2027-10-29,14,58.22
2027-10-29,15,54.19
2027-10-29,16,52.58
2027-10-29,17,54.08
2027-10-29,18,56.93
2027-10-29,19,58.13
2027-10-29,20,55.91
2027-10-29,21,51.28
2027-10-29,22,46.61
2027-10-29,23,43.48
2027-10-29,24,41.97
2027-10-30,1,22.77
2027-10-30,2,22.77
2027-10-30,3,22.78
2027-10-30,4,22.83
2027-10-30,5,22.98
2027-10-30,6,23.39
2027-10-30,7,24.33
2027-10-30,8,26.07
2027-10-30,9,28.68
2027-10-30,10,31.74
2027-10-30,11,34.29
2027-10-30,12,35.31
2027-10-30,13,34.39
2027-10-30,14,32.14
2027-10-30,15,29.91
2027-10-30,16,29.02
2027-10-30,17,29.85
2027-10-30,18,31.43
2027-10-30,19,32.09
2027-10-30,20,30.86
2027-10-30,21,28.31
2027-10-30,22,25.73
2027-10-30,23,24.0
2027-10-30,24,23.17
2027-10-31,1,22.85
2027-10-31,2,22.85
2027-10-31,3,22.86
2027-10-31,4,22.86
2027-10-31,5,22.91
2027-10-31,6,23.06
2027-10-31,7,23.48
2027-10-31,8,24.41
2027-10-31,9,26.16
2027-10-31,10,28.79
2027-10-31,11,31.85
2027-10-31,12,34.42
2027-10-31,13,35.44
2027-10-31,14,34.51
2027-10-31,15,32.26
2027-10-31,16,30.02
2027-10-31,17,29.13
2027-10-31,18,29.96
2027-10-31,19,31.54
2027-10-31,20,32.2
2027-10-31,21,30.98
2027-10-31,22,28.41
2027-10-31,23,25.82
2027-10-31,24,24.09
2027-10-31,25,23.25
2027-11-01,1,41.69
2027-11-01,2,41.7
2027-11-01,3,41.72
2027-11-01,4,41.8
2027-11-01,5,42.08
2027-11-01,6,42.84
2027-11-01,7,44.55
2027-11-01,8,47.74
2027-11-01,9,52.53
2027-11-01,10,58.13
2027-11-01,11,62.8
2027-11-01,12,64.66
2027-11-01,13,62.98
2027-11-01,14,58.86
2027-11-01,15,54.78
2027-11-01,16,53.15
2027-11-01,17,54.66
2027-11-01,18,57.55
2027-11-01,19,58.76
2027-11-01,20,56.52
2027-11-01,21,51.84
2027-11-01,22,47.11
2027-11-01,23,43.95
2027-11-01,24,42.43
2027-11-02,1,41.84
2027-11-02,2,41.85
2027-11-02,3,41.87
2027-11-02,4,41.95
2027-11-02,5,42.23
2027-11-02,6,42.99
2027-11-02,7,44.71
2027-11-02,8,47.91
2027-11-02,9,52.71
2027-11-02,10,58.33
2027-11-02,11,63.02
2027-11-02,12,64.89
2027-11-02,13,63.2
2027-11-02,14,59.07
2027-11-02,15,54.98
2027-11-02,16,53.34
2027-11-02,17,54.86
2027-11-02,18,57.76
2027-11-02,19,58.97
2027-11-02,20,56.72
2027-11-02,21,52.02
2027-11-02,22,47.28
2027-11-02,23,44.11
2027-11-02,24,42.58
2027-11-03,1,41.99
2027-11-03,2,42.0
2027-11-03,3,42.02
2027-11-03,4,42.1
2027-11-03,5,42.38
2027-11-03,6,43.14
2027-11-03,7,44.87
2027-11-03,8,48.08
2027-11-03,9,52.9
2027-11-03,10,58.54
2027-11-03,11,63.24
2027-11-03,12,65.12
2027-11-03,13,63.42
2027-11-03,14,59.28
2027-11-03,15,55.17
2027-11-03,16,53.53
2027-11-03,17,55.05
2027-11-03,18,57.96
2027-11-03,19,59.17
2027-11-03,20,56.92
2027-11-03,21,52.2
2027-11-03,22,47.45
2027-11-03,23,44.26
2027-11-03,24,42.73
2027-11-04,1,42.14
2027-11-04,2,42.14
2027-11-04,3,42.16
2027-11-04,4,42.25
2027-11-04,5,42.53
2027-11-04,6,43.29
2027-11-04,7,45.02
2027-11-04,8,48.25
2027-11-04,9,53.08
2027-11-04,10,58.74
2027-11-04,11,63.47
2027-11-04,12,65.35
2027-11-04,13,63.65
2027-11-04,14,59.48
2027-11-04,15,55.37
2027-11-04,16,53.72
2027-11-04,17,55.25
2027-11-04,18,58.17
2027-11-04,19,59.38
2027-11-04,20,57.12
2027-11-04,21,52.39
2027-11-04,22,47.61
2027-11-04,23,44.42
2027-11-04,24,42.88
2027-11-05,1,42.28
2027-11-05,2,42.29
2027-11-05,3,42.31
2027-11-05,4,42.4
2027-11-05,5,42.68
2027-11-05,6,43.44
2027-11-05,7,45.18
2027-11-05,8,48.41
2027-11-05,9,53.27
2027-11-05,10,58.95
2027-11-05,11,63.69
2027-11-05,12,65.58
2027-11-05,13,63.87
2027-11-05,14,59.69
2027-11-05,15,55.56
2027-11-05,16,53.9
2027-11-05,17,55.44
2027-11-05,18,58.37
2027-11-05,19,59.59
2027-11-05,20,57.32
2027-11-05,21,52.57
2027-11-05,22,47.78
2027-11-05,23,44.57
2027-11-05,24,43.03
2027-11-06,1,23.34
2027-11-06,2,23.34
2027-11-06,3,23.35
2027-11-06,4,23.4
2027-11-06,5,23.55
2027-11-06,6,23.98
2027-11-06,7,24.93
2027-11-06,8,26.72
2027-11-06,9,29.4
2027-11-06,10,32.53
2027-11-06,11,35.15
2027-11-06,12,36.19
2027-11-06,13,35.25
2027-11-06,14,32.94
2027-11-06,15,30.66
2027-11-06,16,29.75
2027-11-06,17,30.6
2027-11-06,18,32.21
2027-11-06,19,32.89
2027-11-06,20,31.64
2027-11-06,21,29.01
2027-11-06,22,26.37
2027-11-06,23,24.6
2027-11-06,24,23.75
2027-11-07,1,23.42
2027-11-07,2,23.42
2027-11-07,3,23.43
2027-11-07,4,23.48
2027-11-07,5,23.63
2027-11-07,6,24.06
2027-11-07,7,25.02
2027-11-07,8,26.81
2027-11-07,9,29.5
2027-11-07,10,32.64
2027-11-07,11,35.27
2027-11-07,12,36.32
2027-11-07,13,35.37
2027-11-07,14,33.06
2027-11-07,15,30.77
2027-11-07,16,29.85
2027-11-07,17,30.7
2027-11-07,18,32.32
2027-11-07,19,33.0
2027-11-07,20,31.74
2027-11-07,21,29.11
2027-11-07,22,26.46
2027-11-07,23,24.68
2027-11-07,24,23.83
2027-11-08,1,42.72
2027-11-08,2,42.72
2027-11-08,3,42.75
2027-11-08,4,42.83
2027-11-08,5,43.12
2027-11-08,6,43.89
2027-11-08,7,45.64
2027-11-08,8,48.91
2027-11-08,9,53.82
2027-11-08,10,59.56
2027-11-08,11,64.34
2027-11-08,12,66.25
2027-11-08,13,64.53
2027-11-08,14,60.31
2027-11-08,15,56.13
2027-11-08,16,54.46
2027-11-08,17,56.01
2027-11-08,18,58.97
2027-11-08,19,60.2
2027-11-08,20,57.91
2027-11-08,21,53.11
2027-11-08,22,48.27
2027-11-08,23,45.03
2027-11-08,24,43.47
2027-11-09,1,42.86
2027-11-09,2,42.87
2027-11-09,3,42.89
2027-11-09,4,42.98
2027-11-09,5,43.26
2027-11-09,6,44.04
2027-11-09,7,45.8
2027-11-09,8,49.08
2027-11-09,9,54.0
2027-11-09,10,59.76
2027-11-09,11,64.56
2027-11-09,12,66.48
2027-11-09,13,64.74
2027-11-09,14,60.51
2027-11-09,15,56.32
2027-11-09,16,54.64
2027-11-09,17,56.2
2027-11-09,18,59.17
2027-11-09,19,60.41
2027-11-09,20,58.11
2027-11-09,21,53.29
2027-11-09,22,48.43
2027-11-09,23,45.18
2027-11-09,24,43.62
2027-11-10,1,43.01
2027-11-10,2,43.01
2027-11-10,3,43.03
2027-11-10,4,43.12
2027-11-10,5,43.4
2027-11-10,6,44.18
2027-11-10,7,45.95
2027-11-10,8,49.24
2027-11-10,9,54.18
2027-11-10,10,59.95
2027-11-10,11,64.77
2027-11-10,12,66.7
2027-11-10,13,64.96
2027-11-10,14,60.71
2027-11-10,15,56.51
2027-11-10,16,54.83
2027-11-10,17,56.38
2027-11-10,18,59.36
2027-11-10,19,60.61
2027-11-10,20,58.3
2027-11-10,21,53.47
2027-11-10,22,48.6
2027-11-10,23,45.33
2027-11-10,24,43.76
2027-11-11,1,43.15
2027-11-11,2,43.15
2027-11-11,3,43.18
2027-11-11,4,43.26
2027-11-11,5,43.55
2027-11-11,6,44.33
2027-11-11,7,46.1
2027-11-11,8,49.4
2027-11-11,9,54.36
2027-11-11,10,60.15
2027-11-11,11,64.99
2027-11-11,12,66.92
2027-11-11,13,65.17
2027-11-11,14,60.91
2027-11-11,15,56.69
2027-11-11,16,55.01
2027-11-11,17,56.57
2027-11-11,18,59.56
2027-11-11,19,60.81
2027-11-11,20,58.49
2027-11-11,21,53.64
2027-11-11,22,48.76
2027-11-11,23,45.48
2027-11-11,24,43.91
2027-11-12,1,43.29
2027-11-12,2,43.29
2027-11-12,3,43.32
2027-11-12,4,43.4
2027-11-12,5,43.69
2027-11-12,6,44.47
2027-11-12,7,46.25
2027-11-12,8,49.56
2027-11-12,9,54.54
2027-11-12,10,60.35
2027-11-12,11,65.2
2027-11-12,12,67.14
2027-11-12,13,65.39
2027-11-12,14,61.11
2027-11-12,15,56.88
2027-11-12,16,55.19
2027-11-12,17,56.76
2027-11-12,18,59.75
2027-11-12,19,61.01
2027-11-12,20,58.68
2027-11-12,21,53.82
2027-11-12,22,48.92
2027-11-12,23,45.63
2027-11-12,24,44.05
2027-11-13,1,23.89
2027-11-13,2,23.89
2027-11-13,3,23.9
2027-11-13,4,23.95
2027-11-13,5,24.11
2027-11-13,6,24.54
2027-11-13,7,25.52
2027-11-13,8,27.35
2027-11-13,9,30.09
2027-11-13,10,33.3
2027-11-13,11,35.98
2027-11-13,12,37.04
2027-11-13,13,36.08
2027-11-13,14,33.72
2027-11-13,15,31.38
2027-11-13,16,30.45
2027-11-13,17,31.32
2027-11-13,18,32.97
2027-11-13,19,33.66
2027-11-13,20,32.38
2027-11-13,21,29.7
2027-11-13,22,26.99
2027-11-13,23,25.18
2027-11-13,24,24.31
2027-11-14,1,23.96
2027-11-14,2,23.97
2027-11-14,3,23.98
2027-11-14,4,24.03
2027-11-14,5,24.18
2027-11-14,6,24.62
2027-11-14,7,25.6
2027-11-14,8,27.44
2027-11-14,9,30.19
2027-11-14,10,33.41
2027-11-14,11,36.09
2027-11-14,12,37.16
2027-11-14,13,36.19
2027-11-14,14,33.83
2027-11-14,15,31.48
2027-11-14,16,30.55
2027-11-14,17,31.42
2027-11-14,18,33.08
2027-11-14,19,33.77
2027-11-14,20,32.48
2027-11-14,21,29.79
2027-11-14,22,27.08
2027-11-14,23,25.26
2027-11-14,24,24.38
2027-11-15,1,43.71
2027-11-15,2,43.71
2027-11-15,3,43.73
2027-11-15,4,43.82
2027-11-15,5,44.11
2027-11-15,6,44.9
2027-11-15,7,46.7
2027-11-15,8,50.04
2027-11-15,9,55.06
2027-11-15,10,60.93
2027-11-15,11,65.83
2027-11-15,12,67.78
2027-11-15,13,66.02
2027-11-15,14,61.7
2027-11-15,15,57.43
2027-11-15,16,55.72
2027-11-15,17,57.3
2027-11-15,18,60.33
2027-11-15,19,61.59
2027-11-15,20,59.25
2027-11-15,21,54.34
2027-11-15,22,49.39
2027-11-15,23,46.07
2027-11-15,24,44.47
2027-11-16,1,43.84
2027-11-16,2,43.85
2027-11-16,3,43.87
2027-11-16,4,43.96
2027-11-16,5,44.25
2027-11-16,6,45.04
2027-11-16,7,46.84
2027-11-16,8,50.2
2027-11-16,9,55.23
2027-11-16,10,61.12
2027-11-16,11,66.03
2027-11-16,12,67.99
2027-11-16,13,66.22
2027-11-16,14,61.89
2027-11-16,15,57.61
2027-11-16,16,55.89
2027-11-16,17,57.48
2027-11-16,18,60.52
2027-11-16,19,61.79
2027-11-16,20,59.44
2027-11-16,21,54.51
2027-11-16,22,49.54
2027-11-16,23,46.22
2027-11-16,24,44.61
2027-11-17,1,43.98
2027-11-17,2,43.98
2027-11-17,3,44.01
2027-11-17,4,44.1
2027-11-17,5,44.39
2027-11-17,6,45.18
2027-11-17,7,46.99
2027-11-17,8,50.35
2027-11-17,9,55.4
2027-11-17,10,61.31
2027-11-17,11,66.24
2027-11-17,12,68.2
2027-11-17,13,66.43
2027-11-17,14,62.08
2027-11-17,15,57.78
2027-11-17,16,56.07
2027-11-17,17,57.66
2027-11-17,18,60.71
2027-11-17,19,61.98
2027-11-17,20,59.62
2027-11-17,21,54.68
2027-11-17,22,49.7
2027-11-17,23,46.36
2027-11-17,24,44.75
2027-11-18,1,44.11
2027-11-18,2,44.12
2027-11-18,3,44.14
2027-11-18,4,44.23
2027-11-18,5,44.52
2027-11-18,6,45.32
2027-11-18,7,47.13
2027-11-18,8,50.51
2027-11-18,9,55.57
2027-11-18,10,61.5
2027-11-18,11,66.44
2027-11-18,12,68.41
2027-11-18,13,66.63
2027-11-18,14,62.27
2027-11-18,15,57.96
2027-11-18,16,56.24
2027-11-18,17,57.84
2027-11-18,18,60.89
2027-11-18,19,62.17
2027-11-18,20,59.8
2027-11-18,21,54.84
2027-11-18,22,49.85
2027-11-18,23,46.5
2027-11-18,24,44.89
2027-11-19,1,44.25
2027-11-19,2,44.25
2027-11-19,3,44.27
2027-11-19,4,44.36
2027-11-19,5,44.66
2027-11-19,6,45.46
2027-11-19,7,47.28
2027-11-19,8,50.66
2027-11-19,9,55.74
2027-11-19,10,61.68
2027-11-19,11,66.64
2027-11-19,12,68.62
2027-11-19,13,66.83
2027-11-19,14,62.46
2027-11-19,15,58.14
2027-11-19,16,56.41
2027-11-19,17,58.01
2027-11-19,18,61.08
2027-11-19,19,62.35
2027-11-19,20,59.98
2027-11-19,21,55.01
2027-11-19,22,50.0
2027-11-19,23,46.64
2027-11-19,24,45.02
2027-11-20,1,24.41
2027-11-20,2,24.41
2027-11-20,3,24.42
2027-11-20,4,24.47
2027-11-20,5,24.63
2027-11-20,6,25.08
2027-11-20,7,26.08
2027-11-20,8,27.95
2027-11-20,9,30.75
2027-11-20,10,34.03
2027-11-20,11,36.76
2027-11-20,12,37.85
2027-11-20,13,36.87
2027-11-20,14,34.46
2027-11-20,15,32.07
2027-11-20,16,31.12
2027-11-20,17,32.0
2027-11-20,18,33.69
2027-11-20,19,34.4
2027-11-20,20,33.09
2027-11-20,21,30.35
2027-11-20,22,27.58
2027-11-20,23,25.73
2027-11-20,24,24.84
2027-11-21,1,24.48
2027-11-21,2,24.48
2027-11-21,3,24.5
2027-11-21,4,24.54
2027-11-21,5,24.71
2027-11-21,6,25.15
2027-11-21,7,26.16
2027-11-21,8,28.03
2027-11-21,9,30.84
2027-11-21,10,34.13
2027-11-21,11,36.87
2027-11-21,12,37.97
2027-11-21,13,36.98
2027-11-21,14,34.56
2027-11-21,15,32.16
2027-11-21,16,31.21
2027-11-21,17,32.1
2027-11-21,18,33.79
2027-11-21,19,34.5
2027-11-21,20,33.19
2027-11-21,21,30.43
2027-11-21,22,27.66
2027-11-21,23,25.81
2027-11-21,24,24.91
2027-11-22,1,44.64
2027-11-22,2,44.64
2027-11-22,3,44.67
2027-11-22,4,44.76
2027-11-22,5,45.05
2027-11-22,6,45.86
2027-11-22,7,47.7
2027-11-22,8,51.11
2027-11-22,9,56.24
2027-11-22,10,62.23
2027-11-22,11,67.23
2027-11-22,12,69.23
2027-11-22,13,67.42
2027-11-22,14,63.01
2027-11-22,15,58.65
2027-11-22,16,56.91
2027-11-22,17,58.53
2027-11-22,18,61.62
2027-11-22,19,62.91
2027-11-22,20,60.51
2027-11-22,21,55.5
2027-11-22,22,50.44
2027-11-22,23,47.06
2027-11-22,24,45.42
2027-11-23,1,44.77
2027-11-23,2,44.77
2027-11-23,3,44.8
2027-11-23,4,44.89
2027-11-23,5,45.18
2027-11-23,6,45.99
2027-11-23,7,47.83
2027-11-23,8,51.26
2027-11-23,9,56.4
2027-11-23,10,62.41
2027-11-23,11,67.43
2027-11-23,12,69.43
2027-11-23,13,67.62
2027-11-23,14,63.2
2027-11-23,15,58.82
2027-11-23,16,57.07
2027-11-23,17,58.69
2027-11-23,18,61.79
2027-11-23,19,63.09
2027-11-23,20,60.69
2027-11-23,21,55.66
2027-11-23,22,50.59
2027-11-23,23,47.19
2027-11-23,24,45.55
2027-11-24,1,44.89
2027-11-24,2,44.9
2027-11-24,3,44.92
2027-11-24,4,45.01
2027-11-24,5,45.31
2027-11-24,6,46.12
2027-11-24,7,47.97
2027-11-24,8,51.4
2027-11-24,9,56.56
2027-11-24,10,62.59
2027-11-24,11,67.62
2027-11-24,12,69.62
2027-11-24,13,67.81
2027-11-24,14,63.37
2027-11-24,15,58.99
2027-11-24,16,57.23
2027-11-24,17,58.86
2027-11-24,18,61.97
2027-11-24,19,63.27
2027-11-24,20,60.86
2027-11-24,21,55.81
2027-11-24,22,50.73
2027-11-24,23,47.32
2027-11-24,24,45.68
2027-11-25,1,45.02
2027-11-25,2,45.02
2027-11-25,3,45.05
2027-11-25,4,45.14
2027-11-25,5,45.44
2027-11-25,6,46.25
2027-11-25,7,48.1
2027-11-25,8,51.54
2027-11-25,9,56.71
2027-11-25,10,62.76
2027-11-25,11,67.8
2027-11-25,12,69.82
2027-11-25,13,68.0
2027-11-25,14,63.55
2027-11-25,15,59.15
2027-11-25,16,57.39
2027-11-25,17,59.02
2027-11-25,18,62.14
2027-11-25,19,63.44
2027-11-25,20,61.03
2027-11-25,21,55.97
2027-11-25,22,50.87
2027-11-25,23,47.46
2027-11-25,24,45.81
2027-11-26,1,45.14
2027-11-26,2,45.15
2027-11-26,3,45.17
2027-11-26,4,45.26
2027-11-26,5,45.56
2027-11-26,6,46.38
2027-11-26,7,48.23
2027-11-26,8,51.69
2027-11-26,9,56.87
2027-11-26,10,62.93
2027-11-26,11,67.99
2027-11-26,12,70.01
2027-11-26,13,68.19
2027-11-26,14,63.73
2027-11-26,15,59.31
2027-11-26,16,57.55
2027-11-26,17,59.19
2027-11-26,18,62.31
2027-11-26,19,63.62
2027-11-26,20,61.2
2027-11-26,21,56.12
2027-11-26,22,51.01
2027-11-26,23,47.59
2027-11-26,24,45.94
2027-11-27,1,24.9
2027-11-27,2,24.9
2027-11-27,3,24.91
2027-11-27,4,24.96
2027-11-27,5,25.13
2027-11-27,6,25.58
2027-11-27,7,26.6
2027-11-27,8,28.5
2027-11-27,9,31.36
2027-11-27,10,34.71
2027-11-27,11,37.5
2027-11-27,12,38.61
2027-11-27,13,37.6
2027-11-27,14,35.14
2027-11-27,15,32.71
2027-11-27,16,31.74
2027-11-27,17,32.64
2027-11-27,18,34.36
2027-11-27,19,35.08
2027-11-27,20,33.75
2027-11-27,21,30.95
2027-11-27,22,28.13
2027-11-27,23,26.24
2027-11-27,24,25.33
2027-11-28,1,24.96
2027-11-28,2,24.96
2027-11-28,3,24.98
2027-11-28,4,25.03
2027-11-28,5,25.19
2027-11-28,6,25.65
2027-11-28,7,26.67
2027-11-28,8,28.58
2027-11-28,9,31.45
2027-11-28,10,34.8
2027-11-28,11,37.6
2027-11-28,12,38.71
2027-11-28,13,37.7
2027-11-28,14,35.24
2027-11-28,15,32.8
2027-11-28,16,31.82
2027-11-28,17,32.73
2027-11-28,18,34.46
2027-11-28,19,35.18
2027-11-28,20,33.84
2027-11-28,21,31.03
2027-11-28,22,28.21
2027-11-28,23,26.31
2027-11-28,24,25.4
2027-11-29,1,45.5
2027-11-29,2,45.51
2027-11-29,3,45.53
2027-11-29,4,45.62
2027-11-29,5,45.93
2027-11-29,6,46.75
2027-11-29,7,48.62
2027-11-29,8,52.1
2027-11-29,9,57.33
2027-11-29,10,63.44
2027-11-29,11,68.54
2027-11-29,12,70.57
2027-11-29,13,68.73
2027-11-29,14,64.24
2027-11-29,15,59.79
2027-11-29,16,58.01
2027-11-29,17,59.66
2027-11-29,18,62.81
2027-11-29,19,64.13
2027-11-29,20,61.69
2027-11-29,21,56.57
2027-11-29,22,51.42
2027-11-29,23,47.97
2027-11-29,24,46.3
2027-11-30,1,45.62
2027-11-30,2,45.63
2027-11-30,3,45.65
2027-11-30,4,45.74
2027-11-30,5,46.04
2027-11-30,6,46.87
2027-11-30,7,48.75
2027-11-30,8,52.24
2027-11-30,9,57.47
2027-11-30,10,63.6
2027-11-30,11,68.71
2027-11-30,12,70.75
2027-11-30,13,68.91
2027-11-30,14,64.4
2027-11-30,15,59.94
2027-11-30,16,58.16
2027-11-30,17,59.81
2027-11-30,18,62.97
2027-11-30,19,64.29
2027-11-30,20,61.85
2027-11-30,21,56.72
2027-11-30,22,51.55
2027-11-30,23,48.09
2027-11-30,24,46.42
2027-12-01,1,45.74
2027-12-01,2,45.74
2027-12-01,3,45.77
2027-12-01,4,45.86
2027-12-01,5,46.16
2027-12-01,6,46.99
2027-12-01,7,48.87
2027-12-01,8,52.37
2027-12-01,9,57.62
2027-12-01,10,63.76
2027-12-01,11,68.89
2027-12-01,12,70.93
2027-12-01,13,69.08
2027-12-01,14,64.57
2027-12-01,15,60.1
2027-12-01,16,58.31
2027-12-01,17,59.97
2027-12-01,18,63.13
2027-12-01,19,64.46
2027-12-01,20,62.0
2027-12-01,21,56.86
2027-12-01,22,51.68
2027-12-01,23,48.21
2027-12-01,24,46.54
2027-12-02,1,45.85
2027-12-02,2,45.86
2027-12-02,3,45.88
2027-12-02,4,45.97
2027-12-02,5,46.28
2027-12-02,6,47.11
2027-12-02,7,48.99
2027-12-02,8,52.5
2027-12-02,9,57.76
2027-12-02,10,63.92
2027-12-02,11,69.06
2027-12-02,12,71.11
2027-12-02,13,69.26
2027-12-02,14,64.73
2027-12-02,15,60.24
2027-12-02,16,58.45
2027-12-02,17,60.11
2027-12-02,18,63.29
2027-12-02,19,64.62
2027-12-02,20,62.16
2027-12-02,21,57.0
2027-12-02,22,51.81
2027-12-02,23,48.33
2027-12-02,24,46.66
2027-12-03,1,45.96
2027-12-03,2,45.97
2027-12-03,3,45.99
2027-12-03,4,46.09
2027-12-03,5,46.39
2027-12-03,6,47.22
2027-12-03,7,49.11
2027-12-03,8,52.63
2027-12-03,9,57.9
2027-12-03,10,64.08
2027-12-03,11,69.23
2027-12-03,12,71.28
2027-12-03,13,69.43
2027-12-03,14,64.88
2027-12-03,15,60.39
2027-12-03,16,58.6
2027-12-03,17,60.26
2027-12-03,18,63.45
2027-12-03,19,64.77
2027-12-03,20,62.31
2027-12-03,21,57.14
2027-12-03,22,51.94
2027-12-03,23,48.45
2027-12-03,24,46.77
2027-12-04,1,25.34
2027-12-04,2,25.34
2027-12-04,3,25.36
2027-12-04,4,25.41
2027-12-04,5,25.58
2027-12-04,6,26.03
2027-12-04,7,27.08
2027-12-04,8,29.01
2027-12-04,9,31.92
2027-12-04,10,35.33
2027-12-04,11,38.17
2027-12-04,12,39.3
2027-12-04,13,38.28
2027-12-04,14,35.77
2027-12-04,15,33.3
2027-12-04,16,32.3
2027-12-04,17,33.22
2027-12-04,18,34.98
2027-12-04,19,35.71
2027-12-04,20,34.35
2027-12-04,21,31.5
2027-12-04,22,28.63
2027-12-04,23,26.71
2027-12-04,24,25.79
2027-12-05,1,25.4
2027-12-05,2,25.4
2027-12-05,3,25.42
2027-12-05,4,25.47
2027-12-05,5,25.64
2027-12-05,6,26.1
2027-12-05,7,27.14
2027-12-05,8,29.08
2027-12-05,9,32.0
2027-12-05,10,35.41
2027-12-05,11,38.26
2027-12-05,12,39.39
2027-12-05,13,38.37
2027-12-05,14,35.86
2027-12-05,15,33.37
2027-12-05,16,32.38
2027-12-05,17,33.3
2027-12-05,18,35.06
2027-12-05,19,35.8
2027-12-05,20,34.43
2027-12-05,21,31.58
2027-12-05,22,28.7
2027-12-05,23,26.78
2027-12-05,24,25.85
2027-12-06,1,46.29
2027-12-06,2,46.3
2027-12-06,3,46.32
2027-12-06,4,46.41
2027-12-06,5,46.72
2027-12-06,6,47.56
2027-12-06,7,49.46
2027-12-06,8,53.0
2027-12-06,9,58.32
2027-12-06,10,64.53
2027-12-06,11,69.72
2027-12-06,12,71.79
2027-12-06,13,69.92
2027-12-06,14,65.34
2027-12-06,15,60.82
2027-12-06,16,59.01
2027-12-06,17,60.69
2027-12-06,18,63.9
2027-12-06,19,65.23
2027-12-06,20,62.75
2027-12-06,21,57.55
2027-12-06,22,52.31
2027-12-06,23,48.8
2027-12-06,24,47.1
2027-12-07,1,46.4
2027-12-07,2,46.4
2027-12-07,3,46.42
2027-12-07,4,46.52
2027-12-07,5,46.82
2027-12-07,6,47.66
2027-12-07,7,49.57
2027-12-07,8,53.12
2027-12-07,9,58.45
2027-12-07,10,64.68
2027-12-07,11,69.88
2027-12-07,12,71.95
2027-12-07,13,70.08
2027-12-07,14,65.49
2027-12-07,15,60.96
2027-12-07,16,59.15
2027-12-07,17,60.83
2027-12-07,18,64.04
2027-12-07,19,65.38
2027-12-07,20,62.89
2027-12-07,21,57.68
2027-12-07,22,52.43
2027-12-07,23,48.91
2027-12-07,24,47.21
2027-12-08,1,46.5
2027-12-08,2,46.5
2027-12-08,3,46.53
2027-12-08,4,46.62
2027-12-08,5,46.93
2027-12-08,6,47.77
2027-12-08,7,49.68
2027-12-08,8,53.24
2027-12-08,9,58.58
2027-12-08,10,64.82
2027-12-08,11,70.03
2027-12-08,12,72.11
2027-12-08,13,70.23
2027-12-08,14,65.64
2027-12-08,15,61.09
2027-12-08,16,59.28
2027-12-08,17,60.96
2027-12-08,18,64.18
2027-12-08,19,65.53
2027-12-08,20,63.03
2027-12-08,21,57.81
2027-12-08,22,52.54
2027-12-08,23,49.02
2027-12-08,24,47.31
2027-12-09,1,46.6
2027-12-09,2,46.6
2027-12-09,3,46.63
2027-12-09,4,46.72
2027-12-09,5,47.03
2027-12-09,6,47.87
2027-12-09,7,49.79
2027-12-09,8,53.35
2027-12-09,9,58.7
2027-12-09,10,64.96
2027-12-09,11,70.18
2027-12-09,12,72.27
2027-12-09,13,70.39
2027-12-09,14,65.78
2027-12-09,15,61.23
2027-12-09,16,59.41
2027-12-09,17,61.1
2027-12-09,18,64.32
2027-12-09,19,65.67
2027-12-09,20,63.17
2027-12-09,21,57.93
2027-12-09,22,52.66
2027-12-09,23,49.12
2027-12-09,24,47.42
2027-12-10,1,46.7
2027-12-10,2,46.7
2027-12-10,3,46.73
2027-12-10,4,46.82
2027-12-10,5,47.13
2027-12-10,6,47.98
2027-12-10,7,49.9
2027-12-10,8,53.47
2027-12-10,9,58.83
2027-12-10,10,65.1
2027-12-10,11,70.33
2027-12-10,12,72.42
2027-12-10,13,70.54
2027-12-10,14,65.92
2027-12-10,15,61.36
2027-12-10,16,59.53
2027-12-10,17,61.23
2027-12-10,18,64.46
2027-12-10,19,65.81
2027-12-10,20,63.31
2027-12-10,21,58.06
2027-12-10,22,52.77
2027-12-10,23,49.23
2027-12-10,24,47.52
2027-12-11,1,25.74
2027-12-11,2,25.74
2027-12-11,3,25.75
2027-12-11,4,25.81
2027-12-11,5,25.98
2027-12-11,6,26.44
2027-12-11,7,27.5
2027-12-11,8,29.47
2027-12-11,9,32.42
2027-12-11,10,35.88
2027-12-11,11,38.76
2027-12-11,12,39.92
2027-12-11,13,38.88
2027-12-11,14,36.33
2027-12-11,15,33.82
2027-12-11,16,32.81
2027-12-11,17,33.74
2027-12-11,18,35.53
2027-12-11,19,36.27
2027-12-11,20,34.89
2027-12-11,21,32.0
2027-12-11,22,29.08
2027-12-11,23,27.13
2027-12-11,24,26.19
2027-12-12,1,25.79
2027-12-12,2,25.79
2027-12-12,3,25.81
2027-12-12,4,25.86
2027-12-12,5,26.03
2027-12-12,6,26.5
2027-12-12,7,27.56
2027-12-12,8,29.53
2027-12-12,9,32.49
2027-12-12,10,35.95
2027-12-12,11,38.84
2027-12-12,12,40.0
2027-12-12,13,38.95
2027-12-12,14,36.41
2027-12-12,15,33.89
2027-12-12,16,32.88
2027-12-12,17,33.81
2027-12-12,18,35.6
2027-12-12,19,36.34
2027-12-12,20,34.96
2027-12-12,21,32.06
2027-12-12,22,29.14
2027-12-12,23,27.19
2027-12-12,24,26.24
2027-12-13,1,46.98
2027-12-13,2,46.99
2027-12-13,3,47.01
2027-12-13,4,47.11
2027-12-13,5,47.42
2027-12-13,6,48.27
2027-12-13,7,50.2
2027-12-13,8,53.8
2027-12-13,9,59.19
2027-12-13,10,65.5
2027-12-13,11,70.76
2027-12-13,12,72.87
2027-12-13,13,70.97
2027-12-13,14,66.32
2027-12-13,15,61.73
2027-12-13,16,59.9
2027-12-13,17,61.6
2027-12-13,18,64.86
2027-12-13,19,66.21
2027-12-13,20,63.69
2027-12-13,21,58.41
2027-12-13,22,53.09
2027-12-13,23,49.53
2027-12-13,24,47.81
2027-12-14,1,47.08
2027-12-14,2,47.08
2027-12-14,3,47.1
2027-12-14,4,47.2
2027-12-14,5,47.51
2027-12-14,6,48.36
2027-12-14,7,50.3
2027-12-14,8,53.9
2027-12-14,9,59.3
2027-12-14,10,65.63
2027-12-14,11,70.9
2027-12-14,12,73.01
2027-12-14,13,71.1
2027-12-14,14,66.45
2027-12-14,15,61.85
2027-12-14,16,60.01
2027-12-14,17,61.72
2027-12-14,18,64.98
2027-12-14,19,66.34
2027-12-14,20,63.82
2027-12-14,21,58.53
2027-12-14,22,53.19
2027-12-14,23,49.62
2027-12-14,24,47.9
2027-12-15,1,47.16
2027-12-15,2,47.17
2027-12-15,3,47.19
2027-12-15,4,47.29
2027-12-15,5,47.6
2027-12-15,6,48.46
2027-12-15,7,50.39
2027-12-15,8,54.0
2027-12-15,9,59.42
2027-12-15,10,65.75
2027-12-15,11,71.04
2027-12-15,12,73.14
2027-12-15,13,71.24
2027-12-15,14,66.58
2027-12-15,15,61.97
2027-12-15,16,60.13
2027-12-15,17,61.84
2027-12-15,18,65.1
2027-12-15,19,66.47
2027-12-15,20,63.94
2027-12-15,21,58.64
2027-12-15,22,53.29
2027-12-15,23,49.72
2027-12-15,24,47.99
2027-12-16,1,47.25
2027-12-16,2,47.26
2027-12-16,3,47.28
2027-12-16,4,47.38
2027-12-16,5,47.69
2027-12-16,6,48.54
2027-12-16,7,50.49
2027-12-16,8,54.1
2027-12-16,9,59.53
2027-12-16,10,65.87
2027-12-16,11,71.17
2027-12-16,12,73.28
2027-12-16,13,71.37
2027-12-16,14,66.7
2027-12-16,15,62.08
2027-12-16,16,60.24
2027-12-16,17,61.95
2027-12-16,18,65.22
2027-12-16,19,66.59
2027-12-16,20,64.06
2027-12-16,21,58.74
2027-12-16,22,53.39
2027-12-16,23,49.81
2027-12-16,24,48.08
2027-12-17,1,47.34
2027-12-17,2,47.34
2027-12-17,3,47.37
2027-12-17,4,47.46
2027-12-17,5,47.77
2027-12-17,6,48.63
2027-12-17,7,50.58
2027-12-17,8,54.2
2027-12-17,9,59.63
2027-12-17,10,65.99
2027-12-17,11,71.29
2027-12-17,12,73.41
2027-12-17,13,71.5
2027-12-17,14,66.82
2027-12-17,15,62.2
2027-12-17,16,60.34
2027-12-17,17,62.06
2027-12-17,18,65.34
2027-12-17,19,66.71
2027-12-17,20,64.17
2027-12-17,21,58.85
2027-12-17,22,53.49
2027-12-17,23,49.9
2027-12-17,24,48.17
2027-12-18,1,26.08
2027-12-18,2,26.08
2027-12-18,3,26.1
2027-12-18,4,26.15
2027-12-18,5,26.32
2027-12-18,6,26.79
2027-12-18,7,27.87
2027-12-18,8,29.86
2027-12-18,9,32.86
2027-12-18,10,36.36
2027-12-18,11,39.28
2027-12-18,12,40.45
2027-12-18,13,39.39
2027-12-18,14,36.82
2027-12-18,15,34.27
2027-12-18,16,33.25
2027-12-18,17,34.19
2027-12-18,18,36.0
2027-12-18,19,36.75
2027-12-18,20,35.36
2027-12-18,21,32.42
2027-12-18,22,29.47
2027-12-18,23,27.49
2027-12-18,24,26.54
2027-12-19,1,26.12
2027-12-19,2,26.13
2027-12-19,3,26.14
2027-12-19,4,26.19
2027-12-19,5,26.37
2027-12-19,6,26.84
2027-12-19,7,27.91
2027-12-19,8,29.91
2027-12-19,9,32.91
2027-12-19,10,36.42
2027-12-19,11,39.35
2027-12-19,12,40.52
2027-12-19,13,39.46
2027-12-19,14,36.88
2027-12-19,15,34.33
2027-12-19,16,33.3
2027-12-19,17,34.25
2027-12-19,18,36.06
2027-12-19,19,36.82
2027-12-19,20,35.42
2027-12-19,21,32.48
2027-12-19,22,29.52
2027-12-19,23,27.54
2027-12-19,24,26.58
2027-12-20,1,47.58
2027-12-20,2,47.58
2027-12-20,3,47.61
2027-12-20,4,47.7
2027-12-20,5,48.02
2027-12-20,6,48.88
2027-12-20,7,50.83
2027-12-20,8,54.47
2027-12-20,9,59.94
2027-12-20,10,66.33
2027-12-20,11,71.66
2027-12-20,12,73.79
2027-12-20,13,71.86
2027-12-20,14,67.16
2027-12-20,15,62.51
2027-12-20,16,60.65
2027-12-20,17,62.38
2027-12-20,18,65.67
2027-12-20,19,67.05
2027-12-20,20,64.5
2027-12-20,21,59.15
2027-12-20,22,53.76
2027-12-20,23,50.15
2027-12-20,24,48.41
2027-12-21,1,47.65
2027-12-21,2,47.66
2027-12-21,3,47.68
2027-12-21,4,47.78
2027-12-21,5,48.09
2027-12-21,6,48.96
2027-12-21,7,50.92
2027-12-21,8,54.56
2027-12-21,9,60.03
2027-12-21,10,66.43
2027-12-21,11,71.77
2027-12-21,12,73.9
2027-12-21,13,71.98
2027-12-21,14,67.27
2027-12-21,15,62.61
2027-12-21,16,60.75
2027-12-21,17,62.48
2027-12-21,18,65.78
2027-12-21,19,67.15
2027-12-21,20,64.6
2027-12-21,21,59.24
2027-12-21,22,53.85
2027-12-21,23,50.23
2027-12-21,24,48.49
2027-12-22,1,47.73
2027-12-22,2,47.73
2027-12-22,3,47.76
2027-12-22,4,47.85
2027-12-22,5,48.17
2027-12-22,6,49.03
2027-12-22,7,50.99
2027-12-22,8,54.65
2027-12-22,9,60.13
2027-12-22,10,66.54
2027-12-22,11,71.88
2027-12-22,12,74.02
2027-12-22,13,72.09
2027-12-22,14,67.37
2027-12-22,15,62.71
2027-12-22,16,60.84
2027-12-22,17,62.57
2027-12-22,18,65.88
2027-12-22,19,67.26
2027-12-22,20,64.7
2027-12-22,21,59.34
2027-12-22,22,53.93
2027-12-22,23,50.31
2027-12-22,24,48.56
2027-12-23,1,47.8
2027-12-23,2,47.8
2027-12-23,3,47.83
2027-12-23,4,47.92
2027-12-23,5,48.24
2027-12-23,6,49.11
2027-12-23,7,51.07
2027-12-23,8,54.73
2027-12-23,9,60.22
2027-12-23,10,66.63
2027-12-23,11,71.99
2027-12-23,12,74.13
2027-12-23,13,72.2
2027-12-23,14,67.47
2027-12-23,15,62.8
2027-12-23,16,60.93
2027-12-23,17,62.67
2027-12-23,18,65.98
2027-12-23,19,67.36
2027-12-23,20,64.8
2027-12-23,21,59.42
2027-12-23,22,54.01
2027-12-23,23,50.39
2027-12-23,24,48.64
2027-12-24,1,47.87
2027-12-24,2,47.87
2027-12-24,3,47.9
2027-12-24,4,47.99
2027-12-24,5,48.31
2027-12-24,6,49.18
2027-12-24,7,51.14
2027-12-24,8,54.81
2027-12-24,9,60.3
2027-12-24,10,66.73
2027-12-24,11,72.09
2027-12-24,12,74.23
2027-12-24,13,72.3
2027-12-24,14,67.57
2027-12-24,15,62.89
2027-12-24,16,61.02
2027-12-24,17,62.76
2027-12-24,18,66.07
2027-12-24,19,67.46
2027-12-24,20,64.89
2027-12-24,21,59.51
2027-12-24,22,54.09
2027-12-24,23,50.46
2027-12-24,24,48.71
2027-12-25,1,26.36
2027-12-25,2,26.37
2027-12-25,3,26.38
2027-12-25,4,26.43
2027-12-25,5,26.61
2027-12-25,6,27.09
2027-12-25,7,28.17
2027-12-25,8,30.19
2027-12-25,9,33.21
2027-12-25,10,36.75
2027-12-25,11,39.71
2027-12-25,12,40.89
2027-12-25,13,39.82
2027-12-25,14,37.22
2027-12-25,15,34.64
2027-12-25,16,33.61
2027-12-25,17,34.56
2027-12-25,18,36.39
2027-12-25,19,37.15
2027-12-25,20,35.74
2027-12-25,21,32.78
2027-12-25,22,29.79
2027-12-25,23,27.79
2027-12-25,24,26.83
2027-12-26,1,26.4
2027-12-26,2,26.4
2027-12-26,3,26.42
2027-12-26,4,26.47
2027-12-26,5,26.64
2027-12-26,6,27.12
2027-12-26,7,28.21
2027-12-26,8,30.23
2027-12-26,9,33.26
2027-12-26,10,36.8
2027-12-26,11,39.76
2027-12-26,12,40.94
2027-12-26,13,39.87
2027-12-26,14,37.27
2027-12-26,15,34.69
2027-12-26,16,33.65
2027-12-26,17,34.61
2027-12-26,18,36.44
2027-12-26,19,37.2
2027-12-26,20,35.79
2027-12-26,21,32.82
2027-12-26,22,29.83
2027-12-26,23,27.83
2027-12-26,24,26.86
2027-12-27,1,48.06
2027-12-27,2,48.07
2027-12-27,3,48.09
2027-12-27,4,48.19
2027-12-27,5,48.51
2027-12-27,6,49.38
2027-12-27,7,51.35
2027-12-27,8,55.03
2027-12-27,9,60.55
2027-12-27,10,67.0
2027-12-27,11,72.39
2027-12-27,12,74.53
2027-12-27,13,72.59
2027-12-27,14,67.84
2027-12-27,15,63.15
2027-12-27,16,61.27
2027-12-27,17,63.01
2027-12-27,18,66.34
2027-12-27,19,67.73
2027-12-27,20,65.15
2027-12-27,21,59.75
2027-12-27,22,54.31
2027-12-27,23,50.66
2027-12-27,24,48.9
2027-12-28,1,48.12
2027-12-28,2,48.13
2027-12-28,3,48.15
2027-12-28,4,48.25
2027-12-28,5,48.57
2027-12-28,6,49.44
2027-12-28,7,51.41
2027-12-28,8,55.1
2027-12-28,9,60.62
2027-12-28,10,67.08
2027-12-28,11,72.48
2027-12-28,12,74.63
2027-12-28,13,72.68
2027-12-28,14,67.93
2027-12-28,15,63.23
2027-12-28,16,61.34
2027-12-28,17,63.09
2027-12-28,18,66.42
2027-12-28,19,67.81
2027-12-28,20,65.23
2027-12-28,21,59.82
2027-12-28,22,54.37
2027-12-28,23,50.73
2027-12-28,24,48.97
2027-12-29,1,48.18
2027-12-29,2,48.18
2027-12-29,3,48.21
2027-12-29,4,48.3
2027-12-29,5,48.62
2027-12-29,6,49.5
2027-12-29,7,51.48
2027-12-29,8,55.16
2027-12-29,9,60.69
2027-12-29,10,67.16
2027-12-29,11,72.56
2027-12-29,12,74.72
2027-12-29,13,72.77
2027-12-29,14,68.01
2027-12-29,15,63.3
2027-12-29,16,61.42
2027-12-29,17,63.16
2027-12-29,18,66.5
2027-12-29,19,67.89
2027-12-29,20,65.31
2027-12-29,21,59.9
2027-12-29,22,54.44
2027-12-29,23,50.79
2027-12-29,24,49.02
2027-12-30,1,48.23
2027-12-30,2,48.24
2027-12-30,3,48.26
2027-12-30,4,48.36
2027-12-30,5,48.68
2027-12-30,6,49.55
2027-12-30,7,51.53
2027-12-30,8,55.22
2027-12-30,9,60.76
2027-12-30,10,67.24
2027-12-30,11,72.64
2027-12-30,12,74.8
2027-12-30,13,72.85
2027-12-30,14,68.09
2027-12-30,15,63.37
2027-12-30,16,61.49
2027-12-30,17,63.24
2027-12-30,18,66.58
2027-12-30,19,67.97
2027-12-30,20,65.38
2027-12-30,21,59.96
2027-12-30,22,54.5
2027-12-30,23,50.84
2027-12-30,24,49.08
2027-12-31,1,48.28
2027-12-31,2,48.29
2027-12-31,3,48.31
2027-12-31,4,48.41
2027-12-31,5,48.73
2027-12-31,6,49.61
2027-12-31,7,51.59
2027-12-31,8,55.28
2027-12-31,9,60.83
2027-12-31,10,67.31
2027-12-31,11,72.72
2027-12-31,12,74.88
2027-12-31,13,72.93
2027-12-31,14,68.16
2027-12-31,15,63.44
2027-12-31,16,61.55
2027-12-31,17,63.3
2027-12-31,18,66.65
2027-12-31,19,68.04
2027-12-31,20,65.46
2027-12-31,21,60.03
2027-12-31,22,54.56
2027-12-31,23,50.9
2027-12-31,24,49.13
