fecha,hora,generacion_kwh
2027-01-01,1,0.0
2027-01-01,2,0.0
2027-01-01,3,0.0
2027-01-01,4,0.0
2027-01-01,5,0.0
2027-01-01,6,0.0
2027-01-01,7,0.02
2027-01-01,8,0.12
2027-01-01,9,0.57
2027-01-01,10,2.12
2027-01-01,11,5.99
2027-01-01,12,12.98
2027-01-01,13,21.55
2027-01-01,14,27.4
2027-01-01,15,26.67
2027-01-01,16,19.89
2027-01-01,17,11.36
2027-01-01,18,4.97
2027-01-01,19,1.67
2027-01-01,20,0.43
2027-01-01,21,0.08
2027-01-01,22,0.01
2027-01-01,23,0.0
2027-01-01,24,0.0
2027-01-02,1,0.0
2027-01-02,2,0.0
2027-01-02,3,0.0
2027-01-02,4,0.0
2027-01-02,5,0.0
2027-01-02,6,0.0
2027-01-02,7,0.03
2027-01-02,8,0.21
2027-01-02,9,1.0
2027-01-02,10,3.69
2027-01-02,11,10.45
2027-01-02,12,22.65
2027-01-02,13,37.59
2027-01-02,14,47.78
2027-01-02,15,46.52
2027-01-02,16,34.7
2027-01-02,17,19.82
2027-01-02,18,8.67
2027-01-02,19,2.91
2027-01-02,20,0.75
2027-01-02,21,0.15
2027-01-02,22,0.02
2027-01-02,23,0.0
2027-01-02,24,0.0
2027-01-03,1,0.0
2027-01-03,2,0.0
2027-01-03,3,0.0
2027-01-03,4,0.0
2027-01-03,5,0.0
2027-01-03,6,0.0
2027-01-03,7,0.03
2027-01-03,8,0.16
2027-01-03,9,0.76
2027-01-03,10,2.82
2027-01-03,11,7.97
2027-01-03,12,17.28
2027-01-03,13,28.68
2027-01-03,14,36.46
2027-01-03,15,35.5
2027-01-03,16,26.47
2027-01-03,17,15.12
2027-01-03,18,6.62
2027-01-03,19,2.22
2027-01-03,20,0.57
2027-01-03,21,0.11
2027-01-03,22,0.02
2027-01-03,23,0.0
2027-01-03,24,0.0
2027-01-04,1,0.0
2027-01-04,2,0.0
2027-01-04,3,0.0
2027-01-04,4,0.0
2027-01-04,5,0.0
2027-01-04,6,0.0
2027-01-04,7,0.03
2027-01-04,8,0.16
2027-01-04,9,0.78
2027-01-04,10,2.89
2027-01-04,11,8.17
2027-01-04,12,17.7
2027-01-04,13,29.38
2027-01-04,14,37.35
2027-01-04,15,36.37
2027-01-04,16,27.12
2027-01-04,17,15.49
2027-01-04,18,6.78
2027-01-04,19,2.27
2027-01-04,20,0.58
2027-01-04,21,0.11
2027-01-04,22,0.02
2027-01-04,23,0.0
2027-01-04,24,0.0
2027-01-05,1,0.0
2027-01-05,2,0.0
2027-01-05,3,0.0
2027-01-05,4,0.0
2027-01-05,5,0.0
2027-01-05,6,0.0
2027-01-05,7,0.03
2027-01-05,8,0.21
2027-01-05,9,1.01
2027-01-05,10,3.73
2027-01-05,11,10.54
2027-01-05,12,22.84
2027-01-05,13,37.91
2027-01-05,14,48.19
2027-01-05,15,46.92
2027-01-05,16,34.99
2027-01-05,17,19.99
2027-01-05,18,8.74
2027-01-05,19,2.93
2027-01-05,20,0.75
2027-01-05,21,0.15
2027-01-05,22,0.02
2027-01-05,23,0.0
2027-01-05,24,0.0
2027-01-06,1,0.0
2027-01-06,2,0.0
2027-01-06,3,0.0
2027-01-06,4,0.0
2027-01-06,5,0.0
2027-01-06,6,0.0
2027-01-06,7,0.02
2027-01-06,8,0.12
2027-01-06,9,0.6
2027-01-06,10,2.21
2027-01-06,11,6.26
2027-01-06,12,13.56
2027-01-06,13,22.5
2027-01-06,14,28.61
2027-01-06,15,27.85
2027-01-06,16,20.77
2027-01-06,17,11.87
2027-01-06,18,5.19
2027-01-06,19,1.74
2027-01-06,20,0.45
2027-01-06,21,0.09
2027-01-06,22,0.01
2027-01-06,23,0.0
2027-01-06,24,0.0
2027-01-07,1,0.0
2027-01-07,2,0.0
2027-01-07,3,0.0
2027-01-07,4,0.0
2027-01-07,5,0.0
2027-01-07,6,0.0
2027-01-07,7,0.04
2027-01-07,8,0.24
2027-01-07,9,1.14
2027-01-07,10,4.21
2027-01-07,11,11.9
2027-01-07,12,25.79
2027-01-07,13,42.8
2027-01-07,14,54.41
2027-01-07,15,52.98
2027-01-07,16,39.51
2027-01-07,17,22.57
2027-01-07,18,9.87
2027-01-07,19,3.31
2027-01-07,20,0.85
2027-01-07,21,0.17
2027-01-07,22,0.03
2027-01-07,23,0.0
2027-01-07,24,0.0
2027-01-08,1,0.0
2027-01-08,2,0.0
2027-01-08,3,0.0
2027-01-08,4,0.0
2027-01-08,5,0.0
2027-01-08,6,0.0
2027-01-08,7,0.02
2027-01-08,8,0.12
2027-01-08,9,0.6
2027-01-08,10,2.2
2027-01-08,11,6.23
2027-01-08,12,13.49
2027-01-08,13,22.39
2027-01-08,14,28.47
2027-01-08,15,27.72
2027-01-08,16,20.67
2027-01-08,17,11.81
2027-01-08,18,5.17
2027-01-08,19,1.73
2027-01-08,20,0.44
2027-01-08,21,0.09
2027-01-08,22,0.01
2027-01-08,23,0.0
2027-01-08,24,0.0
2027-01-09,1,0.0
2027-01-09,2,0.0
2027-01-09,3,0.0
2027-01-09,4,0.0
2027-01-09,5,0.0
2027-01-09,6,0.0
2027-01-09,7,0.04
2027-01-09,8,0.22
2027-01-09,9,1.06
2027-01-09,10,3.93
2027-01-09,11,11.11
2027-01-09,12,24.07
2027-01-09,13,39.96
2027-01-09,14,50.8
2027-01-09,15,49.46
2027-01-09,16,36.89
2027-01-09,17,21.07
2027-01-09,18,9.22
2027-01-09,19,3.09
2027-01-09,20,0.79
2027-01-09,21,0.16
2027-01-09,22,0.02
2027-01-09,23,0.0
2027-01-09,24,0.0
2027-01-10,1,0.0
2027-01-10,2,0.0
2027-01-10,3,0.0
2027-01-10,4,0.0
2027-01-10,5,0.0
2027-01-10,6,0.0
2027-01-10,7,0.03
2027-01-10,8,0.16
2027-01-10,9,0.79
2027-01-10,10,2.92
2027-01-10,11,8.26
2027-01-10,12,17.9
2027-01-10,13,29.72
2027-01-10,14,37.78
2027-01-10,15,36.78
2027-01-10,16,27.43
2027-01-10,17,15.67
2027-01-10,18,6.86
2027-01-10,19,2.3
2027-01-10,20,0.59
2027-01-10,21,0.12
2027-01-10,22,0.02
2027-01-10,23,0.0
2027-01-10,24,0.0
2027-01-11,1,0.0
2027-01-11,2,0.0
2027-01-11,3,0.0
2027-01-11,4,0.0
2027-01-11,5,0.0
2027-01-11,6,0.0
2027-01-11,7,0.03
2027-01-11,8,0.17
2027-01-11,9,0.84
2027-01-11,10,3.11
2027-01-11,11,8.79
2027-01-11,12,19.05
2027-01-11,13,31.62
2027-01-11,14,40.19
2027-01-11,15,39.14
2027-01-11,16,29.19
2027-01-11,17,16.67
2027-01-11,18,7.29
2027-01-11,19,2.44
2027-01-11,20,0.63
2027-01-11,21,0.12
2027-01-11,22,0.02
2027-01-11,23,0.0
2027-01-11,24,0.0
2027-01-12,1,0.0
2027-01-12,2,0.0
2027-01-12,3,0.0
2027-01-12,4,0.0
2027-01-12,5,0.0
2027-01-12,6,0.0
2027-01-12,7,0.03
2027-01-12,8,0.22
2027-01-12,9,1.06
2027-01-12,10,3.9
2027-01-12,11,11.04
2027-01-12,12,23.93
2027-01-12,13,39.72
2027-01-12,14,50.49
2027-01-12,15,49.16
2027-01-12,16,36.66
2027-01-12,17,20.94
2027-01-12,18,9.16
2027-01-12,19,3.07
2027-01-12,20,0.79
2027-01-12,21,0.15
2027-01-12,22,0.02
2027-01-12,23,0.0
2027-01-12,24,0.0
2027-01-13,1,0.0
2027-01-13,2,0.0
2027-01-13,3,0.0
2027-01-13,4,0.0
2027-01-13,5,0.0
2027-01-13,6,0.0
2027-01-13,7,0.02
2027-01-13,8,0.13
2027-01-13,9,0.64
2027-01-13,10,2.38
2027-01-13,11,6.73
2027-01-13,12,14.57
2027-01-13,13,24.19
2027-01-13,14,30.75
2027-01-13,15,29.94
2027-01-13,16,22.33
2027-01-13,17,12.75
2027-01-13,18,5.58
2027-01-13,19,1.87
2027-01-13,20,0.48
2027-01-13,21,0.09
2027-01-13,22,0.01
2027-01-13,23,0.0
2027-01-13,24,0.0
2027-01-14,1,0.0
2027-01-14,2,0.0
2027-01-14,3,0.0
2027-01-14,4,0.0
2027-01-14,5,0.0
2027-01-14,6,0.0
2027-01-14,7,0.04
2027-01-14,8,0.25
2027-01-14,9,1.21
2027-01-14,10,4.47
2027-01-14,11,12.66
2027-01-14,12,27.43
2027-01-14,13,45.53
2027-01-14,14,57.87
2027-01-14,15,56.35
2027-01-14,16,42.03
2027-01-14,17,24.01
2027-01-14,18,10.5
2027-01-14,19,3.52
2027-01-14,20,0.9
2027-01-14,21,0.18
2027-01-14,22,0.03
2027-01-14,23,0.0
2027-01-14,24,0.0
2027-01-15,1,0.0
2027-01-15,2,0.0
2027-01-15,3,0.0
2027-01-15,4,0.0
2027-01-15,5,0.0
2027-01-15,6,0.0
2027-01-15,7,0.02
2027-01-15,8,0.13
2027-01-15,9,0.63
2027-01-15,10,2.33
2027-01-15,11,6.59
2027-01-15,12,14.27
2027-01-15,13,23.69
2027-01-15,14,30.11
2027-01-15,15,29.32
2027-01-15,16,21.86
2027-01-15,17,12.49
2027-01-15,18,5.46
2027-01-15,19,1.83
2027-01-15,20,0.47
2027-01-15,21,0.09
2027-01-15,22,0.01
2027-01-15,23,0.0
2027-01-15,24,0.0
2027-01-16,1,0.0
2027-01-16,2,0.0
2027-01-16,3,0.0
2027-01-16,4,0.0
2027-01-16,5,0.0
2027-01-16,6,0.0
2027-01-16,7,0.04
2027-01-16,8,0.24
2027-01-16,9,1.15
2027-01-16,10,4.24
2027-01-16,11,12.0
2027-01-16,12,26.0
2027-01-16,13,43.15
2027-01-16,14,54.85
2027-01-16,15,53.41
2027-01-16,16,39.83
2027-01-16,17,22.75
2027-01-16,18,9.95
2027-01-16,19,3.34
2027-01-16,20,0.86
2027-01-16,21,0.17
2027-01-16,22,0.03
2027-01-16,23,0.0
2027-01-16,24,0.0
2027-01-17,1,0.0
2027-01-17,2,0.0
2027-01-17,3,0.0
2027-01-17,4,0.0
2027-01-17,5,0.0
2027-01-17,6,0.0
2027-01-17,7,0.03
2027-01-17,8,0.17
2027-01-17,9,0.83
2027-01-17,10,3.07
2027-01-17,11,8.7
2027-01-17,12,18.84
2027-01-17,13,31.27
2027-01-17,14,39.76
2027-01-17,15,38.71
2027-01-17,16,28.87
2027-01-17,17,16.49
2027-01-17,18,7.21
2027-01-17,19,2.42
2027-01-17,20,0.62
2027-01-17,21,0.12
2027-01-17,22,0.02
2027-01-17,23,0.0
2027-01-17,24,0.0
2027-01-18,1,0.0
2027-01-18,2,0.0
2027-01-18,3,0.0
2027-01-18,4,0.0
2027-01-18,5,0.0
2027-01-18,6,0.0
2027-01-18,7,0.03
2027-01-18,8,0.19
2027-01-18,9,0.92
2027-01-18,10,3.39
2027-01-18,11,9.6
2027-01-18,12,20.81
2027-01-18,13,34.53
2027-01-18,14,43.9
2027-01-18,15,42.74
2027-01-18,16,31.88
2027-01-18,17,18.21
2027-01-18,18,7.97
2027-01-18,19,2.67
2027-01-18,20,0.69
2027-01-18,21,0.13
2027-01-18,22,0.02
2027-01-18,23,0.0
2027-01-18,24,0.0
2027-01-19,1,0.0
2027-01-19,2,0.0
2027-01-19,3,0.0
2027-01-19,4,0.0
2027-01-19,5,0.0
2027-01-19,6,0.0
2027-01-19,7,0.04
2027-01-19,8,0.23
2027-01-19,9,1.12
2027-01-19,10,4.15
2027-01-19,11,11.73
2027-01-19,12,25.42
2027-01-19,13,42.19
2027-01-19,14,53.64
2027-01-19,15,52.23
2027-01-19,16,38.95
2027-01-19,17,22.25
2027-01-19,18,9.73
2027-01-19,19,3.26
2027-01-19,20,0.84
2027-01-19,21,0.16
2027-01-19,22,0.02
2027-01-19,23,0.0
2027-01-19,24,0.0
2027-01-20,1,0.0
2027-01-20,2,0.0
2027-01-20,3,0.0
2027-01-20,4,0.0
2027-01-20,5,0.0
2027-01-20,6,0.0
2027-01-20,7,0.02
2027-01-20,8,0.15
2027-01-20,9,0.7
2027-01-20,10,2.59
2027-01-20,11,7.34
2027-01-20,12,15.9
2027-01-20,13,26.38
2027-01-20,14,33.54
2027-01-20,15,32.66
2027-01-20,16,24.36
2027-01-20,17,13.91
2027-01-20,18,6.09
2027-01-20,19,2.04
2027-01-20,20,0.52
2027-01-20,21,0.1
2027-01-20,22,0.02
2027-01-20,23,0.0
2027-01-20,24,0.0
2027-01-21,1,0.0
2027-01-21,2,0.0
2027-01-21,3,0.0
2027-01-21,4,0.0
2027-01-21,5,0.0
2027-01-21,6,0.01
2027-01-21,7,0.04
2027-01-21,8,0.27
2027-01-21,9,1.3
2027-01-21,10,4.82
2027-01-21,11,13.64
2027-01-21,12,29.55
2027-01-21,13,49.04
2027-01-21,14,62.34
2027-01-21,15,60.7
2027-01-21,16,45.27
2027-01-21,17,25.86
2027-01-21,18,11.31
2027-01-21,19,3.79
2027-01-21,20,0.97
2027-01-21,21,0.19
2027-01-21,22,0.03
2027-01-21,23,0.0
2027-01-21,24,0.0
2027-01-22,1,0.0
2027-01-22,2,0.0
2027-01-22,3,0.0
2027-01-22,4,0.0
2027-01-22,5,0.0
2027-01-22,6,0.0
2027-01-22,7,0.02
2027-01-22,8,0.14
2027-01-22,9,0.68
2027-01-22,10,2.5
2027-01-22,11,7.06
2027-01-22,12,15.3
2027-01-22,13,25.4
2027-01-22,14,32.29
2027-01-22,15,31.44
2027-01-22,16,23.45
2027-01-22,17,13.39
2027-01-22,18,5.86
2027-01-22,19,1.96
2027-01-22,20,0.5
2027-01-22,21,0.1
2027-01-22,22,0.01
2027-01-22,23,0.0
2027-01-22,24,0.0
2027-01-23,1,0.0
2027-01-23,2,0.0
2027-01-23,3,0.0
2027-01-23,4,0.0
2027-01-23,5,0.0
2027-01-23,6,0.01
2027-01-23,7,0.04
2027-01-23,8,0.26
2027-01-23,9,1.25
2027-01-23,10,4.63
2027-01-23,11,13.1
2027-01-23,12,28.4
2027-01-23,13,47.13
2027-01-23,14,59.92
2027-01-23,15,58.34
2027-01-23,16,43.51
2027-01-23,17,24.85
2027-01-23,18,10.87
2027-01-23,19,3.64
2027-01-23,20,0.94
2027-01-23,21,0.18
2027-01-23,22,0.03
2027-01-23,23,0.0
2027-01-23,24,0.0
2027-01-24,1,0.0
2027-01-24,2,0.0
2027-01-24,3,0.0
2027-01-24,4,0.0
2027-01-24,5,0.0
2027-01-24,6,0.0
2027-01-24,7,0.03
2027-01-24,8,0.18
2027-01-24,9,0.89
2027-01-24,10,3.27
2027-01-24,11,9.26
2027-01-24,12,20.06
2027-01-24,13,33.29
2027-01-24,14,42.32
2027-01-24,15,41.21
2027-01-24,16,30.73
2027-01-24,17,17.56
2027-01-24,18,7.68
2027-01-24,19,2.57
2027-01-24,20,0.66
2027-01-24,21,0.13
2027-01-24,22,0.02
2027-01-24,23,0.0
2027-01-24,24,0.0
2027-01-25,1,0.0
2027-01-25,2,0.0
2027-01-25,3,0.0
2027-01-25,4,0.0
2027-01-25,5,0.0
2027-01-25,6,0.0
2027-01-25,7,0.03
2027-01-25,8,0.21
2027-01-25,9,1.01
2027-01-25,10,3.75
2027-01-25,11,10.6
2027-01-25,12,22.97
2027-01-25,13,38.12
2027-01-25,14,48.46
2027-01-25,15,47.19
2027-01-25,16,35.19
2027-01-25,17,20.1
2027-01-25,18,8.79
2027-01-25,19,2.95
2027-01-25,20,0.76
2027-01-25,21,0.15
2027-01-25,22,0.02
2027-01-25,23,0.0
2027-01-25,24,0.0
2027-01-26,1,0.0
2027-01-26,2,0.0
2027-01-26,3,0.0
2027-01-26,4,0.0
2027-01-26,5,0.0
2027-01-26,6,0.0
2027-01-26,7,0.04
2027-01-26,8,0.25
2027-01-26,9,1.2
2027-01-26,10,4.45
2027-01-26,11,12.59
2027-01-26,12,27.27
2027-01-26,13,45.27
2027-01-26,14,57.55
2027-01-26,15,56.03
2027-01-26,16,41.79
2027-01-26,17,23.87
2027-01-26,18,10.44
2027-01-26,19,3.5
2027-01-26,20,0.9
2027-01-26,21,0.18
2027-01-26,22,0.03
2027-01-26,23,0.0
2027-01-26,24,0.0
2027-01-27,1,0.0
2027-01-27,2,0.0
2027-01-27,3,0.0
2027-01-27,4,0.0
2027-01-27,5,0.0
2027-01-27,6,0.0
2027-01-27,7,0.03
2027-01-27,8,0.16
2027-01-27,9,0.77
2027-01-27,10,2.86
2027-01-27,11,8.09
2027-01-27,12,17.52
2027-01-27,13,29.09
2027-01-27,14,36.98
2027-01-27,15,36.0
2027-01-27,16,26.85
2027-01-27,17,15.34
2027-01-27,18,6.71
2027-01-27,19,2.25
2027-01-27,20,0.58
2027-01-27,21,0.11
2027-01-27,22,0.02
2027-01-27,23,0.0
2027-01-27,24,0.0
2027-01-28,1,0.0
2027-01-28,2,0.0
2027-01-28,3,0.0
2027-01-28,4,0.0
2027-01-28,5,0.0
2027-01-28,6,0.01
2027-01-28,7,0.05
2027-01-28,8,0.29
2027-01-28,9,1.42
2027-01-28,10,5.24
2027-01-28,11,14.81
2027-01-28,12,32.1
2027-01-28,13,53.28
2027-01-28,14,67.74
2027-01-28,15,65.95
2027-01-28,16,49.19
2027-01-28,17,28.1
2027-01-28,18,12.29
2027-01-28,19,4.12
2027-01-28,20,1.06
2027-01-28,21,0.21
2027-01-28,22,0.03
2027-01-28,23,0.0
2027-01-28,24,0.0
2027-01-29,1,0.0
2027-01-29,2,0.0
2027-01-29,3,0.0
2027-01-29,4,0.0
2027-01-29,5,0.0
2027-01-29,6,0.0
2027-01-29,7,0.02
2027-01-29,8,0.15
2027-01-29,9,0.73
2027-01-29,10,2.7
2027-01-29,11,7.65
2027-01-29,12,16.57
2027-01-29,13,27.51
2027-01-29,14,34.97
2027-01-29,15,34.05
2027-01-29,16,25.39
2027-01-29,17,14.5
2027-01-29,18,6.35
2027-01-29,19,2.13
2027-01-29,20,0.55
2027-01-29,21,0.11
2027-01-29,22,0.02
2027-01-29,23,0.0
2027-01-29,24,0.0
2027-01-30,1,0.0
2027-01-30,2,0.0
2027-01-30,3,0.0
2027-01-30,4,0.0
2027-01-30,5,0.0
2027-01-30,6,0.01
2027-01-30,7,0.05
2027-01-30,8,0.29
2027-01-30,9,1.38
2027-01-30,10,5.1
2027-01-30,11,14.42
2027-01-30,12,31.25
2027-01-30,13,51.87
2027-01-30,14,65.94
2027-01-30,15,64.21
2027-01-30,16,47.88
2027-01-30,17,27.35
2027-01-30,18,11.97
2027-01-30,19,4.01
2027-01-30,20,1.03
2027-01-30,21,0.2
2027-01-30,22,0.03
2027-01-30,23,0.0
2027-01-30,24,0.0
2027-01-31,1,0.0
2027-01-31,2,0.0
2027-01-31,3,0.0
2027-01-31,4,0.0
2027-01-31,5,0.0
2027-01-31,6,0.0
2027-01-31,7,0.03
2027-01-31,8,0.2
2027-01-31,9,0.95
2027-01-31,10,3.51
2027-01-31,11,9.93
2027-01-31,12,21.52
2027-01-31,13,35.71
2027-01-31,14,45.4
2027-01-31,15,44.21
2027-01-31,16,32.97
2027-01-31,17,18.83
2027-01-31,18,8.24
2027-01-31,19,2.76
2027-01-31,20,0.71
2027-01-31,21,0.14
2027-01-31,22,0.02
2027-01-31,23,0.0
2027-01-31,24,0.0
2027-02-01,1,0.0
2027-02-01,2,0.0
2027-02-01,3,0.0
2027-02-01,4,0.0
2027-02-01,5,0.0
2027-02-01,6,0.0
2027-02-01,7,0.04
2027-02-01,8,0.23
2027-02-01,9,1.13
2027-02-01,10,4.16
2027-02-01,11,11.78
2027-02-01,12,25.53
2027-02-01,13,42.37
2027-02-01,14,53.86
2027-02-01,15,52.45
2027-02-01,16,39.11
2027-02-01,17,22.34
2027-02-01,18,9.77
2027-02-01,19,3.28
2027-02-01,20,0.84
2027-02-01,21,0.17
2027-02-01,22,0.02
2027-02-01,23,0.0
2027-02-01,24,0.0
2027-02-02,1,0.0
2027-02-02,2,0.0
2027-02-02,3,0.0
2027-02-02,4,0.0
2027-02-02,5,0.0
2027-02-02,6,0.01
2027-02-02,7,0.04
2027-02-02,8,0.27
2027-02-02,9,1.3
2027-02-02,10,4.8
2027-02-02,11,13.59
2027-02-02,12,29.44
2027-02-02,13,48.86
2027-02-02,14,62.12
2027-02-02,15,60.48
2027-02-02,16,45.11
2027-02-02,17,25.76
2027-02-02,18,11.27
2027-02-02,19,3.78
2027-02-02,20,0.97
2027-02-02,21,0.19
2027-02-02,22,0.03
2027-02-02,23,0.0
2027-02-02,24,0.0
2027-02-03,1,0.0
2027-02-03,2,0.0
2027-02-03,3,0.0
2027-02-03,4,0.0
2027-02-03,5,0.0
2027-02-03,6,0.0
2027-02-03,7,0.03
2027-02-03,8,0.18
2027-02-03,9,0.86
2027-02-03,10,3.17
2027-02-03,11,8.98
2027-02-03,12,19.45
2027-02-03,13,32.28
2027-02-03,14,41.04
2027-02-03,15,39.96
2027-02-03,16,29.8
2027-02-03,17,17.02
2027-02-03,18,7.45
2027-02-03,19,2.5
2027-02-03,20,0.64
2027-02-03,21,0.13
2027-02-03,22,0.02
2027-02-03,23,0.0
2027-02-03,24,0.0
2027-02-04,1,0.0
2027-02-04,2,0.0
2027-02-04,3,0.0
2027-02-04,4,0.0
2027-02-04,5,0.0
2027-02-04,6,0.01
2027-02-04,7,0.05
2027-02-04,8,0.32
2027-02-04,9,1.55
2027-02-04,10,5.72
2027-02-04,11,16.18
2027-02-04,12,35.05
2027-02-04,13,58.18
2027-02-04,14,73.96
2027-02-04,15,72.01
2027-02-04,16,53.7
2027-02-04,17,30.68
2027-02-04,18,13.42
2027-02-04,19,4.5
2027-02-04,20,1.15
2027-02-04,21,0.23
2027-02-04,22,0.03
2027-02-04,23,0.0
2027-02-04,24,0.0
2027-02-05,1,0.0
2027-02-05,2,0.0
2027-02-05,3,0.0
2027-02-05,4,0.0
2027-02-05,5,0.0
2027-02-05,6,0.0
2027-02-05,7,0.03
2027-02-05,8,0.17
2027-02-05,9,0.8
2027-02-05,10,2.95
2027-02-05,11,8.33
2027-02-05,12,18.06
2027-02-05,13,29.98
2027-02-05,14,38.11
2027-02-05,15,37.1
2027-02-05,16,27.67
2027-02-05,17,15.81
2027-02-05,18,6.92
2027-02-05,19,2.32
2027-02-05,20,0.59
2027-02-05,21,0.12
2027-02-05,22,0.02
2027-02-05,23,0.0
2027-02-05,24,0.0
2027-02-06,1,0.0
2027-02-06,2,0.0
2027-02-06,3,0.0
2027-02-06,4,0.0
2027-02-06,5,0.0
2027-02-06,6,0.01
2027-02-06,7,0.05
2027-02-06,8,0.32
2027-02-06,9,1.52
2027-02-06,10,5.63
2027-02-06,11,15.94
2027-02-06,12,34.53
2027-02-06,13,57.32
2027-02-06,14,72.86
2027-02-06,15,70.95
2027-02-06,16,52.91
2027-02-06,17,30.22
2027-02-06,18,13.22
2027-02-06,19,4.43
2027-02-06,20,1.14
2027-02-06,21,0.22
2027-02-06,22,0.03
2027-02-06,23,0.0
2027-02-06,24,0.0
2027-02-07,1,0.0
2027-02-07,2,0.0
2027-02-07,3,0.0
2027-02-07,4,0.0
2027-02-07,5,0.0
2027-02-07,6,0.0
2027-02-07,7,0.03
2027-02-07,8,0.21
2027-02-07,9,1.02
2027-02-07,10,3.78
2027-02-07,11,10.7
2027-02-07,12,23.18
2027-02-07,13,38.48
2027-02-07,14,48.91
2027-02-07,15,47.62
2027-02-07,16,35.52
2027-02-07,17,20.29
2027-02-07,18,8.88
2027-02-07,19,2.97
2027-02-07,20,0.76
2027-02-07,21,0.15
2027-02-07,22,0.02
2027-02-07,23,0.0
2027-02-07,24,0.0
2027-02-08,1,0.0
2027-02-08,2,0.0
2027-02-08,3,0.0
2027-02-08,4,0.0
2027-02-08,5,0.0
2027-02-08,6,0.01
2027-02-08,7,0.04
2027-02-08,8,0.26
2027-02-08,9,1.26
2027-02-08,10,4.64
2027-02-08,11,13.14
2027-02-08,12,28.47
2027-02-08,13,47.25
2027-02-08,14,60.07
2027-02-08,15,58.49
2027-02-08,16,43.62
2027-02-08,17,24.92
2027-02-08,18,10.9
2027-02-08,19,3.65
2027-02-08,20,0.94
2027-02-08,21,0.18
2027-02-08,22,0.03
2027-02-08,23,0.0
2027-02-08,24,0.0
2027-02-09,1,0.0
2027-02-09,2,0.0
2027-02-09,3,0.0
2027-02-09,4,0.0
2027-02-09,5,0.0
2027-02-09,6,0.01
2027-02-09,7,0.05
2027-02-09,8,0.29
2027-02-09,9,1.41
2027-02-09,10,5.2
2027-02-09,11,14.7
2027-02-09,12,31.86
2027-02-09,13,52.88
2027-02-09,14,67.23
2027-02-09,15,65.46
2027-02-09,16,48.82
2027-02-09,17,27.89
2027-02-09,18,12.2
2027-02-09,19,4.09
2027-02-09,20,1.05
2027-02-09,21,0.21
2027-02-09,22,0.03
2027-02-09,23,0.0
2027-02-09,24,0.0
2027-02-10,1,0.0
2027-02-10,2,0.0
2027-02-10,3,0.0
2027-02-10,4,0.0
2027-02-10,5,0.0
2027-02-10,6,0.0
2027-02-10,7,0.03
2027-02-10,8,0.2
2027-02-10,9,0.96
2027-02-10,10,3.53
2027-02-10,11,10.0
2027-02-10,12,21.66
2027-02-10,13,35.95
2027-02-10,14,45.71
2027-02-10,15,44.5
2027-02-10,16,33.19
2027-02-10,17,18.96
2027-02-10,18,8.29
2027-02-10,19,2.78
2027-02-10,20,0.71
2027-02-10,21,0.14
2027-02-10,22,0.02
2027-02-10,23,0.0
2027-02-10,24,0.0
2027-02-11,1,0.0
2027-02-11,2,0.0
2027-02-11,3,0.0
2027-02-11,4,0.0
2027-02-11,5,0.0
2027-02-11,6,0.01
2027-02-11,7,0.06
2027-02-11,8,0.35
2027-02-11,9,1.69
2027-02-11,10,6.25
2027-02-11,11,17.69
2027-02-11,12,38.34
2027-02-11,13,63.63
2027-02-11,14,80.89
2027-02-11,15,78.76
2027-02-11,16,58.74
2027-02-11,17,33.55
2027-02-11,18,14.68
2027-02-11,19,4.92
2027-02-11,20,1.26
2027-02-11,21,0.25
2027-02-11,22,0.04
2027-02-11,23,0.0
2027-02-11,24,0.0
2027-02-12,1,0.0
2027-02-12,2,0.0
2027-02-12,3,0.0
2027-02-12,4,0.0
2027-02-12,5,0.0
2027-02-12,6,0.0
2027-02-12,7,0.03
2027-02-12,8,0.18
2027-02-12,9,0.87
2027-02-12,10,3.22
2027-02-12,11,9.11
2027-02-12,12,19.75
2027-02-12,13,32.77
2027-02-12,14,41.66
2027-02-12,15,40.56
2027-02-12,16,30.25
2027-02-12,17,17.28
2027-02-12,18,7.56
2027-02-12,19,2.53
2027-02-12,20,0.65
2027-02-12,21,0.13
2027-02-12,22,0.02
2027-02-12,23,0.0
2027-02-12,24,0.0
2027-02-13,1,0.0
2027-02-13,2,0.0
2027-02-13,3,0.0
2027-02-13,4,0.0
2027-02-13,5,0.0
2027-02-13,6,0.01
2027-02-13,7,0.06
2027-02-13,8,0.35
2027-02-13,9,1.69
2027-02-13,10,6.23
2027-02-13,11,17.63
2027-02-13,12,38.2
2027-02-13,13,63.4
2027-02-13,14,80.59
2027-02-13,15,78.47
2027-02-13,16,58.52
2027-02-13,17,33.43
2027-02-13,18,14.63
2027-02-13,19,4.9
2027-02-13,20,1.26
2027-02-13,21,0.25
2027-02-13,22,0.04
2027-02-13,23,0.0
2027-02-13,24,0.0
2027-02-14,1,0.0
2027-02-14,2,0.0
2027-02-14,3,0.0
2027-02-14,4,0.0
2027-02-14,5,0.0
2027-02-14,6,0.0
2027-02-14,7,0.04
2027-02-14,8,0.23
2027-02-14,9,1.1
2027-02-14,10,4.08
2027-02-14,11,11.54
2027-02-14,12,25.01
2027-02-14,13,41.51
2027-02-14,14,52.77
2027-02-14,15,51.38
2027-02-14,16,38.32
2027-02-14,17,21.89
2027-02-14,18,9.58
2027-02-14,19,3.21
2027-02-14,20,0.82
2027-02-14,21,0.16
2027-02-14,22,0.02
2027-02-14,23,0.0
2027-02-14,24,0.0
2027-02-15,1,0.0
2027-02-15,2,0.0
2027-02-15,3,0.0
2027-02-15,4,0.0
2027-02-15,5,0.0
2027-02-15,6,0.01
2027-02-15,7,0.05
2027-02-15,8,0.29
2027-02-15,9,1.4
2027-02-15,10,5.18
2027-02-15,11,14.66
2027-02-15,12,31.77
2027-02-15,13,52.73
2027-02-15,14,67.04
2027-02-15,15,65.27
2027-02-15,16,48.68
2027-02-15,17,27.8
2027-02-15,18,12.16
2027-02-15,19,4.08
2027-02-15,20,1.05
2027-02-15,21,0.21
2027-02-15,22,0.03
2027-02-15,23,0.0
2027-02-15,24,0.0
2027-02-16,1,0.0
2027-02-16,2,0.0
2027-02-16,3,0.0
2027-02-16,4,0.0
2027-02-16,5,0.0
2027-02-16,6,0.01
2027-02-16,7,0.05
2027-02-16,8,0.32
2027-02-16,9,1.52
2027-02-16,10,5.63
2027-02-16,11,15.92
2027-02-16,12,34.49
2027-02-16,13,57.24
2027-02-16,14,72.77
2027-02-16,15,70.86
2027-02-16,16,52.84
2027-02-16,17,30.18
2027-02-16,18,13.21
2027-02-16,19,4.43
2027-02-16,20,1.14
2027-02-16,21,0.22
2027-02-16,22,0.03
2027-02-16,23,0.0
2027-02-16,24,0.0
2027-02-17,1,0.0
2027-02-17,2,0.0
2027-02-17,3,0.0
2027-02-17,4,0.0
2027-02-17,5,0.0
2027-02-17,6,0.0
2027-02-17,7,0.04
2027-02-17,8,0.22
2027-02-17,9,1.07
2027-02-17,10,3.94
2027-02-17,11,11.14
2027-02-17,12,24.15
2027-02-17,13,40.08
2027-02-17,14,50.95
2027-02-17,15,49.61
2027-02-17,16,37.0
2027-02-17,17,21.13
2027-02-17,18,9.25
2027-02-17,19,3.1
2027-02-17,20,0.8
2027-02-17,21,0.16
2027-02-17,22,0.02
2027-02-17,23,0.0
2027-02-17,24,0.0
2027-02-18,1,0.0
2027-02-18,2,0.0
2027-02-18,3,0.0
2027-02-18,4,0.0
2027-02-18,5,0.0
2027-02-18,6,0.01
2027-02-18,7,0.06
2027-02-18,8,0.38
2027-02-18,9,1.85
2027-02-18,10,6.84
2027-02-18,11,19.34
2027-02-18,12,41.91
2027-02-18,13,69.55
2027-02-18,14,88.42
2027-02-18,15,86.09
2027-02-18,16,64.21
2027-02-18,17,36.68
2027-02-18,18,16.05
2027-02-18,19,5.38
2027-02-18,20,1.38
2027-02-18,21,0.27
2027-02-18,22,0.04
2027-02-18,23,0.0
2027-02-18,24,0.0
2027-02-19,1,0.0
2027-02-19,2,0.0
2027-02-19,3,0.0
2027-02-19,4,0.0
2027-02-19,5,0.0
2027-02-19,6,0.0
2027-02-19,7,0.03
2027-02-19,8,0.2
2027-02-19,9,0.95
2027-02-19,10,3.52
2027-02-19,11,9.97
2027-02-19,12,21.61
2027-02-19,13,35.86
2027-02-19,14,45.59
2027-02-19,15,44.39
2027-02-19,16,33.1
2027-02-19,17,18.91
2027-02-19,18,8.27
2027-02-19,19,2.77
2027-02-19,20,0.71
2027-02-19,21,0.14
2027-02-19,22,0.02
2027-02-19,23,0.0
2027-02-19,24,0.0
2027-02-20,1,0.0
2027-02-20,2,0.0
2027-02-20,3,0.0
2027-02-20,4,0.0
2027-02-20,5,0.0
2027-02-20,6,0.01
2027-02-20,7,0.06
2027-02-20,8,0.39
2027-02-20,9,1.86
2027-02-20,10,6.88
2027-02-20,11,19.47
2027-02-20,12,42.2
2027-02-20,13,70.04
2027-02-20,14,89.04
2027-02-20,15,86.69
2027-02-20,16,64.65
2027-02-20,17,36.93
2027-02-20,18,16.16
2027-02-20,19,5.41
2027-02-20,20,1.39
2027-02-20,21,0.27
2027-02-20,22,0.04
2027-02-20,23,0.0
2027-02-20,24,0.0
2027-02-21,1,0.0
2027-02-21,2,0.0
2027-02-21,3,0.0
2027-02-21,4,0.0
2027-02-21,5,0.0
2027-02-21,6,0.0
2027-02-21,7,0.04
2027-02-21,8,0.25
2027-02-21,9,1.19
2027-02-21,10,4.4
2027-02-21,11,12.44
2027-02-21,12,26.96
2027-02-21,13,44.75
2027-02-21,14,56.89
2027-02-21,15,55.39
2027-02-21,16,41.31
2027-02-21,17,23.6
2027-02-21,18,10.32
2027-02-21,19,3.46
2027-02-21,20,0.89
2027-02-21,21,0.17
2027-02-21,22,0.03
2027-02-21,23,0.0
2027-02-21,24,0.0
2027-02-22,1,0.0
2027-02-22,2,0.0
2027-02-22,3,0.0
2027-02-22,4,0.0
2027-02-22,5,0.0
2027-02-22,6,0.01
2027-02-22,7,0.05
2027-02-22,8,0.32
2027-02-22,9,1.56
2027-02-22,10,5.77
2027-02-22,11,16.34
2027-02-22,12,35.4
2027-02-22,13,58.75
2027-02-22,14,74.69
2027-02-22,15,72.73
2027-02-22,16,54.24
2027-02-22,17,30.98
2027-02-22,18,13.55
2027-02-22,19,4.54
2027-02-22,20,1.17
2027-02-22,21,0.23
2027-02-22,22,0.03
2027-02-22,23,0.0
2027-02-22,24,0.0
2027-02-23,1,0.0
2027-02-23,2,0.0
2027-02-23,3,0.0
2027-02-23,4,0.0
2027-02-23,5,0.0
2027-02-23,6,0.01
2027-02-23,7,0.05
2027-02-23,8,0.34
2027-02-23,9,1.65
2027-02-23,10,6.08
2027-02-23,11,17.2
2027-02-23,12,37.26
2027-02-23,13,61.85
2027-02-23,14,78.62
2027-02-23,15,76.55
2027-02-23,16,57.09
2027-02-23,17,32.61
2027-02-23,18,14.27
2027-02-23,19,4.78
2027-02-23,20,1.23
2027-02-23,21,0.24
2027-02-23,22,0.04
2027-02-23,23,0.0
2027-02-23,24,0.0
2027-02-24,1,0.0
2027-02-24,2,0.0
2027-02-24,3,0.0
2027-02-24,4,0.0
2027-02-24,5,0.0
2027-02-24,6,0.0
2027-02-24,7,0.04
2027-02-24,8,0.25
2027-02-24,9,1.19
2027-02-24,10,4.39
2027-02-24,11,12.41
2027-02-24,12,26.89
2027-02-24,13,44.62
2027-02-24,14,56.73
2027-02-24,15,55.24
2027-02-24,16,41.19
2027-02-24,17,23.53
2027-02-24,18,10.29
2027-02-24,19,3.45
2027-02-24,20,0.89
2027-02-24,21,0.17
2027-02-24,22,0.03
2027-02-24,23,0.0
2027-02-24,24,0.0
2027-02-25,1,0.0
2027-02-25,2,0.0
2027-02-25,3,0.0
2027-02-25,4,0.0
2027-02-25,5,0.0
2027-02-25,6,0.01
2027-02-25,7,0.07
2027-02-25,8,0.42
2027-02-25,9,2.02
2027-02-25,10,7.45
2027-02-25,11,21.08
2027-02-25,12,45.69
2027-02-25,13,75.83
2027-02-25,14,96.4
2027-02-25,15,93.86
2027-02-25,16,70.0
2027-02-25,17,39.99
2027-02-25,18,17.49
2027-02-25,19,5.86
2027-02-25,20,1.5
2027-02-25,21,0.3
2027-02-25,22,0.04
2027-02-25,23,0.01
2027-02-25,24,0.0
2027-02-26,1,0.0
2027-02-26,2,0.0
2027-02-26,3,0.0
2027-02-26,4,0.0
2027-02-26,5,0.0
2027-02-26,6,0.0
2027-02-26,7,0.03
2027-02-26,8,0.22
2027-02-26,9,1.04
2027-02-26,10,3.85
2027-02-26,11,10.9
2027-02-26,12,23.62
2027-02-26,13,39.21
2027-02-26,14,49.84
2027-02-26,15,48.53
2027-02-26,16,36.19
2027-02-26,17,20.67
2027-02-26,18,9.04
2027-02-26,19,3.03
2027-02-26,20,0.78
2027-02-26,21,0.15
2027-02-26,22,0.02
2027-02-26,23,0.0
2027-02-26,24,0.0
2027-02-27,1,0.0
2027-02-27,2,0.0
2027-02-27,3,0.0
2027-02-27,4,0.0
2027-02-27,5,0.0
2027-02-27,6,0.01
2027-02-27,7,0.07
2027-02-27,8,0.43
2027-02-27,9,2.05
2027-02-27,10,7.58
2027-02-27,11,21.45
2027-02-27,12,46.48
2027-02-27,13,77.15
2027-02-27,14,98.07
2027-02-27,15,95.49
2027-02-27,16,71.21
2027-02-27,17,40.68
2027-02-27,18,17.8
2027-02-27,19,5.96
2027-02-27,20,1.53
2027-02-27,21,0.3
2027-02-27,22,0.05
2027-02-27,23,0.01
2027-02-27,24,0.0
2027-02-28,1,0.0
2027-02-28,2,0.0
2027-02-28,3,0.0
2027-02-28,4,0.0
2027-02-28,5,0.0
2027-02-28,6,0.01
2027-02-28,7,0.04
2027-02-28,8,0.27
2027-02-28,9,1.28
2027-02-28,10,4.73
2027-02-28,11,13.38
2027-02-28,12,29.0
2027-02-28,13,48.14
2027-02-28,14,61.2
2027-02-28,15,59.59
2027-02-28,16,44.44
2027-02-28,17,25.38
2027-02-28,18,11.11
2027-02-28,19,3.72
2027-02-28,20,0.96
2027-02-28,21,0.19
2027-02-28,22,0.03
2027-02-28,23,0.0
2027-02-28,24,0.0
2027-03-01,1,0.0
2027-03-01,2,0.0
2027-03-01,3,0.0
2027-03-01,4,0.0
2027-03-01,5,0.0
2027-03-01,6,0.01
2027-03-01,7,0.06
2027-03-01,8,0.36
2027-03-01,9,1.74
2027-03-01,10,6.41
2027-03-01,11,18.14
2027-03-01,12,39.32
2027-03-01,13,65.26
2027-03-01,14,82.96
2027-03-01,15,80.78
2027-03-01,16,60.24
2027-03-01,17,34.41
2027-03-01,18,15.06
2027-03-01,19,5.04
2027-03-01,20,1.29
2027-03-01,21,0.25
2027-03-01,22,0.04
2027-03-01,23,0.0
2027-03-01,24,0.0
2027-03-02,1,0.0
2027-03-02,2,0.0
2027-03-02,3,0.0
2027-03-02,4,0.0
2027-03-02,5,0.0
2027-03-02,6,0.01
2027-03-02,7,0.06
2027-03-02,8,0.37
2027-03-02,9,1.77
2027-03-02,10,6.54
2027-03-02,11,18.52
2027-03-02,12,40.12
2027-03-02,13,66.6
2027-03-02,14,84.66
2027-03-02,15,82.43
2027-03-02,16,61.48
2027-03-02,17,35.12
2027-03-02,18,15.36
2027-03-02,19,5.15
2027-03-02,20,1.32
2027-03-02,21,0.26
2027-03-02,22,0.04
2027-03-02,23,0.0
2027-03-02,24,0.0
2027-03-03,1,0.0
2027-03-03,2,0.0
2027-03-03,3,0.0
2027-03-03,4,0.0
2027-03-03,5,0.0
2027-03-03,6,0.01
2027-03-03,7,0.04
2027-03-03,8,0.27
2027-03-03,9,1.32
2027-03-03,10,4.87
2027-03-03,11,13.78
2027-03-03,12,29.86
2027-03-03,13,49.55
2027-03-03,14,63.0
2027-03-03,15,61.34
2027-03-03,16,45.74
2027-03-03,17,26.13
2027-03-03,18,11.43
2027-03-03,19,3.83
2027-03-03,20,0.98
2027-03-03,21,0.19
2027-03-03,22,0.03
2027-03-03,23,0.0
2027-03-03,24,0.0
2027-03-04,1,0.0
2027-03-04,2,0.0
2027-03-04,3,0.0
2027-03-04,4,0.0
2027-03-04,5,0.0
2027-03-04,6,0.01
2027-03-04,7,0.07
2027-03-04,8,0.45
2027-03-04,9,2.19
2027-03-04,10,8.09
2027-03-04,11,22.9
2027-03-04,12,49.62
2027-03-04,13,82.36
2027-03-04,14,104.69
2027-03-04,15,101.94
2027-03-04,16,76.02
2027-03-04,17,43.43
2027-03-04,18,19.0
2027-03-04,19,6.37
2027-03-04,20,1.63
2027-03-04,21,0.32
2027-03-04,22,0.05
2027-03-04,23,0.01
2027-03-04,24,0.0
2027-03-05,1,0.0
2027-03-05,2,0.0
2027-03-05,3,0.0
2027-03-05,4,0.0
2027-03-05,5,0.0
2027-03-05,6,0.0
2027-03-05,7,0.04
2027-03-05,8,0.24
2027-03-05,9,1.14
2027-03-05,10,4.2
2027-03-05,11,11.89
2027-03-05,12,25.77
2027-03-05,13,42.77
2027-03-05,14,54.37
2027-03-05,15,52.94
2027-03-05,16,39.48
2027-03-05,17,22.55
2027-03-05,18,9.87
2027-03-05,19,3.31
2027-03-05,20,0.85
2027-03-05,21,0.17
2027-03-05,22,0.03
2027-03-05,23,0.0
2027-03-05,24,0.0
2027-03-06,1,0.0
2027-03-06,2,0.0
2027-03-06,3,0.0
2027-03-06,4,0.0
2027-03-06,5,0.0
2027-03-06,6,0.01
2027-03-06,7,0.07
2027-03-06,8,0.47
2027-03-06,9,2.25
2027-03-06,10,8.32
2027-03-06,11,23.53
2027-03-06,12,50.98
2027-03-06,13,84.62
2027-03-06,14,107.57
2027-03-06,15,104.74
2027-03-06,16,78.11
2027-03-06,17,44.62
2027-03-06,18,19.52
2027-03-06,19,6.54
2027-03-06,20,1.68
2027-03-06,21,0.33
2027-03-06,22,0.05
2027-03-06,23,0.01
2027-03-06,24,0.0
2027-03-07,1,0.0
2027-03-07,2,0.0
2027-03-07,3,0.0
2027-03-07,4,0.0
2027-03-07,5,0.0
2027-03-07,6,0.01
2027-03-07,7,0.05
2027-03-07,8,0.28
2027-03-07,9,1.37
2027-03-07,10,5.07
2027-03-07,11,14.35
2027-03-07,12,31.09
2027-03-07,13,51.61
2027-03-07,14,65.61
2027-03-07,15,63.88
2027-03-07,16,47.64
2027-03-07,17,27.21
2027-03-07,18,11.91
2027-03-07,19,3.99
2027-03-07,20,1.02
2027-03-07,21,0.2
2027-03-07,22,0.03
2027-03-07,23,0.0
2027-03-07,24,0.0
2027-03-08,1,0.0
2027-03-08,2,0.0
2027-03-08,3,0.0
2027-03-08,4,0.0
2027-03-08,5,0.0
2027-03-08,6,0.01
2027-03-08,7,0.06
2027-03-08,8,0.4
2027-03-08,9,1.92
2027-03-08,10,7.09
2027-03-08,11,20.07
2027-03-08,12,43.49
2027-03-08,13,72.18
2027-03-08,14,91.76
2027-03-08,15,89.34
2027-03-08,16,66.63
2027-03-08,17,38.06
2027-03-08,18,16.65
2027-03-08,19,5.58
2027-03-08,20,1.43
2027-03-08,21,0.28
2027-03-08,22,0.04
2027-03-08,23,0.0
2027-03-08,24,0.0
2027-03-09,1,0.0
2027-03-09,2,0.0
2027-03-09,3,0.0
2027-03-09,4,0.0
2027-03-09,5,0.0
2027-03-09,6,0.01
2027-03-09,7,0.06
2027-03-09,8,0.39
2027-03-09,9,1.9
2027-03-09,10,7.02
2027-03-09,11,19.85
2027-03-09,12,43.01
2027-03-09,13,71.39
2027-03-09,14,90.76
2027-03-09,15,88.37
2027-03-09,16,65.9
2027-03-09,17,37.64
2027-03-09,18,16.47
2027-03-09,19,5.52
2027-03-09,20,1.42
2027-03-09,21,0.28
2027-03-09,22,0.04
2027-03-09,23,0.0
2027-03-09,24,0.0
2027-03-10,1,0.0
2027-03-10,2,0.0
2027-03-10,3,0.0
2027-03-10,4,0.0
2027-03-10,5,0.0
2027-03-10,6,0.01
2027-03-10,7,0.05
2027-03-10,8,0.3
2027-03-10,9,1.46
2027-03-10,10,5.39
2027-03-10,11,15.24
2027-03-10,12,33.03
2027-03-10,13,54.82
2027-03-10,14,69.7
2027-03-10,15,67.86
2027-03-10,16,50.61
2027-03-10,17,28.91
2027-03-10,18,12.65
2027-03-10,19,4.24
2027-03-10,20,1.09
2027-03-10,21,0.21
2027-03-10,22,0.03
2027-03-10,23,0.0
2027-03-10,24,0.0
2027-03-11,1,0.0
2027-03-11,2,0.0
2027-03-11,3,0.0
2027-03-11,4,0.0
2027-03-11,5,0.0
2027-03-11,6,0.01
2027-03-11,7,0.08
2027-03-11,8,0.49
2027-03-11,9,2.37
2027-03-11,10,8.75
2027-03-11,11,24.75
2027-03-11,12,53.63
2027-03-11,13,89.01
2027-03-11,14,113.15
2027-03-11,15,110.17
2027-03-11,16,82.16
2027-03-11,17,46.93
2027-03-11,18,20.53
2027-03-11,19,6.88
2027-03-11,20,1.77
2027-03-11,21,0.35
2027-03-11,22,0.05
2027-03-11,23,0.01
2027-03-11,24,0.0
2027-03-12,1,0.0
2027-03-12,2,0.0
2027-03-12,3,0.0
2027-03-12,4,0.0
2027-03-12,5,0.0
2027-03-12,6,0.0
2027-03-12,7,0.04
2027-03-12,8,0.26
2027-03-12,9,1.24
2027-03-12,10,4.57
2027-03-12,11,12.93
2027-03-12,12,28.02
2027-03-12,13,46.51
2027-03-12,14,59.13
2027-03-12,15,57.58
2027-03-12,16,42.94
2027-03-12,17,24.53
2027-03-12,18,10.73
2027-03-12,19,3.6
2027-03-12,20,0.92
2027-03-12,21,0.18
2027-03-12,22,0.03
2027-03-12,23,0.0
2027-03-12,24,0.0
2027-03-13,1,0.0
2027-03-13,2,0.0
2027-03-13,3,0.0
2027-03-13,4,0.0
2027-03-13,5,0.0
2027-03-13,6,0.01
2027-03-13,7,0.08
2027-03-13,8,0.51
2027-03-13,9,2.46
2027-03-13,10,9.07
2027-03-13,11,25.67
2027-03-13,12,55.64
2027-03-13,13,92.34
2027-03-13,14,117.39
2027-03-13,15,114.3
2027-03-13,16,85.24
2027-03-13,17,48.69
2027-03-13,18,21.3
2027-03-13,19,7.14
2027-03-13,20,1.83
2027-03-13,21,0.36
2027-03-13,22,0.05
2027-03-13,23,0.01
2027-03-13,24,0.0
2027-03-14,1,0.0
2027-03-14,2,0.0
2027-03-14,3,0.0
2027-03-14,4,0.0
2027-03-14,5,0.0
2027-03-14,6,0.01
2027-03-14,7,0.05
2027-03-14,8,0.3
2027-03-14,9,1.47
2027-03-14,10,5.41
2027-03-14,11,15.32
2027-03-14,12,33.2
2027-03-14,13,55.1
2027-03-14,14,70.05
2027-03-14,15,68.2
2027-03-14,16,50.86
2027-03-14,17,29.05
2027-03-14,18,12.71
2027-03-14,19,4.26
2027-03-14,20,1.09
2027-03-14,21,0.21
2027-03-14,22,0.03
2027-03-14,23,0.0
2027-03-14,24,0.0
2027-03-15,1,0.0
2027-03-15,2,0.0
2027-03-15,3,0.0
2027-03-15,4,0.0
2027-03-15,5,0.0
2027-03-15,6,0.01
2027-03-15,7,0.07
2027-03-15,8,0.44
2027-03-15,9,2.11
2027-03-15,10,7.81
2027-03-15,11,22.08
2027-03-15,12,47.85
2027-03-15,13,79.43
2027-03-15,14,100.97
2027-03-15,15,98.31
2027-03-15,16,73.32
2027-03-15,17,41.88
2027-03-15,18,18.32
2027-03-15,19,6.14
2027-03-15,20,1.58
2027-03-15,21,0.31
2027-03-15,22,0.05
2027-03-15,23,0.01
2027-03-15,24,0.0
2027-03-16,1,0.0
2027-03-16,2,0.0
2027-03-16,3,0.0
2027-03-16,4,0.0
2027-03-16,5,0.0
2027-03-16,6,0.01
2027-03-16,7,0.07
2027-03-16,8,0.42
2027-03-16,9,2.03
2027-03-16,10,7.48
2027-03-16,11,21.17
2027-03-16,12,45.88
2027-03-16,13,76.14
2027-03-16,14,96.8
2027-03-16,15,94.25
2027-03-16,16,70.29
2027-03-16,17,40.15
2027-03-16,18,17.57
2027-03-16,19,5.89
2027-03-16,20,1.51
2027-03-16,21,0.3
2027-03-16,22,0.04
2027-03-16,23,0.01
2027-03-16,24,0.0
2027-03-17,1,0.0
2027-03-17,2,0.0
2027-03-17,3,0.0
2027-03-17,4,0.0
2027-03-17,5,0.0
2027-03-17,6,0.01
2027-03-17,7,0.05
2027-03-17,8,0.33
2027-03-17,9,1.61
2027-03-17,10,5.93
2027-03-17,11,16.79
2027-03-17,12,36.38
2027-03-17,13,60.38
2027-03-17,14,76.76
2027-03-17,15,74.74
2027-03-17,16,55.74
2027-03-17,17,31.84
2027-03-17,18,13.93
2027-03-17,19,4.67
2027-03-17,20,1.2
2027-03-17,21,0.24
2027-03-17,22,0.04
2027-03-17,23,0.0
2027-03-17,24,0.0
2027-03-18,1,0.0
2027-03-18,2,0.0
2027-03-18,3,0.0
2027-03-18,4,0.0
2027-03-18,5,0.0
2027-03-18,6,0.01
2027-03-18,7,0.08
2027-03-18,8,0.53
2027-03-18,9,2.55
2027-03-18,10,9.4
2027-03-18,11,26.6
2027-03-18,12,57.64
2027-03-18,13,95.67
2027-03-18,14,121.62
2027-03-18,15,118.42
2027-03-18,16,88.31
2027-03-18,17,50.45
2027-03-18,18,22.07
2027-03-18,19,7.4
2027-03-18,20,1.9
2027-03-18,21,0.37
2027-03-18,22,0.06
2027-03-18,23,0.01
2027-03-18,24,0.0
2027-03-19,1,0.0
2027-03-19,2,0.0
2027-03-19,3,0.0
2027-03-19,4,0.0
2027-03-19,5,0.0
2027-03-19,6,0.01
2027-03-19,7,0.04
2027-03-19,8,0.28
2027-03-19,9,1.34
2027-03-19,10,4.95
2027-03-19,11,14.01
2027-03-19,12,30.37
2027-03-19,13,50.4
2027-03-19,14,64.07
2027-03-19,15,62.39
2027-03-19,16,46.53
2027-03-19,17,26.58
2027-03-19,18,11.63
2027-03-19,19,3.9
2027-03-19,20,1.0
2027-03-19,21,0.2
2027-03-19,22,0.03
2027-03-19,23,0.0
2027-03-19,24,0.0
2027-03-20,1,0.0
2027-03-20,2,0.0
2027-03-20,3,0.0
2027-03-20,4,0.0
2027-03-20,5,0.0
2027-03-20,6,0.01
2027-03-20,7,0.09
2027-03-20,8,0.55
2027-03-20,9,2.67
2027-03-20,10,9.85
2027-03-20,11,27.86
2027-03-20,12,60.37
2027-03-20,13,100.21
2027-03-20,14,127.39
2027-03-20,15,124.03
2027-03-20,16,92.5
2027-03-20,17,52.84
2027-03-20,18,23.12
2027-03-20,19,7.75
2027-03-20,20,1.99
2027-03-20,21,0.39
2027-03-20,22,0.06
2027-03-20,23,0.01
2027-03-20,24,0.0
2027-03-21,1,0.0
2027-03-21,2,0.0
2027-03-21,3,0.0
2027-03-21,4,0.0
2027-03-21,5,0.0
2027-03-21,6,0.01
2027-03-21,7,0.05
2027-03-21,8,0.32
2027-03-21,9,1.56
2027-03-21,10,5.75
2027-03-21,11,16.28
2027-03-21,12,35.28
2027-03-21,13,58.56
2027-03-21,14,74.44
2027-03-21,15,72.48
2027-03-21,16,54.06
2027-03-21,17,30.88
2027-03-21,18,13.51
2027-03-21,19,4.53
2027-03-21,20,1.16
2027-03-21,21,0.23
2027-03-21,22,0.03
2027-03-21,23,0.0
2027-03-21,24,0.0
2027-03-22,1,0.0
2027-03-22,2,0.0
2027-03-22,3,0.0
2027-03-22,4,0.0
2027-03-22,5,0.0
2027-03-22,6,0.01
2027-03-22,7,0.08
2027-03-22,8,0.48
2027-03-22,9,2.31
2027-03-22,10,8.54
2027-03-22,11,24.17
2027-03-22,12,52.37
2027-03-22,13,86.91
2027-03-22,14,110.49
2027-03-22,15,107.58
2027-03-22,16,80.23
2027-03-22,17,45.83
2027-03-22,18,20.05
2027-03-22,19,6.72
2027-03-22,20,1.72
2027-03-22,21,0.34
2027-03-22,22,0.05
2027-03-22,23,0.01
2027-03-22,24,0.0
2027-03-23,1,0.0
2027-03-23,2,0.0
2027-03-23,3,0.0
2027-03-23,4,0.0
2027-03-23,5,0.0
2027-03-23,6,0.01
2027-03-23,7,0.07
2027-03-23,8,0.45
2027-03-23,9,2.15
2027-03-23,10,7.94
2027-03-23,11,22.45
2027-03-23,12,48.66
2027-03-23,13,80.76
2027-03-23,14,102.67
2027-03-23,15,99.97
2027-03-23,16,74.55
2027-03-23,17,42.58
2027-03-23,18,18.63
2027-03-23,19,6.24
2027-03-23,20,1.6
2027-03-23,21,0.32
2027-03-23,22,0.05
2027-03-23,23,0.01
2027-03-23,24,0.0
2027-03-24,1,0.0
2027-03-24,2,0.0
2027-03-24,3,0.0
2027-03-24,4,0.0
2027-03-24,5,0.0
2027-03-24,6,0.01
2027-03-24,7,0.06
2027-03-24,8,0.37
2027-03-24,9,1.76
2027-03-24,10,6.5
2027-03-24,11,18.4
2027-03-24,12,39.87
2027-03-24,13,66.18
2027-03-24,14,84.13
2027-03-24,15,81.91
2027-03-24,16,61.09
2027-03-24,17,34.89
2027-03-24,18,15.27
2027-03-24,19,5.12
2027-03-24,20,1.31
2027-03-24,21,0.26
2027-03-24,22,0.04
2027-03-24,23,0.0
2027-03-24,24,0.0
2027-03-25,1,0.0
2027-03-25,2,0.0
2027-03-25,3,0.0
2027-03-25,4,0.0
2027-03-25,5,0.0
2027-03-25,6,0.01
2027-03-25,7,0.09
2027-03-25,8,0.56
2027-03-25,9,2.72
2027-03-25,10,10.05
2027-03-25,11,28.42
2027-03-25,12,61.59
2027-03-25,13,102.22
2027-03-25,14,129.95
2027-03-25,15,126.53
2027-03-25,16,94.36
2027-03-25,17,53.9
2027-03-25,18,23.58
2027-03-25,19,7.9
2027-03-25,20,2.03
2027-03-25,21,0.4
2027-03-25,22,0.06
2027-03-25,23,0.01
2027-03-25,24,0.0
2027-03-26,1,0.0
2027-03-26,2,0.0
2027-03-26,3,0.0
2027-03-26,4,0.0
2027-03-26,5,0.0
2027-03-26,6,0.01
2027-03-26,7,0.05
2027-03-26,8,0.3
2027-03-26,9,1.45
2027-03-26,10,5.34
2027-03-26,11,15.12
2027-03-26,12,32.77
2027-03-26,13,54.39
2027-03-26,14,69.14
2027-03-26,15,67.32
2027-03-26,16,50.21
2027-03-26,17,28.68
2027-03-26,18,12.55
2027-03-26,19,4.2
2027-03-26,20,1.08
2027-03-26,21,0.21
2027-03-26,22,0.03
2027-03-26,23,0.0
2027-03-26,24,0.0
2027-03-27,1,0.0
2027-03-27,2,0.0
2027-03-27,3,0.0
2027-03-27,4,0.0
2027-03-27,5,0.0
2027-03-27,6,0.01
2027-03-27,7,0.09
2027-03-27,8,0.6
2027-03-27,9,2.88
2027-03-27,10,10.62
2027-03-27,11,30.05
2027-03-27,12,65.12
2027-03-27,13,108.08
2027-03-27,14,137.4
2027-03-27,15,133.79
2027-03-27,16,99.77
2027-03-27,17,56.99
2027-03-27,18,24.93
2027-03-27,19,8.36
2027-03-27,20,2.14
2027-03-27,21,0.42
2027-03-27,22,0.06
2027-03-27,23,0.01
2027-03-27,24,0.0
2027-03-28,1,0.0
2027-03-28,2,0.0
2027-03-28,3,0.0
2027-03-28,4,0.0
2027-03-28,5,0.01
2027-03-28,6,0.05
2027-03-28,7,0.34
2027-03-28,8,1.65
2027-03-28,9,6.09
2027-03-28,10,17.22
2027-03-28,11,37.31
2027-03-28,12,61.93
2027-03-28,13,78.73
2027-03-28,14,76.66
2027-03-28,15,57.17
2027-03-28,16,32.66
2027-03-28,17,14.29
2027-03-28,18,4.79
2027-03-28,19,1.23
2027-03-28,20,0.24
2027-03-28,21,0.04
2027-03-28,22,0.0
2027-03-28,23,0.0
2027-03-29,1,0.0
2027-03-29,2,0.0
2027-03-29,3,0.0
2027-03-29,4,0.0
2027-03-29,5,0.0
2027-03-29,6,0.01
2027-03-29,7,0.08
2027-03-29,8,0.52
2027-03-29,9,2.52
2027-03-29,10,9.29
2027-03-29,11,26.29
2027-03-29,12,56.96
2027-03-29,13,94.54
2027-03-29,14,120.19
2027-03-29,15,117.03
2027-03-29,16,87.27
2027-03-29,17,49.85
2027-03-29,18,21.81
2027-03-29,19,7.31
2027-03-29,20,1.88
2027-03-29,21,0.37
2027-03-29,22,0.06
2027-03-29,23,0.01
2027-03-29,24,0.0
2027-03-30,1,0.0
2027-03-30,2,0.0
2027-03-30,3,0.0
2027-03-30,4,0.0
2027-03-30,5,0.0
2027-03-30,6,0.01
2027-03-30,7,0.07
2027-03-30,8,0.47
2027-03-30,9,2.27
2027-03-30,10,8.37
2027-03-30,11,23.68
2027-03-30,12,51.31
2027-03-30,13,85.16
2027-03-30,14,108.26
2027-03-30,15,105.41
2027-03-30,16,78.61
2027-03-30,17,44.9
2027-03-30,18,19.65
2027-03-30,19,6.58
2027-03-30,20,1.69
2027-03-30,21,0.33
2027-03-30,22,0.05
2027-03-30,23,0.01
2027-03-30,24,0.0
2027-03-31,1,0.0
2027-03-31,2,0.0
2027-03-31,3,0.0
2027-03-31,4,0.0
2027-03-31,5,0.0
2027-03-31,6,0.01
2027-03-31,7,0.06
2027-03-31,8,0.4
2027-03-31,9,1.92
2027-03-31,10,7.09
2027-03-31,11,20.06
2027-03-31,12,43.46
2027-03-31,13,72.14
2027-03-31,14,91.7
2027-03-31,15,89.29
2027-03-31,16,66.59
2027-03-31,17,38.04
2027-03-31,18,16.64
2027-03-31,19,5.58
2027-03-31,20,1.43
2027-03-31,21,0.28
2027-03-31,22,0.04
2027-03-31,23,0.0
2027-03-31,24,0.0
2027-04-01,1,0.0
2027-04-01,2,0.0
2027-04-01,3,0.0
2027-04-01,4,0.0
2027-04-01,5,0.0
2027-04-01,6,0.01
2027-04-01,7,0.1
2027-04-01,8,0.6
2027-04-01,9,2.89
2027-04-01,10,10.67
2027-04-01,11,30.18
2027-04-01,12,65.4
2027-04-01,13,108.55
2027-04-01,14,137.99
2027-04-01,15,134.36
2027-04-01,16,100.2
2027-04-01,17,57.24
2027-04-01,18,25.04
2027-04-01,19,8.39
2027-04-01,20,2.15
2027-04-01,21,0.42
2027-04-01,22,0.06
2027-04-01,23,0.01
2027-04-01,24,0.0
2027-04-02,1,0.0
2027-04-02,2,0.0
2027-04-02,3,0.0
2027-04-02,4,0.0
2027-04-02,5,0.0
2027-04-02,6,0.01
2027-04-02,7,0.05
2027-04-02,8,0.32
2027-04-02,9,1.55
2027-04-02,10,5.74
2027-04-02,11,16.25
2027-04-02,12,35.21
2027-04-02,13,58.43
2027-04-02,14,74.28
2027-04-02,15,72.33
2027-04-02,16,53.94
2027-04-02,17,30.81
2027-04-02,18,13.48
2027-04-02,19,4.52
2027-04-02,20,1.16
2027-04-02,21,0.23
2027-04-02,22,0.03
2027-04-02,23,0.0
2027-04-02,24,0.0
2027-04-03,1,0.0
2027-04-03,2,0.0
2027-04-03,3,0.0
2027-04-03,4,0.0
2027-04-03,5,0.0
2027-04-03,6,0.01
2027-04-03,7,0.1
2027-04-03,8,0.64
2027-04-03,9,3.08
2027-04-03,10,11.39
2027-04-03,11,32.21
2027-04-03,12,69.8
2027-04-03,13,115.85
2027-04-03,14,147.28
2027-04-03,15,143.4
2027-04-03,16,106.95
2027-04-03,17,61.09
2027-04-03,18,26.73
2027-04-03,19,8.96
2027-04-03,20,2.3
2027-04-03,21,0.45
2027-04-03,22,0.07
2027-04-03,23,0.01
2027-04-03,24,0.0
2027-04-04,1,0.0
2027-04-04,2,0.0
2027-04-04,3,0.0
2027-04-04,4,0.0
2027-04-04,5,0.0
2027-04-04,6,0.01
2027-04-04,7,0.06
2027-04-04,8,0.36
2027-04-04,9,1.73
2027-04-04,10,6.4
2027-04-04,11,18.12
2027-04-04,12,39.27
2027-04-04,13,65.17
2027-04-04,14,82.85
2027-04-04,15,80.67
2027-04-04,16,60.16
2027-04-04,17,34.36
2027-04-04,18,15.03
2027-04-04,19,5.04
2027-04-04,20,1.29
2027-04-04,21,0.25
2027-04-04,22,0.04
2027-04-04,23,0.0
2027-04-04,24,0.0
2027-04-05,1,0.0
2027-04-05,2,0.0
2027-04-05,3,0.0
2027-04-05,4,0.0
2027-04-05,5,0.0
2027-04-05,6,0.01
2027-04-05,7,0.09
2027-04-05,8,0.56
2027-04-05,9,2.72
2027-04-05,10,10.04
2027-04-05,11,28.42
2027-04-05,12,61.58
2027-04-05,13,102.21
2027-04-05,14,129.94
2027-04-05,15,126.52
2027-04-05,16,94.35
2027-04-05,17,53.9
2027-04-05,18,23.58
2027-04-05,19,7.9
2027-04-05,20,2.03
2027-04-05,21,0.4
2027-04-05,22,0.06
2027-04-05,23,0.01
2027-04-05,24,0.0
2027-04-06,1,0.0
2027-04-06,2,0.0
2027-04-06,3,0.0
2027-04-06,4,0.0
2027-04-06,5,0.0
2027-04-06,6,0.01
2027-04-06,7,0.08
2027-04-06,8,0.49
2027-04-06,9,2.37
2027-04-06,10,8.77
2027-04-06,11,24.82
2027-04-06,12,53.78
2027-04-06,13,89.26
2027-04-06,14,113.47
2027-04-06,15,110.48
2027-04-06,16,82.4
2027-04-06,17,47.07
2027-04-06,18,20.59
2027-04-06,19,6.9
2027-04-06,20,1.77
2027-04-06,21,0.35
2027-04-06,22,0.05
2027-04-06,23,0.01
2027-04-06,24,0.0
2027-04-07,1,0.0
2027-04-07,2,0.0
2027-04-07,3,0.0
2027-04-07,4,0.0
2027-04-07,5,0.0
2027-04-07,6,0.01
2027-04-07,7,0.07
2027-04-07,8,0.43
2027-04-07,9,2.08
2027-04-07,10,7.68
2027-04-07,11,21.74
2027-04-07,12,47.11
2027-04-07,13,78.2
2027-04-07,14,99.41
2027-04-07,15,96.79
2027-04-07,16,72.19
2027-04-07,17,41.23
2027-04-07,18,18.04
2027-04-07,19,6.05
2027-04-07,20,1.55
2027-04-07,21,0.31
2027-04-07,22,0.05
2027-04-07,23,0.01
2027-04-07,24,0.0
2027-04-08,1,0.0
2027-04-08,2,0.0
2027-04-08,3,0.0
2027-04-08,4,0.0
2027-04-08,5,0.0
2027-04-08,6,0.01
2027-04-08,7,0.1
2027-04-08,8,0.63
2027-04-08,9,3.05
2027-04-08,10,11.26
2027-04-08,11,31.85
2027-04-08,12,69.01
2027-04-08,13,114.54
2027-04-08,14,145.61
2027-04-08,15,141.78
2027-04-08,16,105.74
2027-04-08,17,60.4
2027-04-08,18,26.42
2027-04-08,19,8.85
2027-04-08,20,2.27
2027-04-08,21,0.45
2027-04-08,22,0.07
2027-04-08,23,0.01
2027-04-08,24,0.0
2027-04-09,1,0.0
2027-04-09,2,0.0
2027-04-09,3,0.0
2027-04-09,4,0.0
2027-04-09,5,0.0
2027-04-09,6,0.01
2027-04-09,7,0.05
2027-04-09,8,0.34
2027-04-09,9,1.66
2027-04-09,10,6.14
2027-04-09,11,17.38
2027-04-09,12,37.65
2027-04-09,13,62.5
2027-04-09,14,79.45
2027-04-09,15,77.36
2027-04-09,16,57.69
2027-04-09,17,32.95
2027-04-09,18,14.42
2027-04-09,19,4.83
2027-04-09,20,1.24
2027-04-09,21,0.24
2027-04-09,22,0.04
2027-04-09,23,0.0
2027-04-09,24,0.0
2027-04-10,1,0.0
2027-04-10,2,0.0
2027-04-10,3,0.0
2027-04-10,4,0.0
2027-04-10,5,0.0
2027-04-10,6,0.01
2027-04-10,7,0.11
2027-04-10,8,0.68
2027-04-10,9,3.28
2027-04-10,10,12.13
2027-04-10,11,34.31
2027-04-10,12,74.35
2027-04-10,13,123.39
2027-04-10,14,156.87
2027-04-10,15,152.74
2027-04-10,16,113.91
2027-04-10,17,65.06
2027-04-10,18,28.47
2027-04-10,19,9.54
2027-04-10,20,2.45
2027-04-10,21,0.48
2027-04-10,22,0.07
2027-04-10,23,0.01
2027-04-10,24,0.0
2027-04-11,1,0.0
2027-04-11,2,0.0
2027-04-11,3,0.0
2027-04-11,4,0.0
2027-04-11,5,0.0
2027-04-11,6,0.01
2027-04-11,7,0.06
2027-04-11,8,0.38
2027-04-11,9,1.82
2027-04-11,10,6.71
2027-04-11,11,18.97
2027-04-11,12,41.11
2027-04-11,13,68.23
2027-04-11,14,86.74
2027-04-11,15,84.46
2027-04-11,16,62.99
2027-04-11,17,35.98
2027-04-11,18,15.74
2027-04-11,19,5.27
2027-04-11,20,1.35
2027-04-11,21,0.27
2027-04-11,22,0.04
2027-04-11,23,0.0
2027-04-11,24,0.0
2027-04-12,1,0.0
2027-04-12,2,0.0
2027-04-12,3,0.0
2027-04-12,4,0.0
2027-04-12,5,0.0
2027-04-12,6,0.01
2027-04-12,7,0.1
2027-04-12,8,0.61
2027-04-12,9,2.92
2027-04-12,10,10.79
2027-04-12,11,30.53
2027-04-12,12,66.16
2027-04-12,13,109.81
2027-04-12,14,139.6
2027-04-12,15,135.92
2027-04-12,16,101.37
2027-04-12,17,57.9
2027-04-12,18,25.33
2027-04-12,19,8.49
2027-04-12,20,2.18
2027-04-12,21,0.43
2027-04-12,22,0.06
2027-04-12,23,0.01
2027-04-12,24,0.0
2027-04-13,1,0.0
2027-04-13,2,0.0
2027-04-13,3,0.0
2027-04-13,4,0.0
2027-04-13,5,0.0
2027-04-13,6,0.01
2027-04-13,7,0.08
2027-04-13,8,0.51
2027-04-13,9,2.47
2027-04-13,10,9.14
2027-04-13,11,25.85
2027-04-13,12,56.03
2027-04-13,13,92.99
2027-04-13,14,118.21
2027-04-13,15,115.1
2027-04-13,16,85.84
2027-04-13,17,49.03
2027-04-13,18,21.45
2027-04-13,19,7.19
2027-04-13,20,1.85
2027-04-13,21,0.36
2027-04-13,22,0.05
2027-04-13,23,0.01
2027-04-13,24,0.0
2027-04-14,1,0.0
2027-04-14,2,0.0
2027-04-14,3,0.0
2027-04-14,4,0.0
2027-04-14,5,0.0
2027-04-14,6,0.01
2027-04-14,7,0.07
2027-04-14,8,0.46
2027-04-14,9,2.24
2027-04-14,10,8.28
2027-04-14,11,23.44
2027-04-14,12,50.78
2027-04-14,13,84.29
2027-04-14,14,107.15
2027-04-14,15,104.33
2027-04-14,16,77.81
2027-04-14,17,44.44
2027-04-14,18,19.44
2027-04-14,19,6.52
2027-04-14,20,1.67
2027-04-14,21,0.33
2027-04-14,22,0.05
2027-04-14,23,0.01
2027-04-14,24,0.0
2027-04-15,1,0.0
2027-04-15,2,0.0
2027-04-15,3,0.0
2027-04-15,4,0.0
2027-04-15,5,0.0
2027-04-15,6,0.01
2027-04-15,7,0.11
2027-04-15,8,0.66
2027-04-15,9,3.2
2027-04-15,10,11.8
2027-04-15,11,33.39
2027-04-15,12,72.36
2027-04-15,13,120.1
2027-04-15,14,152.67
2027-04-15,15,148.66
2027-04-15,16,110.86
2027-04-15,17,63.33
2027-04-15,18,27.71
2027-04-15,19,9.28
2027-04-15,20,2.38
2027-04-15,21,0.47
2027-04-15,22,0.07
2027-04-15,23,0.01
2027-04-15,24,0.0
2027-04-16,1,0.0
2027-04-16,2,0.0
2027-04-16,3,0.0
2027-04-16,4,0.0
2027-04-16,5,0.0
2027-04-16,6,0.01
2027-04-16,7,0.06
2027-04-16,8,0.37
2027-04-16,9,1.77
2027-04-16,10,6.54
2027-04-16,11,18.5
2027-04-16,12,40.09
2027-04-16,13,66.53
2027-04-16,14,84.58
2027-04-16,15,82.35
2027-04-16,16,61.42
2027-04-16,17,35.08
2027-04-16,18,15.35
2027-04-16,19,5.14
2027-04-16,20,1.32
2027-04-16,21,0.26
2027-04-16,22,0.04
2027-04-16,23,0.0
2027-04-16,24,0.0
2027-04-17,1,0.0
2027-04-17,2,0.0
2027-04-17,3,0.0
2027-04-17,4,0.0
2027-04-17,5,0.0
2027-04-17,6,0.01
2027-04-17,7,0.11
2027-04-17,8,0.72
2027-04-17,9,3.47
2027-04-17,10,12.83
2027-04-17,11,36.31
2027-04-17,12,78.68
2027-04-17,13,130.58
2027-04-17,14,166.0
2027-04-17,15,161.63
2027-04-17,16,120.54
2027-04-17,17,68.85
2027-04-17,18,30.12
2027-04-17,19,10.09
2027-04-17,20,2.59
2027-04-17,21,0.51
2027-04-17,22,0.08
2027-04-17,23,0.01
2027-04-17,24,0.0
2027-04-18,1,0.0
2027-04-18,2,0.0
2027-04-18,3,0.0
2027-04-18,4,0.0
2027-04-18,5,0.0
2027-04-18,6,0.01
2027-04-18,7,0.06
2027-04-18,8,0.39
2027-04-18,9,1.89
2027-04-18,10,6.99
2027-04-18,11,19.76
2027-04-18,12,42.83
2027-04-18,13,71.08
2027-04-18,14,90.36
2027-04-18,15,87.98
2027-04-18,16,65.61
2027-04-18,17,37.48
2027-04-18,18,16.4
2027-04-18,19,5.49
2027-04-18,20,1.41
2027-04-18,21,0.28
2027-04-18,22,0.04
2027-04-18,23,0.0
2027-04-18,24,0.0
2027-04-19,1,0.0
2027-04-19,2,0.0
2027-04-19,3,0.0
2027-04-19,4,0.0
2027-04-19,5,0.0
2027-04-19,6,0.01
2027-04-19,7,0.1
2027-04-19,8,0.65
2027-04-19,9,3.12
2027-04-19,10,11.52
2027-04-19,11,32.59
2027-04-19,12,70.63
2027-04-19,13,117.23
2027-04-19,14,149.03
2027-04-19,15,145.11
2027-04-19,16,108.22
2027-04-19,17,61.82
2027-04-19,18,27.04
2027-04-19,19,9.06
2027-04-19,20,2.33
2027-04-19,21,0.46
2027-04-19,22,0.07
2027-04-19,23,0.01
2027-04-19,24,0.0
2027-04-20,1,0.0
2027-04-20,2,0.0
2027-04-20,3,0.0
2027-04-20,4,0.0
2027-04-20,5,0.0
2027-04-20,6,0.01
2027-04-20,7,0.08
2027-04-20,8,0.53
2027-04-20,9,2.56
2027-04-20,10,9.46
2027-04-20,11,26.77
2027-04-20,12,58.02
2027-04-20,13,96.3
2027-04-20,14,122.42
2027-04-20,15,119.2
2027-04-20,16,88.89
2027-04-20,17,50.78
2027-04-20,18,22.21
2027-04-20,19,7.44
2027-04-20,20,1.91
2027-04-20,21,0.38
2027-04-20,22,0.06
2027-04-20,23,0.01
2027-04-20,24,0.0
2027-04-21,1,0.0
2027-04-21,2,0.0
2027-04-21,3,0.0
2027-04-21,4,0.0
2027-04-21,5,0.0
2027-04-21,6,0.01
2027-04-21,7,0.08
2027-04-21,8,0.5
2027-04-21,9,2.4
2027-04-21,10,8.88
2027-04-21,11,25.11
2027-04-21,12,54.42
2027-04-21,13,90.33
2027-04-21,14,114.83
2027-04-21,15,111.81
2027-04-21,16,83.38
2027-04-21,17,47.63
2027-04-21,18,20.84
2027-04-21,19,6.98
2027-04-21,20,1.79
2027-04-21,21,0.35
2027-04-21,22,0.05
2027-04-21,23,0.01
2027-04-21,24,0.0
2027-04-22,1,0.0
2027-04-22,2,0.0
2027-04-22,3,0.0
2027-04-22,4,0.0
2027-04-22,5,0.0
2027-04-22,6,0.01
2027-04-22,7,0.11
2027-04-22,8,0.69
2027-04-22,9,3.33
2027-04-22,10,12.3
2027-04-22,11,34.79
2027-04-22,12,75.38
2027-04-22,13,125.12
2027-04-22,14,159.06
2027-04-22,15,154.87
2027-04-22,16,115.5
2027-04-22,17,65.97
2027-04-22,18,28.86
2027-04-22,19,9.67
2027-04-22,20,2.48
2027-04-22,21,0.49
2027-04-22,22,0.07
2027-04-22,23,0.01
2027-04-22,24,0.0
2027-04-23,1,0.0
2027-04-23,2,0.0
2027-04-23,3,0.0
2027-04-23,4,0.0
2027-04-23,5,0.0
2027-04-23,6,0.01
2027-04-23,7,0.06
2027-04-23,8,0.39
2027-04-23,9,1.88
2027-04-23,10,6.93
2027-04-23,11,19.6
2027-04-23,12,42.48
2027-04-23,13,70.5
2027-04-23,14,89.62
2027-04-23,15,87.26
2027-04-23,16,65.08
2027-04-23,17,37.17
2027-04-23,18,16.26
2027-04-23,19,5.45
2027-04-23,20,1.4
2027-04-23,21,0.27
2027-04-23,22,0.04
2027-04-23,23,0.0
2027-04-23,24,0.0
2027-04-24,1,0.0
2027-04-24,2,0.0
2027-04-24,3,0.0
2027-04-24,4,0.0
2027-04-24,5,0.0
2027-04-24,6,0.01
2027-04-24,7,0.12
2027-04-24,8,0.76
2027-04-24,9,3.65
2027-04-24,10,13.49
2027-04-24,11,38.17
2027-04-24,12,82.72
2027-04-24,13,137.3
2027-04-24,14,174.54
2027-04-24,15,169.95
2027-04-24,16,126.74
2027-04-24,17,72.4
2027-04-24,18,31.67
2027-04-24,19,10.61
2027-04-24,20,2.72
2027-04-24,21,0.54
2027-04-24,22,0.08
2027-04-24,23,0.01
2027-04-24,24,0.0
2027-04-25,1,0.0
2027-04-25,2,0.0
2027-04-25,3,0.0
2027-04-25,4,0.0
2027-04-25,5,0.0
2027-04-25,6,0.01
2027-04-25,7,0.06
2027-04-25,8,0.41
2027-04-25,9,1.96
2027-04-25,10,7.24
2027-04-25,11,20.49
2027-04-25,12,44.39
2027-04-25,13,73.68
2027-04-25,14,93.66
2027-04-25,15,91.2
2027-04-25,16,68.01
2027-04-25,17,38.85
2027-04-25,18,17.0
2027-04-25,19,5.7
2027-04-25,20,1.46
2027-04-25,21,0.29
2027-04-25,22,0.04
2027-04-25,23,0.0
2027-04-25,24,0.0
2027-04-26,1,0.0
2027-04-26,2,0.0
2027-04-26,3,0.0
2027-04-26,4,0.0
2027-04-26,5,0.0
2027-04-26,6,0.01
2027-04-26,7,0.11
2027-04-26,8,0.69
2027-04-26,9,3.31
2027-04-26,10,12.22
2027-04-26,11,34.58
2027-04-26,12,74.93
2027-04-26,13,124.36
2027-04-26,14,158.1
2027-04-26,15,153.94
2027-04-26,16,114.8
2027-04-26,17,65.58
2027-04-26,18,28.69
2027-04-26,19,9.61
2027-04-26,20,2.47
2027-04-26,21,0.49
2027-04-26,22,0.07
2027-04-26,23,0.01
2027-04-26,24,0.0
2027-04-27,1,0.0
2027-04-27,2,0.0
2027-04-27,3,0.0
2027-04-27,4,0.0
2027-04-27,5,0.0
2027-04-27,6,0.01
2027-04-27,7,0.09
2027-04-27,8,0.55
2027-04-27,9,2.64
2027-04-27,10,9.74
2027-04-27,11,27.56
2027-04-27,12,59.72
2027-04-27,13,99.12
2027-04-27,14,126.01
2027-04-27,15,122.69
2027-04-27,16,91.5
2027-04-27,17,52.27
2027-04-27,18,22.87
2027-04-27,19,7.66
2027-04-27,20,1.97
2027-04-27,21,0.39
2027-04-27,22,0.06
2027-04-27,23,0.01
2027-04-27,24,0.0
2027-04-28,1,0.0
2027-04-28,2,0.0
2027-04-28,3,0.0
2027-04-28,4,0.0
2027-04-28,5,0.0
2027-04-28,6,0.01
2027-04-28,7,0.08
2027-04-28,8,0.53
2027-04-28,9,2.56
2027-04-28,10,9.46
2027-04-28,11,26.76
2027-04-28,12,57.98
2027-04-28,13,96.24
2027-04-28,14,122.34
2027-04-28,15,119.13
2027-04-28,16,88.84
2027-04-28,17,50.75
2027-04-28,18,22.2
2027-04-28,19,7.44
2027-04-28,20,1.91
2027-04-28,21,0.38
2027-04-28,22,0.06
2027-04-28,23,0.01
2027-04-28,24,0.0
2027-04-29,1,0.0
2027-04-29,2,0.0
2027-04-29,3,0.0
2027-04-29,4,0.0
2027-04-29,5,0.0
2027-04-29,6,0.01
2027-04-29,7,0.11
2027-04-29,8,0.71
2027-04-29,9,3.45
2027-04-29,10,12.73
2027-04-29,11,36.01
2027-04-29,12,78.04
2027-04-29,13,129.52
2027-04-29,14,164.66
2027-04-29,15,160.32
2027-04-29,16,119.57
2027-04-29,17,68.3
2027-04-29,18,29.88
2027-04-29,19,10.01
2027-04-29,20,2.57
2027-04-29,21,0.51
2027-04-29,22,0.08
2027-04-29,23,0.01
2027-04-29,24,0.0
2027-04-30,1,0.0
2027-04-30,2,0.0
2027-04-30,3,0.0
2027-04-30,4,0.0
2027-04-30,5,0.0
2027-04-30,6,0.01
2027-04-30,7,0.07
2027-04-30,8,0.41
2027-04-30,9,1.98
2027-04-30,10,7.31
2027-04-30,11,20.67
2027-04-30,12,44.8
2027-04-30,13,74.35
2027-04-30,14,94.52
2027-04-30,15,92.03
2027-04-30,16,68.63
2027-04-30,17,39.2
2027-04-30,18,17.15
2027-04-30,19,5.75
2027-04-30,20,1.48
2027-04-30,21,0.29
2027-04-30,22,0.04
2027-04-30,23,0.01
2027-04-30,24,0.0
2027-05-01,1,0.0
2027-05-01,2,0.0
2027-05-01,3,0.0
2027-05-01,4,0.0
2027-05-01,5,0.0
2027-05-01,6,0.02
2027-05-01,7,0.13
2027-05-01,8,0.79
2027-05-01,9,3.82
2027-05-01,10,14.1
2027-05-01,11,39.88
2027-05-01,12,86.42
2027-05-01,13,143.44
2027-05-01,14,182.35
2027-05-01,15,177.55
2027-05-01,16,132.41
2027-05-01,17,75.63
2027-05-01,18,33.09
2027-05-01,19,11.09
2027-05-01,20,2.85
2027-05-01,21,0.56
2027-05-01,22,0.08
2027-05-01,23,0.01
2027-05-01,24,0.0
2027-05-02,1,0.0
2027-05-02,2,0.0
2027-05-02,3,0.0
2027-05-02,4,0.0
2027-05-02,5,0.0
2027-05-02,6,0.01
2027-05-02,7,0.07
2027-05-02,8,0.42
2027-05-02,9,2.02
2027-05-02,10,7.47
2027-05-02,11,21.13
2027-05-02,12,45.79
2027-05-02,13,76.0
2027-05-02,14,96.61
2027-05-02,15,94.07
2027-05-02,16,70.16
2027-05-02,17,40.07
2027-05-02,18,17.53
2027-05-02,19,5.88
2027-05-02,20,1.51
2027-05-02,21,0.3
2027-05-02,22,0.04
2027-05-02,23,0.01
2027-05-02,24,0.0
2027-05-03,1,0.0
2027-05-03,2,0.0
2027-05-03,3,0.0
2027-05-03,4,0.0
2027-05-03,5,0.0
2027-05-03,6,0.01
2027-05-03,7,0.11
2027-05-03,8,0.72
2027-05-03,9,3.49
2027-05-03,10,12.88
2027-05-03,11,36.45
2027-05-03,12,78.99
2027-05-03,13,131.1
2027-05-03,14,166.66
2027-05-03,15,162.27
2027-05-03,16,121.02
2027-05-03,17,69.13
2027-05-03,18,30.24
2027-05-03,19,10.13
2027-05-03,20,2.6
2027-05-03,21,0.51
2027-05-03,22,0.08
2027-05-03,23,0.01
2027-05-03,24,0.0
2027-05-04,1,0.0
2027-05-04,2,0.0
2027-05-04,3,0.0
2027-05-04,4,0.0
2027-05-04,5,0.0
2027-05-04,6,0.01
2027-05-04,7,0.09
2027-05-04,8,0.56
2027-05-04,9,2.7
2027-05-04,10,9.97
2027-05-04,11,28.2
2027-05-04,12,61.11
2027-05-04,13,101.43
2027-05-04,14,128.94
2027-05-04,15,125.55
2027-05-04,16,93.63
2027-05-04,17,53.48
2027-05-04,18,23.4
2027-05-04,19,7.84
2027-05-04,20,2.01
2027-05-04,21,0.4
2027-05-04,22,0.06
2027-05-04,23,0.01
2027-05-04,24,0.0
2027-05-05,1,0.0
2027-05-05,2,0.0
2027-05-05,3,0.0
2027-05-05,4,0.0
2027-05-05,5,0.0
2027-05-05,6,0.01
2027-05-05,7,0.09
2027-05-05,8,0.56
2027-05-05,9,2.71
2027-05-05,10,10.02
2027-05-05,11,28.34
2027-05-05,12,61.42
2027-05-05,13,101.94
2027-05-05,14,129.59
2027-05-05,15,126.18
2027-05-05,16,94.1
2027-05-05,17,53.75
2027-05-05,18,23.52
2027-05-05,19,7.88
2027-05-05,20,2.02
2027-05-05,21,0.4
2027-05-05,22,0.06
2027-05-05,23,0.01
2027-05-05,24,0.0
2027-05-06,1,0.0
2027-05-06,2,0.0
2027-05-06,3,0.0
2027-05-06,4,0.0
2027-05-06,5,0.0
2027-05-06,6,0.01
2027-05-06,7,0.12
2027-05-06,8,0.74
2027-05-06,9,3.54
2027-05-06,10,13.09
2027-05-06,11,37.05
2027-05-06,12,80.28
2027-05-06,13,133.24
2027-05-06,14,169.38
2027-05-06,15,164.92
2027-05-06,16,122.99
2027-05-06,17,70.26
2027-05-06,18,30.74
2027-05-06,19,10.3
2027-05-06,20,2.64
2027-05-06,21,0.52
2027-05-06,22,0.08
2027-05-06,23,0.01
2027-05-06,24,0.0
2027-05-07,1,0.0
2027-05-07,2,0.0
2027-05-07,3,0.0
2027-05-07,4,0.0
2027-05-07,5,0.0
2027-05-07,6,0.01
2027-05-07,7,0.07
2027-05-07,8,0.43
2027-05-07,9,2.08
2027-05-07,10,7.67
2027-05-07,11,21.7
2027-05-07,12,47.02
2027-05-07,13,78.04
2027-05-07,14,99.21
2027-05-07,15,96.6
2027-05-07,16,72.04
2027-05-07,17,41.15
2027-05-07,18,18.0
2027-05-07,19,6.03
2027-05-07,20,1.55
2027-05-07,21,0.3
2027-05-07,22,0.05
2027-05-07,23,0.01
2027-05-07,24,0.0
2027-05-08,1,0.0
2027-05-08,2,0.0
2027-05-08,3,0.0
2027-05-08,4,0.0
2027-05-08,5,0.0
2027-05-08,6,0.02
2027-05-08,7,0.13
2027-05-08,8,0.82
2027-05-08,9,3.96
2027-05-08,10,14.63
2027-05-08,11,41.4
2027-05-08,12,89.71
2027-05-08,13,148.9
2027-05-08,14,189.29
2027-05-08,15,184.31
2027-05-08,16,137.45
2027-05-08,17,78.51
2027-05-08,18,34.35
2027-05-08,19,11.51
2027-05-08,20,2.95
2027-05-08,21,0.58
2027-05-08,22,0.09
2027-05-08,23,0.01
2027-05-08,24,0.0
2027-05-09,1,0.0
2027-05-09,2,0.0
2027-05-09,3,0.0
2027-05-09,4,0.0
2027-05-09,5,0.0
2027-05-09,6,0.01
2027-05-09,7,0.07
2027-05-09,8,0.43
2027-05-09,9,2.08
2027-05-09,10,7.67
2027-05-09,11,21.69
2027-05-09,12,47.01
2027-05-09,13,78.02
2027-05-09,14,99.18
2027-05-09,15,96.57
2027-05-09,16,72.02
2027-05-09,17,41.14
2027-05-09,18,18.0
2027-05-09,19,6.03
2027-05-09,20,1.55
2027-05-09,21,0.3
2027-05-09,22,0.05
2027-05-09,23,0.01
2027-05-09,24,0.0
2027-05-10,1,0.0
2027-05-10,2,0.0
2027-05-10,3,0.0
2027-05-10,4,0.0
2027-05-10,5,0.0
2027-05-10,6,0.01
2027-05-10,7,0.12
2027-05-10,8,0.76
2027-05-10,9,3.65
2027-05-10,10,13.5
2027-05-10,11,38.18
2027-05-10,12,82.74
2027-05-10,13,137.33
2027-05-10,14,174.58
2027-05-10,15,169.99
2027-05-10,16,126.77
2027-05-10,17,72.41
2027-05-10,18,31.68
2027-05-10,19,10.62
2027-05-10,20,2.72
2027-05-10,21,0.54
2027-05-10,22,0.08
2027-05-10,23,0.01
2027-05-10,24,0.0
2027-05-11,1,0.0
2027-05-11,2,0.0
2027-05-11,3,0.0
2027-05-11,4,0.0
2027-05-11,5,0.0
2027-05-11,6,0.01
2027-05-11,7,0.09
2027-05-11,8,0.57
2027-05-11,9,2.75
2027-05-11,10,10.14
2027-05-11,11,28.69
2027-05-11,12,62.17
2027-05-11,13,103.18
2027-05-11,14,131.17
2027-05-11,15,127.72
2027-05-11,16,95.25
2027-05-11,17,54.41
2027-05-11,18,23.8
2027-05-11,19,7.98
2027-05-11,20,2.05
2027-05-11,21,0.4
2027-05-11,22,0.06
2027-05-11,23,0.01
2027-05-11,24,0.0
2027-05-12,1,0.0
2027-05-12,2,0.0
2027-05-12,3,0.0
2027-05-12,4,0.0
2027-05-12,5,0.0
2027-05-12,6,0.01
2027-05-12,7,0.09
2027-05-12,8,0.59
2027-05-12,9,2.86
2027-05-12,10,10.55
2027-05-12,11,29.85
2027-05-12,12,64.68
2027-05-12,13,107.35
2027-05-12,14,136.47
2027-05-12,15,132.88
2027-05-12,16,99.1
2027-05-12,17,56.61
2027-05-12,18,24.77
2027-05-12,19,8.3
2027-05-12,20,2.13
2027-05-12,21,0.42
2027-05-12,22,0.06
2027-05-12,23,0.01
2027-05-12,24,0.0
2027-05-13,1,0.0
2027-05-13,2,0.0
2027-05-13,3,0.0
2027-05-13,4,0.0
2027-05-13,5,0.0
2027-05-13,6,0.01
2027-05-13,7,0.12
2027-05-13,8,0.75
2027-05-13,9,3.62
2027-05-13,10,13.39
2027-05-13,11,37.87
2027-05-13,12,82.06
2027-05-13,13,136.2
2027-05-13,14,173.15
2027-05-13,15,168.59
2027-05-13,16,125.73
2027-05-13,17,71.82
2027-05-13,18,31.42
2027-05-13,19,10.53
2027-05-13,20,2.7
2027-05-13,21,0.53
2027-05-13,22,0.08
2027-05-13,23,0.01
2027-05-13,24,0.0
2027-05-14,1,0.0
2027-05-14,2,0.0
2027-05-14,3,0.0
2027-05-14,4,0.0
2027-05-14,5,0.0
2027-05-14,6,0.01
2027-05-14,7,0.07
2027-05-14,8,0.45
2027-05-14,9,2.17
2027-05-14,10,8.01
2027-05-14,11,22.67
2027-05-14,12,49.12
2027-05-14,13,81.53
2027-05-14,14,103.64
2027-05-14,15,100.91
2027-05-14,16,75.26
2027-05-14,17,42.99
2027-05-14,18,18.81
2027-05-14,19,6.3
2027-05-14,20,1.62
2027-05-14,21,0.32
2027-05-14,22,0.05
2027-05-14,23,0.01
2027-05-14,24,0.0
2027-05-15,1,0.0
2027-05-15,2,0.0
2027-05-15,3,0.0
2027-05-15,4,0.0
2027-05-15,5,0.0
2027-05-15,6,0.02
2027-05-15,7,0.13
2027-05-15,8,0.85
2027-05-15,9,4.09
2027-05-15,10,15.09
2027-05-15,11,42.7
2027-05-15,12,92.54
2027-05-15,13,153.59
2027-05-15,14,195.25
2027-05-15,15,190.11
2027-05-15,16,141.78
2027-05-15,17,80.99
2027-05-15,18,35.43
2027-05-15,19,11.87
2027-05-15,20,3.05
2027-05-15,21,0.6
2027-05-15,22,0.09
2027-05-15,23,0.01
2027-05-15,24,0.0
2027-05-16,1,0.0
2027-05-16,2,0.0
2027-05-16,3,0.0
2027-05-16,4,0.0
2027-05-16,5,0.0
2027-05-16,6,0.01
2027-05-16,7,0.07
2027-05-16,8,0.44
2027-05-16,9,2.12
2027-05-16,10,7.83
2027-05-16,11,22.17
2027-05-16,12,48.03
2027-05-16,13,79.72
2027-05-16,14,101.35
2027-05-16,15,98.68
2027-05-16,16,73.59
2027-05-16,17,42.04
2027-05-16,18,18.39
2027-05-16,19,6.16
2027-05-16,20,1.58
2027-05-16,21,0.31
2027-05-16,22,0.05
2027-05-16,23,0.01
2027-05-16,24,0.0
2027-05-17,1,0.0
2027-05-17,2,0.0
2027-05-17,3,0.0
2027-05-17,4,0.0
2027-05-17,5,0.0
2027-05-17,6,0.02
2027-05-17,7,0.13
2027-05-17,8,0.79
2027-05-17,9,3.8
2027-05-17,10,14.05
2027-05-17,11,39.75
2027-05-17,12,86.14
2027-05-17,13,142.97
2027-05-17,14,181.74
2027-05-17,15,176.96
2027-05-17,16,131.97
2027-05-17,17,75.38
2027-05-17,18,32.98
2027-05-17,19,11.05
2027-05-17,20,2.84
2027-05-17,21,0.56
2027-05-17,22,0.08
2027-05-17,23,0.01
2027-05-17,24,0.0
2027-05-18,1,0.0
2027-05-18,2,0.0
2027-05-18,3,0.0
2027-05-18,4,0.0
2027-05-18,5,0.0
2027-05-18,6,0.01
2027-05-18,7,0.09
2027-05-18,8,0.58
2027-05-18,9,2.78
2027-05-18,10,10.26
2027-05-18,11,29.02
2027-05-18,12,62.88
2027-05-18,13,104.37
2027-05-18,14,132.68
2027-05-18,15,129.19
2027-05-18,16,96.34
2027-05-18,17,55.03
2027-05-18,18,24.08
2027-05-18,19,8.07
2027-05-18,20,2.07
2027-05-18,21,0.41
2027-05-18,22,0.06
2027-05-18,23,0.01
2027-05-18,24,0.0
2027-05-19,1,0.0
2027-05-19,2,0.0
2027-05-19,3,0.0
2027-05-19,4,0.0
2027-05-19,5,0.0
2027-05-19,6,0.01
2027-05-19,7,0.1
2027-05-19,8,0.62
2027-05-19,9,2.99
2027-05-19,10,11.05
2027-05-19,11,31.25
2027-05-19,12,67.72
2027-05-19,13,112.4
2027-05-19,14,142.88
2027-05-19,15,139.12
2027-05-19,16,103.75
2027-05-19,17,59.27
2027-05-19,18,25.93
2027-05-19,19,8.69
2027-05-19,20,2.23
2027-05-19,21,0.44
2027-05-19,22,0.07
2027-05-19,23,0.01
2027-05-19,24,0.0
2027-05-20,1,0.0
2027-05-20,2,0.0
2027-05-20,3,0.0
2027-05-20,4,0.0
2027-05-20,5,0.0
2027-05-20,6,0.01
2027-05-20,7,0.12
2027-05-20,8,0.76
2027-05-20,9,3.68
2027-05-20,10,13.6
2027-05-20,11,38.47
2027-05-20,12,83.37
2027-05-20,13,138.37
2027-05-20,14,175.9
2027-05-20,15,171.28
2027-05-20,16,127.73
2027-05-20,17,72.96
2027-05-20,18,31.92
2027-05-20,19,10.7
2027-05-20,20,2.75
2027-05-20,21,0.54
2027-05-20,22,0.08
2027-05-20,23,0.01
2027-05-20,24,0.0
2027-05-21,1,0.0
2027-05-21,2,0.0
2027-05-21,3,0.0
2027-05-21,4,0.0
2027-05-21,5,0.0
2027-05-21,6,0.01
2027-05-21,7,0.07
2027-05-21,8,0.47
2027-05-21,9,2.26
2027-05-21,10,8.33
2027-05-21,11,23.57
2027-05-21,12,51.07
2027-05-21,13,84.76
2027-05-21,14,107.76
2027-05-21,15,104.92
2027-05-21,16,78.25
2027-05-21,17,44.7
2027-05-21,18,19.55
2027-05-21,19,6.55
2027-05-21,20,1.68
2027-05-21,21,0.33
2027-05-21,22,0.05
2027-05-21,23,0.01
2027-05-21,24,0.0
2027-05-22,1,0.0
2027-05-22,2,0.0
2027-05-22,3,0.0
2027-05-22,4,0.0
2027-05-22,5,0.0
2027-05-22,6,0.02
2027-05-22,7,0.14
2027-05-22,8,0.87
2027-05-22,9,4.19
2027-05-22,10,15.47
2027-05-22,11,43.77
2027-05-22,12,94.86
2027-05-22,13,157.44
2027-05-22,14,200.14
2027-05-22,15,194.87
2027-05-22,16,145.33
2027-05-22,17,83.01
2027-05-22,18,36.32
2027-05-22,19,12.17
2027-05-22,20,3.12
2027-05-22,21,0.61
2027-05-22,22,0.09
2027-05-22,23,0.01
2027-05-22,24,0.0
2027-05-23,1,0.0
2027-05-23,2,0.0
2027-05-23,3,0.0
2027-05-23,4,0.0
2027-05-23,5,0.0
2027-05-23,6,0.01
2027-05-23,7,0.07
2027-05-23,8,0.45
2027-05-23,9,2.16
2027-05-23,10,7.97
2027-05-23,11,22.55
2027-05-23,12,48.86
2027-05-23,13,81.09
2027-05-23,14,103.08
2027-05-23,15,100.37
2027-05-23,16,74.85
2027-05-23,17,42.76
2027-05-23,18,18.71
2027-05-23,19,6.27
2027-05-23,20,1.61
2027-05-23,21,0.32
2027-05-23,22,0.05
2027-05-23,23,0.01
2027-05-23,24,0.0
2027-05-24,1,0.0
2027-05-24,2,0.0
2027-05-24,3,0.0
2027-05-24,4,0.0
2027-05-24,5,0.0
2027-05-24,6,0.02
2027-05-24,7,0.13
2027-05-24,8,0.82
2027-05-24,9,3.94
2027-05-24,10,14.54
2027-05-24,11,41.12
2027-05-24,12,89.11
2027-05-24,13,147.91
2027-05-24,14,188.03
2027-05-24,15,183.08
2027-05-24,16,136.54
2027-05-24,17,77.99
2027-05-24,18,34.12
2027-05-24,19,11.43
2027-05-24,20,2.93
2027-05-24,21,0.58
2027-05-24,22,0.09
2027-05-24,23,0.01
2027-05-24,24,0.0
2027-05-25,1,0.0
2027-05-25,2,0.0
2027-05-25,3,0.0
2027-05-25,4,0.0
2027-05-25,5,0.0
2027-05-25,6,0.01
2027-05-25,7,0.09
2027-05-25,8,0.58
2027-05-25,9,2.79
2027-05-25,10,10.32
2027-05-25,11,29.19
2027-05-25,12,63.25
2027-05-25,13,104.97
2027-05-25,14,133.44
2027-05-25,15,129.93
2027-05-25,16,96.9
2027-05-25,17,55.35
2027-05-25,18,24.22
2027-05-25,19,8.11
2027-05-25,20,2.08
2027-05-25,21,0.41
2027-05-25,22,0.06
2027-05-25,23,0.01
2027-05-25,24,0.0
2027-05-26,1,0.0
2027-05-26,2,0.0
2027-05-26,3,0.0
2027-05-26,4,0.0
2027-05-26,5,0.0
2027-05-26,6,0.01
2027-05-26,7,0.1
2027-05-26,8,0.65
2027-05-26,9,3.11
2027-05-26,10,11.5
2027-05-26,11,32.53
2027-05-26,12,70.49
2027-05-26,13,116.99
2027-05-26,14,148.73
2027-05-26,15,144.81
2027-05-26,16,108.0
2027-05-26,17,61.69
2027-05-26,18,26.99
2027-05-26,19,9.04
2027-05-26,20,2.32
2027-05-26,21,0.46
2027-05-26,22,0.07
2027-05-26,23,0.01
2027-05-26,24,0.0
2027-05-27,1,0.0
2027-05-27,2,0.0
2027-05-27,3,0.0
2027-05-27,4,0.0
2027-05-27,5,0.0
2027-05-27,6,0.01
2027-05-27,7,0.12
2027-05-27,8,0.77
2027-05-27,9,3.72
2027-05-27,10,13.73
2027-05-27,11,38.85
2027-05-27,12,84.18
2027-05-27,13,139.71
2027-05-27,14,177.61
2027-05-27,15,172.93
2027-05-27,16,128.97
2027-05-27,17,73.67
2027-05-27,18,32.23
2027-05-27,19,10.8
2027-05-27,20,2.77
2027-05-27,21,0.54
2027-05-27,22,0.08
2027-05-27,23,0.01
2027-05-27,24,0.0
2027-05-28,1,0.0
2027-05-28,2,0.0
2027-05-28,3,0.0
2027-05-28,4,0.0
2027-05-28,5,0.0
2027-05-28,6,0.01
2027-05-28,7,0.08
2027-05-28,8,0.48
2027-05-28,9,2.33
2027-05-28,10,8.62
2027-05-28,11,24.39
2027-05-28,12,52.85
2027-05-28,13,87.71
2027-05-28,14,111.5
2027-05-28,15,108.57
2027-05-28,16,80.97
2027-05-28,17,46.25
2027-05-28,18,20.23
2027-05-28,19,6.78
2027-05-28,20,1.74
2027-05-28,21,0.34
2027-05-28,22,0.05
2027-05-28,23,0.01
2027-05-28,24,0.0
2027-05-29,1,0.0
2027-05-29,2,0.0
2027-05-29,3,0.0
2027-05-29,4,0.0
2027-05-29,5,0.0
2027-05-29,6,0.02
2027-05-29,7,0.14
2027-05-29,8,0.88
2027-05-29,9,4.27
2027-05-29,10,15.76
2027-05-29,11,44.59
2027-05-29,12,96.63
2027-05-29,13,160.37
2027-05-29,14,203.88
2027-05-29,15,198.51
2027-05-29,16,148.04
2027-05-29,17,84.56
2027-05-29,18,37.0
2027-05-29,19,12.4
2027-05-29,20,3.18
2027-05-29,21,0.63
2027-05-29,22,0.09
2027-05-29,23,0.01
2027-05-29,24,0.0
2027-05-30,1,0.0
2027-05-30,2,0.0
2027-05-30,3,0.0
2027-05-30,4,0.0
2027-05-30,5,0.0
2027-05-30,6,0.01
2027-05-30,7,0.07
2027-05-30,8,0.45
2027-05-30,9,2.18
2027-05-30,10,8.07
2027-05-30,11,22.83
2027-05-30,12,49.47
2027-05-30,13,82.11
2027-05-30,14,104.38
2027-05-30,15,101.64
2027-05-30,16,75.8
2027-05-30,17,43.3
2027-05-30,18,18.94
2027-05-30,19,6.35
2027-05-30,20,1.63
2027-05-30,21,0.32
2027-05-30,22,0.05
2027-05-30,23,0.01
2027-05-30,24,0.0
2027-05-31,1,0.0
2027-05-31,2,0.0
2027-05-31,3,0.0
2027-05-31,4,0.0
2027-05-31,5,0.0
2027-05-31,6,0.02
2027-05-31,7,0.13
2027-05-31,8,0.84
2027-05-31,9,4.05
2027-05-31,10,14.95
2027-05-31,11,42.28
2027-05-31,12,91.63
2027-05-31,13,152.08
2027-05-31,14,193.33
2027-05-31,15,188.24
2027-05-31,16,140.38
2027-05-31,17,80.19
2027-05-31,18,35.08
2027-05-31,19,11.76
2027-05-31,20,3.02
2027-05-31,21,0.59
2027-05-31,22,0.09
2027-05-31,23,0.01
2027-05-31,24,0.0
2027-06-01,1,0.0
2027-06-01,2,0.0
2027-06-01,3,0.0
2027-06-01,4,0.0
2027-06-01,5,0.0
2027-06-01,6,0.01
2027-06-01,7,0.09
2027-06-01,8,0.58
2027-06-01,9,2.79
2027-06-01,10,10.32
2027-06-01,11,29.19
2027-06-01,12,63.26
2027-06-01,13,104.99
2027-06-01,14,133.47
2027-06-01,15,129.96
2027-06-01,16,96.92
2027-06-01,17,55.36
2027-06-01,18,24.22
2027-06-01,19,8.12
2027-06-01,20,2.08
2027-06-01,21,0.41
2027-06-01,22,0.06
2027-06-01,23,0.01
2027-06-01,24,0.0
2027-06-02,1,0.0
2027-06-02,2,0.0
2027-06-02,3,0.0
2027-06-02,4,0.0
2027-06-02,5,0.0
2027-06-02,6,0.01
2027-06-02,7,0.11
2027-06-02,8,0.67
2027-06-02,9,3.22
2027-06-02,10,11.9
2027-06-02,11,33.66
2027-06-02,12,72.94
2027-06-02,13,121.07
2027-06-02,14,153.91
2027-06-02,15,149.86
2027-06-02,16,111.76
2027-06-02,17,63.84
2027-06-02,18,27.93
2027-06-02,19,9.36
2027-06-02,20,2.4
2027-06-02,21,0.47
2027-06-02,22,0.07
2027-06-02,23,0.01
2027-06-02,24,0.0
2027-06-03,1,0.0
2027-06-03,2,0.0
2027-06-03,3,0.0
2027-06-03,4,0.0
2027-06-03,5,0.0
2027-06-03,6,0.01
2027-06-03,7,0.12
2027-06-03,8,0.77
2027-06-03,9,3.73
2027-06-03,10,13.78
2027-06-03,11,38.98
2027-06-03,12,84.48
2027-06-03,13,140.21
2027-06-03,14,178.24
2027-06-03,15,173.55
2027-06-03,16,129.43
2027-06-03,17,73.93
2027-06-03,18,32.34
2027-06-03,19,10.84
2027-06-03,20,2.78
2027-06-03,21,0.55
2027-06-03,22,0.08
2027-06-03,23,0.01
2027-06-03,24,0.0
2027-06-04,1,0.0
2027-06-04,2,0.0
2027-06-04,3,0.0
2027-06-04,4,0.0
2027-06-04,5,0.0
2027-06-04,6,0.01
2027-06-04,7,0.08
2027-06-04,8,0.5
2027-06-04,9,2.4
2027-06-04,10,8.88
2027-06-04,11,25.11
2027-06-04,12,54.42
2027-06-04,13,90.32
2027-06-04,14,114.82
2027-06-04,15,111.8
2027-06-04,16,83.38
2027-06-04,17,47.63
2027-06-04,18,20.84
2027-06-04,19,6.98
2027-06-04,20,1.79
2027-06-04,21,0.35
2027-06-04,22,0.05
2027-06-04,23,0.01
2027-06-04,24,0.0
2027-06-05,1,0.0
2027-06-05,2,0.0
2027-06-05,3,0.0
2027-06-05,4,0.0
2027-06-05,5,0.0
2027-06-05,6,0.02
2027-06-05,7,0.14
2027-06-05,8,0.9
2027-06-05,9,4.32
2027-06-05,10,15.96
2027-06-05,11,45.14
2027-06-05,12,97.82
2027-06-05,13,162.36
2027-06-05,14,206.39
2027-06-05,15,200.96
2027-06-05,16,149.87
2027-06-05,17,85.61
2027-06-05,18,37.45
2027-06-05,19,12.55
2027-06-05,20,3.22
2027-06-05,21,0.63
2027-06-05,22,0.1
2027-06-05,23,0.01
2027-06-05,24,0.0
2027-06-06,1,0.0
2027-06-06,2,0.0
2027-06-06,3,0.0
2027-06-06,4,0.0
2027-06-06,5,0.0
2027-06-06,6,0.01
2027-06-06,7,0.07
2027-06-06,8,0.46
2027-06-06,9,2.2
2027-06-06,10,8.13
2027-06-06,11,23.02
2027-06-06,12,49.87
2027-06-06,13,82.78
2027-06-06,14,105.23
2027-06-06,15,102.46
2027-06-06,16,76.41
2027-06-06,17,43.65
2027-06-06,18,19.1
2027-06-06,19,6.4
2027-06-06,20,1.64
2027-06-06,21,0.32
2027-06-06,22,0.05
2027-06-06,23,0.01
2027-06-06,24,0.0
2027-06-07,1,0.0
2027-06-07,2,0.0
2027-06-07,3,0.0
2027-06-07,4,0.0
2027-06-07,5,0.0
2027-06-07,6,0.02
2027-06-07,7,0.14
2027-06-07,8,0.86
2027-06-07,9,4.13
2027-06-07,10,15.27
2027-06-07,11,43.21
2027-06-07,12,93.63
2027-06-07,13,155.4
2027-06-07,14,197.56
2027-06-07,15,192.36
2027-06-07,16,143.46
2027-06-07,17,81.94
2027-06-07,18,35.85
2027-06-07,19,12.01
2027-06-07,20,3.08
2027-06-07,21,0.61
2027-06-07,22,0.09
2027-06-07,23,0.01
2027-06-07,24,0.0
2027-06-08,1,0.0
2027-06-08,2,0.0
2027-06-08,3,0.0
2027-06-08,4,0.0
2027-06-08,5,0.0
2027-06-08,6,0.01
2027-06-08,7,0.09
2027-06-08,8,0.58
2027-06-08,9,2.78
2027-06-08,10,10.26
2027-06-08,11,29.04
2027-06-08,12,62.92
2027-06-08,13,104.44
2027-06-08,14,132.77
2027-06-08,15,129.27
2027-06-08,16,96.41
2027-06-08,17,55.07
2027-06-08,18,24.09
2027-06-08,19,8.07
2027-06-08,20,2.07
2027-06-08,21,0.41
2027-06-08,22,0.06
2027-06-08,23,0.01
2027-06-08,24,0.0
2027-06-09,1,0.0
2027-06-09,2,0.0
2027-06-09,3,0.0
2027-06-09,4,0.0
2027-06-09,5,0.0
2027-06-09,6,0.01
2027-06-09,7,0.11
2027-06-09,8,0.69
2027-06-09,9,3.31
2027-06-09,10,12.24
2027-06-09,11,34.63
2027-06-09,12,75.05
2027-06-09,13,124.56
2027-06-09,14,158.34
2027-06-09,15,154.18
2027-06-09,16,114.98
2027-06-09,17,65.68
2027-06-09,18,28.73
2027-06-09,19,9.63
2027-06-09,20,2.47
2027-06-09,21,0.49
2027-06-09,22,0.07
2027-06-09,23,0.01
2027-06-09,24,0.0
2027-06-10,1,0.0
2027-06-10,2,0.0
2027-06-10,3,0.0
2027-06-10,4,0.0
2027-06-10,5,0.0
2027-06-10,6,0.01
2027-06-10,7,0.12
2027-06-10,8,0.77
2027-06-10,9,3.72
2027-06-10,10,13.74
2027-06-10,11,38.89
2027-06-10,12,84.26
2027-06-10,13,139.86
2027-06-10,14,177.79
2027-06-10,15,173.11
2027-06-10,16,129.1
2027-06-10,17,73.75
2027-06-10,18,32.26
2027-06-10,19,10.81
2027-06-10,20,2.77
2027-06-10,21,0.55
2027-06-10,22,0.08
2027-06-10,23,0.01
2027-06-10,24,0.0
2027-06-11,1,0.0
2027-06-11,2,0.0
2027-06-11,3,0.0
2027-06-11,4,0.0
2027-06-11,5,0.0
2027-06-11,6,0.01
2027-06-11,7,0.08
2027-06-11,8,0.51
2027-06-11,9,2.46
2027-06-11,10,9.1
2027-06-11,11,25.74
2027-06-11,12,55.77
2027-06-11,13,92.57
2027-06-11,14,117.67
2027-06-11,15,114.58
2027-06-11,16,85.45
2027-06-11,17,48.81
2027-06-11,18,21.35
2027-06-11,19,7.16
2027-06-11,20,1.84
2027-06-11,21,0.36
2027-06-11,22,0.05
2027-06-11,23,0.01
2027-06-11,24,0.0
2027-06-12,1,0.0
2027-06-12,2,0.0
2027-06-12,3,0.0
2027-06-12,4,0.0
2027-06-12,5,0.0
2027-06-12,6,0.02
2027-06-12,7,0.14
2027-06-12,8,0.9
2027-06-12,9,4.35
2027-06-12,10,16.05
2027-06-12,11,45.42
2027-06-12,12,98.42
2027-06-12,13,163.35
2027-06-12,14,207.66
2027-06-12,15,202.19
2027-06-12,16,150.79
2027-06-12,17,86.13
2027-06-12,18,37.68
2027-06-12,19,12.63
2027-06-12,20,3.24
2027-06-12,21,0.64
2027-06-12,22,0.1
2027-06-12,23,0.01
2027-06-12,24,0.0
2027-06-13,1,0.0
2027-06-13,2,0.0
2027-06-13,3,0.0
2027-06-13,4,0.0
2027-06-13,5,0.0
2027-06-13,6,0.01
2027-06-13,7,0.07
2027-06-13,8,0.46
2027-06-13,9,2.21
2027-06-13,10,8.17
2027-06-13,11,23.1
2027-06-13,12,50.06
2027-06-13,13,83.09
2027-06-13,14,105.63
2027-06-13,15,102.85
2027-06-13,16,76.7
2027-06-13,17,43.81
2027-06-13,18,19.17
2027-06-13,19,6.42
2027-06-13,20,1.65
2027-06-13,21,0.32
2027-06-13,22,0.05
2027-06-13,23,0.01
2027-06-13,24,0.0
2027-06-14,1,0.0
2027-06-14,2,0.0
2027-06-14,3,0.0
2027-06-14,4,0.0
2027-06-14,5,0.0
2027-06-14,6,0.02
2027-06-14,7,0.14
2027-06-14,8,0.87
2027-06-14,9,4.2
2027-06-14,10,15.51
2027-06-14,11,43.88
2027-06-14,12,95.1
2027-06-14,13,157.83
2027-06-14,14,200.65
2027-06-14,15,195.37
2027-06-14,16,145.7
2027-06-14,17,83.22
2027-06-14,18,36.41
2027-06-14,19,12.2
2027-06-14,20,3.13
2027-06-14,21,0.62
2027-06-14,22,0.09
2027-06-14,23,0.01
2027-06-14,24,0.0
2027-06-15,1,0.0
2027-06-15,2,0.0
2027-06-15,3,0.0
2027-06-15,4,0.0
2027-06-15,5,0.0
2027-06-15,6,0.01
2027-06-15,7,0.09
2027-06-15,8,0.57
2027-06-15,9,2.75
2027-06-15,10,10.15
2027-06-15,11,28.73
2027-06-15,12,62.26
2027-06-15,13,103.33
2027-06-15,14,131.36
2027-06-15,15,127.9
2027-06-15,16,95.39
2027-06-15,17,54.49
2027-06-15,18,23.84
2027-06-15,19,7.99
2027-06-15,20,2.05
2027-06-15,21,0.4
2027-06-15,22,0.06
2027-06-15,23,0.01
2027-06-15,24,0.0
2027-06-16,1,0.0
2027-06-16,2,0.0
2027-06-16,3,0.0
2027-06-16,4,0.0
2027-06-16,5,0.0
2027-06-16,6,0.01
2027-06-16,7,0.11
2027-06-16,8,0.7
2027-06-16,9,3.39
2027-06-16,10,12.52
2027-06-16,11,35.42
2027-06-16,12,76.76
2027-06-16,13,127.4
2027-06-16,14,161.96
2027-06-16,15,157.7
2027-06-16,16,117.61
2027-06-16,17,67.18
2027-06-16,18,29.39
2027-06-16,19,9.85
2027-06-16,20,2.53
2027-06-16,21,0.5
2027-06-16,22,0.07
2027-06-16,23,0.01
2027-06-16,24,0.0
2027-06-17,1,0.0
2027-06-17,2,0.0
2027-06-17,3,0.0
2027-06-17,4,0.0
2027-06-17,5,0.0
2027-06-17,6,0.01
2027-06-17,7,0.12
2027-06-17,8,0.76
2027-06-17,9,3.69
2027-06-17,10,13.63
2027-06-17,11,38.56
2027-06-17,12,83.55
2027-06-17,13,138.67
2027-06-17,14,176.28
2027-06-17,15,171.64
2027-06-17,16,128.01
2027-06-17,17,73.12
2027-06-17,18,31.99
2027-06-17,19,10.72
2027-06-17,20,2.75
2027-06-17,21,0.54
2027-06-17,22,0.08
2027-06-17,23,0.01
2027-06-17,24,0.0
2027-06-18,1,0.0
2027-06-18,2,0.0
2027-06-18,3,0.0
2027-06-18,4,0.0
2027-06-18,5,0.0
2027-06-18,6,0.01
2027-06-18,7,0.08
2027-06-18,8,0.52
2027-06-18,9,2.51
2027-06-18,10,9.28
2027-06-18,11,26.25
2027-06-18,12,56.88
2027-06-18,13,94.4
2027-06-18,14,120.0
2027-06-18,15,116.85
2027-06-18,16,87.14
2027-06-18,17,49.78
2027-06-18,18,21.78
2027-06-18,19,7.3
2027-06-18,20,1.87
2027-06-18,21,0.37
2027-06-18,22,0.06
2027-06-18,23,0.01
2027-06-18,24,0.0
2027-06-19,1,0.0
2027-06-19,2,0.0
2027-06-19,3,0.0
2027-06-19,4,0.0
2027-06-19,5,0.0
2027-06-19,6,0.02
2027-06-19,7,0.14
2027-06-19,8,0.9
2027-06-19,9,4.35
2027-06-19,10,16.05
2027-06-19,11,45.41
2027-06-19,12,98.41
2027-06-19,13,163.34
2027-06-19,14,207.65
2027-06-19,15,202.18
2027-06-19,16,150.78
2027-06-19,17,86.13
2027-06-19,18,37.68
2027-06-19,19,12.63
2027-06-19,20,3.24
2027-06-19,21,0.64
2027-06-19,22,0.1
2027-06-19,23,0.01
2027-06-19,24,0.0
2027-06-20,1,0.0
2027-06-20,2,0.0
2027-06-20,3,0.0
2027-06-20,4,0.0
2027-06-20,5,0.0
2027-06-20,6,0.01
2027-06-20,7,0.07
2027-06-20,8,0.46
2027-06-20,9,2.21
2027-06-20,10,8.16
2027-06-20,11,23.09
2027-06-20,12,50.04
2027-06-20,13,83.05
2027-06-20,14,105.57
2027-06-20,15,102.79
2027-06-20,16,76.66
2027-06-20,17,43.79
2027-06-20,18,19.16
2027-06-20,19,6.42
2027-06-20,20,1.65
2027-06-20,21,0.32
2027-06-20,22,0.05
2027-06-20,23,0.01
2027-06-20,24,0.0
2027-06-21,1,0.0
2027-06-21,2,0.0
2027-06-21,3,0.0
2027-06-21,4,0.0
2027-06-21,5,0.0
2027-06-21,6,0.02
2027-06-21,7,0.14
2027-06-21,8,0.88
2027-06-21,9,4.24
2027-06-21,10,15.66
2027-06-21,11,44.3
2027-06-21,12,95.99
2027-06-21,13,159.32
2027-06-21,14,202.54
2027-06-21,15,197.21
2027-06-21,16,147.07
2027-06-21,17,84.01
2027-06-21,18,36.75
2027-06-21,19,12.32
2027-06-21,20,3.16
2027-06-21,21,0.62
2027-06-21,22,0.09
2027-06-21,23,0.01
2027-06-21,24,0.0
2027-06-22,1,0.0
2027-06-22,2,0.0
2027-06-22,3,0.0
2027-06-22,4,0.0
2027-06-22,5,0.0
2027-06-22,6,0.01
2027-06-22,7,0.09
2027-06-22,8,0.56
2027-06-22,9,2.71
2027-06-22,10,9.99
2027-06-22,11,28.27
2027-06-22,12,61.27
2027-06-22,13,101.69
2027-06-22,14,129.28
2027-06-22,15,125.87
2027-06-22,16,93.87
2027-06-22,17,53.62
2027-06-22,18,23.46
2027-06-22,19,7.86
2027-06-22,20,2.02
2027-06-22,21,0.4
2027-06-22,22,0.06
2027-06-22,23,0.01
2027-06-22,24,0.0
2027-06-23,1,0.0
2027-06-23,2,0.0
2027-06-23,3,0.0
2027-06-23,4,0.0
2027-06-23,5,0.0
2027-06-23,6,0.01
2027-06-23,7,0.11
2027-06-23,8,0.71
2027-06-23,9,3.45
2027-06-23,10,12.73
2027-06-23,11,36.02
2027-06-23,12,78.06
2027-06-23,13,129.55
2027-06-23,14,164.7
2027-06-23,15,160.36
2027-06-23,16,119.59
2027-06-23,17,68.31
2027-06-23,18,29.89
2027-06-23,19,10.02
2027-06-23,20,2.57
2027-06-23,21,0.51
2027-06-23,22,0.08
2027-06-23,23,0.01
2027-06-23,24,0.0
2027-06-24,1,0.0
2027-06-24,2,0.0
2027-06-24,3,0.0
2027-06-24,4,0.0
2027-06-24,5,0.0
2027-06-24,6,0.01
2027-06-24,7,0.12
2027-06-24,8,0.75
2027-06-24,9,3.64
2027-06-24,10,13.43
2027-06-24,11,38.0
2027-06-24,12,82.35
2027-06-24,13,136.67
2027-06-24,14,173.74
2027-06-24,15,169.17
2027-06-24,16,126.16
2027-06-24,17,72.07
2027-06-24,18,31.53
2027-06-24,19,10.57
2027-06-24,20,2.71
2027-06-24,21,0.53
2027-06-24,22,0.08
2027-06-24,23,0.01
2027-06-24,24,0.0
2027-06-25,1,0.0
2027-06-25,2,0.0
2027-06-25,3,0.0
2027-06-25,4,0.0
2027-06-25,5,0.0
2027-06-25,6,0.01
2027-06-25,7,0.08
2027-06-25,8,0.53
2027-06-25,9,2.55
2027-06-25,10,9.41
2027-06-25,11,26.63
2027-06-25,12,57.72
2027-06-25,13,95.79
2027-06-25,14,121.78
2027-06-25,15,118.57
2027-06-25,16,88.43
2027-06-25,17,50.51
2027-06-25,18,22.1
2027-06-25,19,7.41
2027-06-25,20,1.9
2027-06-25,21,0.37
2027-06-25,22,0.06
2027-06-25,23,0.01
2027-06-25,24,0.0
2027-06-26,1,0.0
2027-06-26,2,0.0
2027-06-26,3,0.0
2027-06-26,4,0.0
2027-06-26,5,0.0
2027-06-26,6,0.02
2027-06-26,7,0.14
2027-06-26,8,0.9
2027-06-26,9,4.32
2027-06-26,10,15.95
2027-06-26,11,45.13
2027-06-26,12,97.81
2027-06-26,13,162.33
2027-06-26,14,206.36
2027-06-26,15,200.93
2027-06-26,16,149.85
2027-06-26,17,85.6
2027-06-26,18,37.45
2027-06-26,19,12.55
2027-06-26,20,3.22
2027-06-26,21,0.63
2027-06-26,22,0.1
2027-06-26,23,0.01
2027-06-26,24,0.0
2027-06-27,1,0.0
2027-06-27,2,0.0
2027-06-27,3,0.0
2027-06-27,4,0.0
2027-06-27,5,0.0
2027-06-27,6,0.01
2027-06-27,7,0.07
2027-06-27,8,0.46
2027-06-27,9,2.2
2027-06-27,10,8.12
2027-06-27,11,22.98
2027-06-27,12,49.8
2027-06-27,13,82.65
2027-06-27,14,105.07
2027-06-27,15,102.3
2027-06-27,16,76.29
2027-06-27,17,43.58
2027-06-27,18,19.07
2027-06-27,19,6.39
2027-06-27,20,1.64
2027-06-27,21,0.32
2027-06-27,22,0.05
2027-06-27,23,0.01
2027-06-27,24,0.0
2027-06-28,1,0.0
2027-06-28,2,0.0
2027-06-28,3,0.0
2027-06-28,4,0.0
2027-06-28,5,0.0
2027-06-28,6,0.02
2027-06-28,7,0.14
2027-06-28,8,0.88
2027-06-28,9,4.25
2027-06-28,10,15.71
2027-06-28,11,44.44
2027-06-28,12,96.3
2027-06-28,13,159.84
2027-06-28,14,203.2
2027-06-28,15,197.85
2027-06-28,16,147.55
2027-06-28,17,84.28
2027-06-28,18,36.87
2027-06-28,19,12.36
2027-06-28,20,3.17
2027-06-28,21,0.62
2027-06-28,22,0.09
2027-06-28,23,0.01
2027-06-28,24,0.0
2027-06-29,1,0.0
2027-06-29,2,0.0
2027-06-29,3,0.0
2027-06-29,4,0.0
2027-06-29,5,0.0
2027-06-29,6,0.01
2027-06-29,7,0.09
2027-06-29,8,0.55
2027-06-29,9,2.65
2027-06-29,10,9.78
2027-06-29,11,27.68
2027-06-29,12,59.98
2027-06-29,13,99.56
2027-06-29,14,126.56
2027-06-29,15,123.23
2027-06-29,16,91.9
2027-06-29,17,52.49
2027-06-29,18,22.97
2027-06-29,19,7.7
2027-06-29,20,1.98
2027-06-29,21,0.39
2027-06-29,22,0.06
2027-06-29,23,0.01
2027-06-29,24,0.0
2027-06-30,1,0.0
2027-06-30,2,0.0
2027-06-30,3,0.0
2027-06-30,4,0.0
2027-06-30,5,0.0
2027-06-30,6,0.01
2027-06-30,7,0.11
2027-06-30,8,0.72
2027-06-30,9,3.48
2027-06-30,10,12.87
2027-06-30,11,36.41
2027-06-30,12,78.91
2027-06-30,13,130.97
2027-06-30,14,166.49
2027-06-30,15,162.11
2027-06-30,16,120.9
2027-06-30,17,69.06
2027-06-30,18,30.21
2027-06-30,19,10.12
2027-06-30,20,2.6
2027-06-30,21,0.51
2027-06-30,22,0.08
2027-06-30,23,0.01
2027-06-30,24,0.0
2027-07-01,1,0.0
2027-07-01,2,0.0
2027-07-01,3,0.0
2027-07-01,4,0.0
2027-07-01,5,0.0
2027-07-01,6,0.01
2027-07-01,7,0.12
2027-07-01,8,0.74
2027-07-01,9,3.56
2027-07-01,10,13.16
2027-07-01,11,37.23
2027-07-01,12,80.68
2027-07-01,13,133.9
2027-07-01,14,170.22
2027-07-01,15,165.74
2027-07-01,16,123.61
2027-07-01,17,70.61
2027-07-01,18,30.89
2027-07-01,19,10.35
2027-07-01,20,2.66
2027-07-01,21,0.52
2027-07-01,22,0.08
2027-07-01,23,0.01
2027-07-01,24,0.0
2027-07-02,1,0.0
2027-07-02,2,0.0
2027-07-02,3,0.0
2027-07-02,4,0.0
2027-07-02,5,0.0
2027-07-02,6,0.01
2027-07-02,7,0.08
2027-07-02,8,0.53
2027-07-02,9,2.57
2027-07-02,10,9.51
2027-07-02,11,26.89
2027-07-02,12,58.27
2027-07-02,13,96.72
2027-07-02,14,122.96
2027-07-02,15,119.72
2027-07-02,16,89.28
2027-07-02,17,51.0
2027-07-02,18,22.31
2027-07-02,19,7.48
2027-07-02,20,1.92
2027-07-02,21,0.38
2027-07-02,22,0.06
2027-07-02,23,0.01
2027-07-02,24,0.0
2027-07-03,1,0.0
2027-07-03,2,0.0
2027-07-03,3,0.0
2027-07-03,4,0.0
2027-07-03,5,0.0
2027-07-03,6,0.02
2027-07-03,7,0.14
2027-07-03,8,0.88
2027-07-03,9,4.27
2027-07-03,10,15.76
2027-07-03,11,44.58
2027-07-03,12,96.61
2027-07-03,13,160.34
2027-07-03,14,203.83
2027-07-03,15,198.47
2027-07-03,16,148.01
2027-07-03,17,84.55
2027-07-03,18,36.99
2027-07-03,19,12.4
2027-07-03,20,3.18
2027-07-03,21,0.63
2027-07-03,22,0.09
2027-07-03,23,0.01
2027-07-03,24,0.0
2027-07-04,1,0.0
2027-07-04,2,0.0
2027-07-04,3,0.0
2027-07-04,4,0.0
2027-07-04,5,0.0
2027-07-04,6,0.01
2027-07-04,7,0.07
2027-07-04,8,0.45
2027-07-04,9,2.18
2027-07-04,10,8.05
2027-07-04,11,22.77
2027-07-04,12,49.35
2027-07-04,13,81.9
2027-07-04,14,104.12
2027-07-04,15,101.38
2027-07-04,16,75.61
2027-07-04,17,43.19
2027-07-04,18,18.89
2027-07-04,19,6.33
2027-07-04,20,1.63
2027-07-04,21,0.32
2027-07-04,22,0.05
2027-07-04,23,0.01
2027-07-04,24,0.0
2027-07-05,1,0.0
2027-07-05,2,0.0
2027-07-05,3,0.0
2027-07-05,4,0.0
2027-07-05,5,0.0
2027-07-05,6,0.02
2027-07-05,7,0.14
2027-07-05,8,0.88
2027-07-05,9,4.24
2027-07-05,10,15.66
2027-07-05,11,44.31
2027-07-05,12,96.03
2027-07-05,13,159.38
2027-07-05,14,202.61
2027-07-05,15,197.28
2027-07-05,16,147.13
2027-07-05,17,84.04
2027-07-05,18,36.77
2027-07-05,19,12.32
2027-07-05,20,3.16
2027-07-05,21,0.62
2027-07-05,22,0.09
2027-07-05,23,0.01
2027-07-05,24,0.0
2027-07-06,1,0.0
2027-07-06,2,0.0
2027-07-06,3,0.0
2027-07-06,4,0.0
2027-07-06,5,0.0
2027-07-06,6,0.01
2027-07-06,7,0.08
2027-07-06,8,0.53
2027-07-06,9,2.58
2027-07-06,10,9.53
2027-07-06,11,26.96
2027-07-06,12,58.42
2027-07-06,13,96.96
2027-07-06,14,123.26
2027-07-06,15,120.01
2027-07-06,16,89.5
2027-07-06,17,51.13
2027-07-06,18,22.37
2027-07-06,19,7.5
2027-07-06,20,1.92
2027-07-06,21,0.38
2027-07-06,22,0.06
2027-07-06,23,0.01
2027-07-06,24,0.0
2027-07-07,1,0.0
2027-07-07,2,0.0
2027-07-07,3,0.0
2027-07-07,4,0.0
2027-07-07,5,0.0
2027-07-07,6,0.01
2027-07-07,7,0.12
2027-07-07,8,0.73
2027-07-07,9,3.5
2027-07-07,10,12.93
2027-07-07,11,36.59
2027-07-07,12,79.3
2027-07-07,13,131.62
2027-07-07,14,167.32
2027-07-07,15,162.91
2027-07-07,16,121.5
2027-07-07,17,69.4
2027-07-07,18,30.36
2027-07-07,19,10.17
2027-07-07,20,2.61
2027-07-07,21,0.51
2027-07-07,22,0.08
2027-07-07,23,0.01
2027-07-07,24,0.0
2027-07-08,1,0.0
2027-07-08,2,0.0
2027-07-08,3,0.0
2027-07-08,4,0.0
2027-07-08,5,0.0
2027-07-08,6,0.01
2027-07-08,7,0.11
2027-07-08,8,0.72
2027-07-08,9,3.47
2027-07-08,10,12.82
2027-07-08,11,36.26
2027-07-08,12,78.57
2027-07-08,13,130.41
2027-07-08,14,165.78
2027-07-08,15,161.42
2027-07-08,16,120.38
2027-07-08,17,68.76
2027-07-08,18,30.08
2027-07-08,19,10.08
2027-07-08,20,2.59
2027-07-08,21,0.51
2027-07-08,22,0.08
2027-07-08,23,0.01
2027-07-08,24,0.0
2027-07-09,1,0.0
2027-07-09,2,0.0
2027-07-09,3,0.0
2027-07-09,4,0.0
2027-07-09,5,0.0
2027-07-09,6,0.01
2027-07-09,7,0.09
2027-07-09,8,0.54
2027-07-09,9,2.58
2027-07-09,10,9.55
2027-07-09,11,27.01
2027-07-09,12,58.54
2027-07-09,13,97.16
2027-07-09,14,123.52
2027-07-09,15,120.27
2027-07-09,16,89.69
2027-07-09,17,51.23
2027-07-09,18,22.41
2027-07-09,19,7.51
2027-07-09,20,1.93
2027-07-09,21,0.38
2027-07-09,22,0.06
2027-07-09,23,0.01
2027-07-09,24,0.0
2027-07-10,1,0.0
2027-07-10,2,0.0
2027-07-10,3,0.0
2027-07-10,4,0.0
2027-07-10,5,0.0
2027-07-10,6,0.02
2027-07-10,7,0.14
2027-07-10,8,0.87
2027-07-10,9,4.19
2027-07-10,10,15.47
2027-07-10,11,43.76
2027-07-10,12,94.83
2027-07-10,13,157.4
2027-07-10,14,200.1
2027-07-10,15,194.83
2027-07-10,16,145.3
2027-07-10,17,83.0
2027-07-10,18,36.31
2027-07-10,19,12.17
2027-07-10,20,3.12
2027-07-10,21,0.61
2027-07-10,22,0.09
2027-07-10,23,0.01
2027-07-10,24,0.0
2027-07-11,1,0.0
2027-07-11,2,0.0
2027-07-11,3,0.0
2027-07-11,4,0.0
2027-07-11,5,0.0
2027-07-11,6,0.01
2027-07-11,7,0.07
2027-07-11,8,0.45
2027-07-11,9,2.15
2027-07-11,10,7.94
2027-07-11,11,22.47
2027-07-11,12,48.69
2027-07-11,13,80.82
2027-07-11,14,102.74
2027-07-11,15,100.04
2027-07-11,16,74.61
2027-07-11,17,42.62
2027-07-11,18,18.64
2027-07-11,19,6.25
2027-07-11,20,1.6
2027-07-11,21,0.32
2027-07-11,22,0.05
2027-07-11,23,0.01
2027-07-11,24,0.0
2027-07-12,1,0.0
2027-07-12,2,0.0
2027-07-12,3,0.0
2027-07-12,4,0.0
2027-07-12,5,0.0
2027-07-12,6,0.02
2027-07-12,7,0.14
2027-07-12,8,0.87
2027-07-12,9,4.2
2027-07-12,10,15.52
2027-07-12,11,43.92
2027-07-12,12,95.16
2027-07-12,13,157.95
2027-07-12,14,200.79
2027-07-12,15,195.51
2027-07-12,16,145.8
2027-07-12,17,83.28
2027-07-12,18,36.44
2027-07-12,19,12.21
2027-07-12,20,3.13
2027-07-12,21,0.62
2027-07-12,22,0.09
2027-07-12,23,0.01
2027-07-12,24,0.0
2027-07-13,1,0.0
2027-07-13,2,0.0
2027-07-13,3,0.0
2027-07-13,4,0.0
2027-07-13,5,0.0
2027-07-13,6,0.01
2027-07-13,7,0.08
2027-07-13,8,0.52
2027-07-13,9,2.5
2027-07-13,10,9.23
2027-07-13,11,26.12
2027-07-13,12,56.6
2027-07-13,13,93.94
2027-07-13,14,119.42
2027-07-13,15,116.28
2027-07-13,16,86.72
2027-07-13,17,49.54
2027-07-13,18,21.67
2027-07-13,19,7.26
2027-07-13,20,1.86
2027-07-13,21,0.37
2027-07-13,22,0.06
2027-07-13,23,0.01
2027-07-13,24,0.0
2027-07-14,1,0.0
2027-07-14,2,0.0
2027-07-14,3,0.0
2027-07-14,4,0.0
2027-07-14,5,0.0
2027-07-14,6,0.01
2027-07-14,7,0.12
2027-07-14,8,0.73
2027-07-14,9,3.5
2027-07-14,10,12.92
2027-07-14,11,36.56
2027-07-14,12,79.22
2027-07-14,13,131.48
2027-07-14,14,167.15
2027-07-14,15,162.75
2027-07-14,16,121.37
2027-07-14,17,69.33
2027-07-14,18,30.33
2027-07-14,19,10.16
2027-07-14,20,2.61
2027-07-14,21,0.51
2027-07-14,22,0.08
2027-07-14,23,0.01
2027-07-14,24,0.0
2027-07-15,1,0.0
2027-07-15,2,0.0
2027-07-15,3,0.0
2027-07-15,4,0.0
2027-07-15,5,0.0
2027-07-15,6,0.01
2027-07-15,7,0.11
2027-07-15,8,0.7
2027-07-15,9,3.36
2027-07-15,10,12.41
2027-07-15,11,35.1
2027-07-15,12,76.07
2027-07-15,13,126.25
2027-07-15,14,160.5
2027-07-15,15,156.28
2027-07-15,16,116.55
2027-07-15,17,66.57
2027-07-15,18,29.13
2027-07-15,19,9.76
2027-07-15,20,2.51
2027-07-15,21,0.49
2027-07-15,22,0.07
2027-07-15,23,0.01
2027-07-15,24,0.0
2027-07-16,1,0.0
2027-07-16,2,0.0
2027-07-16,3,0.0
2027-07-16,4,0.0
2027-07-16,5,0.0
2027-07-16,6,0.01
2027-07-16,7,0.09
2027-07-16,8,0.54
2027-07-16,9,2.58
2027-07-16,10,9.54
2027-07-16,11,27.0
2027-07-16,12,58.5
2027-07-16,13,97.1
2027-07-16,14,123.43
2027-07-16,15,120.19
2027-07-16,16,89.63
2027-07-16,17,51.2
2027-07-16,18,22.4
2027-07-16,19,7.51
2027-07-16,20,1.93
2027-07-16,21,0.38
2027-07-16,22,0.06
2027-07-16,23,0.01
2027-07-16,24,0.0
2027-07-17,1,0.0
2027-07-17,2,0.0
2027-07-17,3,0.0
2027-07-17,4,0.0
2027-07-17,5,0.0
2027-07-17,6,0.02
2027-07-17,7,0.13
2027-07-17,8,0.85
2027-07-17,9,4.09
2027-07-17,10,15.09
2027-07-17,11,42.7
2027-07-17,12,92.52
2027-07-17,13,153.56
2027-07-17,14,195.22
2027-07-17,15,190.08
2027-07-17,16,141.76
2027-07-17,17,80.97
2027-07-17,18,35.43
2027-07-17,19,11.87
2027-07-17,20,3.05
2027-07-17,21,0.6
2027-07-17,22,0.09
2027-07-17,23,0.01
2027-07-17,24,0.0
2027-07-18,1,0.0
2027-07-18,2,0.0
2027-07-18,3,0.0
2027-07-18,4,0.0
2027-07-18,5,0.0
2027-07-18,6,0.01
2027-07-18,7,0.07
2027-07-18,8,0.44
2027-07-18,9,2.11
2027-07-18,10,7.8
2027-07-18,11,22.08
2027-07-18,12,47.84
2027-07-18,13,79.41
2027-07-18,14,100.95
2027-07-18,15,98.29
2027-07-18,16,73.3
2027-07-18,17,41.87
2027-07-18,18,18.32
2027-07-18,19,6.14
2027-07-18,20,1.58
2027-07-18,21,0.31
2027-07-18,22,0.05
2027-07-18,23,0.01
2027-07-18,24,0.0
2027-07-19,1,0.0
2027-07-19,2,0.0
2027-07-19,3,0.0
2027-07-19,4,0.0
2027-07-19,5,0.0
2027-07-19,6,0.02
2027-07-19,7,0.14
2027-07-19,8,0.86
2027-07-19,9,4.14
2027-07-19,10,15.29
2027-07-19,11,43.25
2027-07-19,12,93.72
2027-07-19,13,155.56
2027-07-19,14,197.75
2027-07-19,15,192.55
2027-07-19,16,143.6
2027-07-19,17,82.02
2027-07-19,18,35.89
2027-07-19,19,12.03
2027-07-19,20,3.09
2027-07-19,21,0.61
2027-07-19,22,0.09
2027-07-19,23,0.01
2027-07-19,24,0.0
2027-07-20,1,0.0
2027-07-20,2,0.0
2027-07-20,3,0.0
2027-07-20,4,0.0
2027-07-20,5,0.0
2027-07-20,6,0.01
2027-07-20,7,0.08
2027-07-20,8,0.5
2027-07-20,9,2.41
2027-07-20,10,8.9
2027-07-20,11,25.18
2027-07-20,12,54.56
2027-07-20,13,90.56
2027-07-20,14,115.12
2027-07-20,15,112.09
2027-07-20,16,83.59
2027-07-20,17,47.75
2027-07-20,18,20.89
2027-07-20,19,7.0
2027-07-20,20,1.8
2027-07-20,21,0.35
2027-07-20,22,0.05
2027-07-20,23,0.01
2027-07-20,24,0.0
2027-07-21,1,0.0
2027-07-21,2,0.0
2027-07-21,3,0.0
2027-07-21,4,0.0
2027-07-21,5,0.0
2027-07-21,6,0.01
2027-07-21,7,0.11
2027-07-21,8,0.72
2027-07-21,9,3.47
2027-07-21,10,12.83
2027-07-21,11,36.3
2027-07-21,12,78.66
2027-07-21,13,130.56
2027-07-21,14,165.97
2027-07-21,15,161.61
2027-07-21,16,120.52
2027-07-21,17,68.84
2027-07-21,18,30.12
2027-07-21,19,10.09
2027-07-21,20,2.59
2027-07-21,21,0.51
2027-07-21,22,0.08
2027-07-21,23,0.01
2027-07-21,24,0.0
2027-07-22,1,0.0
2027-07-22,2,0.0
2027-07-22,3,0.0
2027-07-22,4,0.0
2027-07-22,5,0.0
2027-07-22,6,0.01
2027-07-22,7,0.11
2027-07-22,8,0.67
2027-07-22,9,3.23
2027-07-22,10,11.94
2027-07-22,11,33.78
2027-07-22,12,73.21
2027-07-22,13,121.5
2027-07-22,14,154.46
2027-07-22,15,150.4
2027-07-22,16,112.16
2027-07-22,17,64.07
2027-07-22,18,28.03
2027-07-22,19,9.39
2027-07-22,20,2.41
2027-07-22,21,0.47
2027-07-22,22,0.07
2027-07-22,23,0.01
2027-07-22,24,0.0
2027-07-23,1,0.0
2027-07-23,2,0.0
2027-07-23,3,0.0
2027-07-23,4,0.0
2027-07-23,5,0.0
2027-07-23,6,0.01
2027-07-23,7,0.08
2027-07-23,8,0.53
2027-07-23,9,2.57
2027-07-23,10,9.49
2027-07-23,11,26.84
2027-07-23,12,58.15
2027-07-23,13,96.52
2027-07-23,14,122.7
2027-07-23,15,119.47
2027-07-23,16,89.1
2027-07-23,17,50.89
2027-07-23,18,22.27
2027-07-23,19,7.46
2027-07-23,20,1.92
2027-07-23,21,0.38
2027-07-23,22,0.06
2027-07-23,23,0.01
2027-07-23,24,0.0
2027-07-24,1,0.0
2027-07-24,2,0.0
2027-07-24,3,0.0
2027-07-24,4,0.0
2027-07-24,5,0.0
2027-07-24,6,0.02
2027-07-24,7,0.13
2027-07-24,8,0.82
2027-07-24,9,3.96
2027-07-24,10,14.63
2027-07-24,11,41.4
2027-07-24,12,89.71
2027-07-24,13,148.89
2027-07-24,14,189.28
2027-07-24,15,184.3
2027-07-24,16,137.45
2027-07-24,17,78.51
2027-07-24,18,34.35
2027-07-24,19,11.51
2027-07-24,20,2.95
2027-07-24,21,0.58
2027-07-24,22,0.09
2027-07-24,23,0.01
2027-07-24,24,0.0
2027-07-25,1,0.0
2027-07-25,2,0.0
2027-07-25,3,0.0
2027-07-25,4,0.0
2027-07-25,5,0.0
2027-07-25,6,0.01
2027-07-25,7,0.07
2027-07-25,8,0.43
2027-07-25,9,2.07
2027-07-25,10,7.63
2027-07-25,11,21.6
2027-07-25,12,46.8
2027-07-25,13,77.68
2027-07-25,14,98.76
2027-07-25,15,96.16
2027-07-25,16,71.71
2027-07-25,17,40.96
2027-07-25,18,17.92
2027-07-25,19,6.01
2027-07-25,20,1.54
2027-07-25,21,0.3
2027-07-25,22,0.05
2027-07-25,23,0.01
2027-07-25,24,0.0
2027-07-26,1,0.0
2027-07-26,2,0.0
2027-07-26,3,0.0
2027-07-26,4,0.0
2027-07-26,5,0.0
2027-07-26,6,0.02
2027-07-26,7,0.13
2027-07-26,8,0.84
2027-07-26,9,4.05
2027-07-26,10,14.96
2027-07-26,11,42.33
2027-07-26,12,91.73
2027-07-26,13,152.25
2027-07-26,14,193.55
2027-07-26,15,188.46
2027-07-26,16,140.55
2027-07-26,17,80.28
2027-07-26,18,35.12
2027-07-26,19,11.77
2027-07-26,20,3.02
2027-07-26,21,0.59
2027-07-26,22,0.09
2027-07-26,23,0.01
2027-07-26,24,0.0
2027-07-27,1,0.0
2027-07-27,2,0.0
2027-07-27,3,0.0
2027-07-27,4,0.0
2027-07-27,5,0.0
2027-07-27,6,0.01
2027-07-27,7,0.08
2027-07-27,8,0.48
2027-07-27,9,2.31
2027-07-27,10,8.54
2027-07-27,11,24.15
2027-07-27,12,52.33
2027-07-27,13,86.85
2027-07-27,14,110.41
2027-07-27,15,107.5
2027-07-27,16,80.17
2027-07-27,17,45.8
2027-07-27,18,20.04
2027-07-27,19,6.71
2027-07-27,20,1.72
2027-07-27,21,0.34
2027-07-27,22,0.05
2027-07-27,23,0.01
2027-07-27,24,0.0
2027-07-28,1,0.0
2027-07-28,2,0.0
2027-07-28,3,0.0
2027-07-28,4,0.0
2027-07-28,5,0.0
2027-07-28,6,0.01
2027-07-28,7,0.11
2027-07-28,8,0.71
2027-07-28,9,3.43
2027-07-28,10,12.66
2027-07-28,11,35.83
2027-07-28,12,77.64
2027-07-28,13,128.86
2027-07-28,14,163.81
2027-07-28,15,159.5
2027-07-28,16,118.95
2027-07-28,17,67.95
2027-07-28,18,29.73
2027-07-28,19,9.96
2027-07-28,20,2.56
2027-07-28,21,0.5
2027-07-28,22,0.08
2027-07-28,23,0.01
2027-07-28,24,0.0
2027-07-29,1,0.0
2027-07-29,2,0.0
2027-07-29,3,0.0
2027-07-29,4,0.0
2027-07-29,5,0.0
2027-07-29,6,0.01
2027-07-29,7,0.1
2027-07-29,8,0.64
2027-07-29,9,3.09
2027-07-29,10,11.42
2027-07-29,11,32.32
2027-07-29,12,70.03
2027-07-29,13,116.24
2027-07-29,14,147.77
2027-07-29,15,143.88
2027-07-29,16,107.3
2027-07-29,17,61.29
2027-07-29,18,26.81
2027-07-29,19,8.99
2027-07-29,20,2.31
2027-07-29,21,0.45
2027-07-29,22,0.07
2027-07-29,23,0.01
2027-07-29,24,0.0
2027-07-30,1,0.0
2027-07-30,2,0.0
2027-07-30,3,0.0
2027-07-30,4,0.0
2027-07-30,5,0.0
2027-07-30,6,0.01
2027-07-30,7,0.08
2027-07-30,8,0.53
2027-07-30,9,2.54
2027-07-30,10,9.38
2027-07-30,11,26.53
2027-07-30,12,57.5
2027-07-30,13,95.43
2027-07-30,14,121.32
2027-07-30,15,118.12
2027-07-30,16,88.09
2027-07-30,17,50.32
2027-07-30,18,22.02
2027-07-30,19,7.38
2027-07-30,20,1.89
2027-07-30,21,0.37
2027-07-30,22,0.06
2027-07-30,23,0.01
2027-07-30,24,0.0
2027-07-31,1,0.0
2027-07-31,2,0.0
2027-07-31,3,0.0
2027-07-31,4,0.0
2027-07-31,5,0.0
2027-07-31,6,0.02
2027-07-31,7,0.13
2027-07-31,8,0.79
2027-07-31,9,3.82
2027-07-31,10,14.1
2027-07-31,11,39.89
2027-07-31,12,86.44
2027-07-31,13,143.47
2027-07-31,14,182.38
2027-07-31,15,177.58
2027-07-31,16,132.44
2027-07-31,17,75.65
2027-07-31,18,33.1
2027-07-31,19,11.09
2027-07-31,20,2.85
2027-07-31,21,0.56
2027-07-31,22,0.08
2027-07-31,23,0.01
2027-07-31,24,0.0
2027-08-01,1,0.0
2027-08-01,2,0.0
2027-08-01,3,0.0
2027-08-01,4,0.0
2027-08-01,5,0.0
2027-08-01,6,0.01
2027-08-01,7,0.07
2027-08-01,8,0.42
2027-08-01,9,2.01
2027-08-01,10,7.44
2027-08-01,11,21.04
2027-08-01,12,45.59
2027-08-01,13,75.66
2027-08-01,14,96.19
2027-08-01,15,93.65
2027-08-01,16,69.84
2027-08-01,17,39.9
2027-08-01,18,17.45
2027-08-01,19,5.85
2027-08-01,20,1.5
2027-08-01,21,0.3
2027-08-01,22,0.04
2027-08-01,23,0.01
2027-08-01,24,0.0
2027-08-02,1,0.0
2027-08-02,2,0.0
2027-08-02,3,0.0
2027-08-02,4,0.0
2027-08-02,5,0.0
2027-08-02,6,0.02
2027-08-02,7,0.13
2027-08-02,8,0.82
2027-08-02,9,3.94
2027-08-02,10,14.55
2027-08-02,11,41.17
2027-08-02,12,89.22
2027-08-02,13,148.09
2027-08-02,14,188.26
2027-08-02,15,183.3
2027-08-02,16,136.7
2027-08-02,17,78.09
2027-08-02,18,34.16
2027-08-02,19,11.45
2027-08-02,20,2.94
2027-08-02,21,0.58
2027-08-02,22,0.09
2027-08-02,23,0.01
2027-08-02,24,0.0
2027-08-03,1,0.0
2027-08-03,2,0.0
2027-08-03,3,0.0
2027-08-03,4,0.0
2027-08-03,5,0.0
2027-08-03,6,0.01
2027-08-03,7,0.07
2027-08-03,8,0.46
2027-08-03,9,2.2
2027-08-03,10,8.14
2027-08-03,11,23.04
2027-08-03,12,49.93
2027-08-03,13,82.88
2027-08-03,14,105.36
2027-08-03,15,102.58
2027-08-03,16,76.5
2027-08-03,17,43.7
2027-08-03,18,19.12
2027-08-03,19,6.41
2027-08-03,20,1.64
2027-08-03,21,0.32
2027-08-03,22,0.05
2027-08-03,23,0.01
2027-08-03,24,0.0
2027-08-04,1,0.0
2027-08-04,2,0.0
2027-08-04,3,0.0
2027-08-04,4,0.0
2027-08-04,5,0.0
2027-08-04,6,0.01
2027-08-04,7,0.11
2027-08-04,8,0.7
2027-08-04,9,3.36
2027-08-04,10,12.42
2027-08-04,11,35.14
2027-08-04,12,76.16
2027-08-04,13,126.4
2027-08-04,14,160.69
2027-08-04,15,156.46
2027-08-04,16,116.68
2027-08-04,17,66.65
2027-08-04,18,29.16
2027-08-04,19,9.77
2027-08-04,20,2.51
2027-08-04,21,0.49
2027-08-04,22,0.07
2027-08-04,23,0.01
2027-08-04,24,0.0
2027-08-05,1,0.0
2027-08-05,2,0.0
2027-08-05,3,0.0
2027-08-05,4,0.0
2027-08-05,5,0.0
2027-08-05,6,0.01
2027-08-05,7,0.1
2027-08-05,8,0.61
2027-08-05,9,2.94
2027-08-05,10,10.86
2027-08-05,11,30.73
2027-08-05,12,66.6
2027-08-05,13,110.53
2027-08-05,14,140.52
2027-08-05,15,136.82
2027-08-05,16,102.04
2027-08-05,17,58.28
2027-08-05,18,25.5
2027-08-05,19,8.54
2027-08-05,20,2.19
2027-08-05,21,0.43
2027-08-05,22,0.06
2027-08-05,23,0.01
2027-08-05,24,0.0
2027-08-06,1,0.0
2027-08-06,2,0.0
2027-08-06,3,0.0
2027-08-06,4,0.0
2027-08-06,5,0.0
2027-08-06,6,0.01
2027-08-06,7,0.08
2027-08-06,8,0.52
2027-08-06,9,2.5
2027-08-06,10,9.22
2027-08-06,11,26.09
2027-08-06,12,56.54
2027-08-06,13,93.84
2027-08-06,14,119.29
2027-08-06,15,116.15
2027-08-06,16,86.62
2027-08-06,17,49.48
2027-08-06,18,21.65
2027-08-06,19,7.25
2027-08-06,20,1.86
2027-08-06,21,0.37
2027-08-06,22,0.06
2027-08-06,23,0.01
2027-08-06,24,0.0
2027-08-07,1,0.0
2027-08-07,2,0.0
2027-08-07,3,0.0
2027-08-07,4,0.0
2027-08-07,5,0.0
2027-08-07,6,0.01
2027-08-07,7,0.12
2027-08-07,8,0.76
2027-08-07,9,3.65
2027-08-07,10,13.5
2027-08-07,11,38.19
2027-08-07,12,82.77
2027-08-07,13,137.37
2027-08-07,14,174.63
2027-08-07,15,170.04
2027-08-07,16,126.81
2027-08-07,17,72.43
2027-08-07,18,31.69
2027-08-07,19,10.62
2027-08-07,20,2.73
2027-08-07,21,0.54
2027-08-07,22,0.08
2027-08-07,23,0.01
2027-08-07,24,0.0
2027-08-08,1,0.0
2027-08-08,2,0.0
2027-08-08,3,0.0
2027-08-08,4,0.0
2027-08-08,5,0.0
2027-08-08,6,0.01
2027-08-08,7,0.06
2027-08-08,8,0.4
2027-08-08,9,1.95
2027-08-08,10,7.21
2027-08-08,11,20.4
2027-08-08,12,44.2
2027-08-08,13,73.36
2027-08-08,14,93.26
2027-08-08,15,90.81
2027-08-08,16,67.72
2027-08-08,17,38.68
2027-08-08,18,16.92
2027-08-08,19,5.67
2027-08-08,20,1.46
2027-08-08,21,0.29
2027-08-08,22,0.04
2027-08-08,23,0.0
2027-08-08,24,0.0
2027-08-09,1,0.0
2027-08-09,2,0.0
2027-08-09,3,0.0
2027-08-09,4,0.0
2027-08-09,5,0.0
2027-08-09,6,0.02
2027-08-09,7,0.13
2027-08-09,8,0.79
2027-08-09,9,3.81
2027-08-09,10,14.07
2027-08-09,11,39.79
2027-08-09,12,86.23
2027-08-09,13,143.13
2027-08-09,14,181.95
2027-08-09,15,177.16
2027-08-09,16,132.12
2027-08-09,17,75.47
2027-08-09,18,33.02
2027-08-09,19,11.06
2027-08-09,20,2.84
2027-08-09,21,0.56
2027-08-09,22,0.08
2027-08-09,23,0.01
2027-08-09,24,0.0
2027-08-10,1,0.0
2027-08-10,2,0.0
2027-08-10,3,0.0
2027-08-10,4,0.0
2027-08-10,5,0.0
2027-08-10,6,0.01
2027-08-10,7,0.07
2027-08-10,8,0.43
2027-08-10,9,2.09
2027-08-10,10,7.73
2027-08-10,11,21.88
2027-08-10,12,47.41
2027-08-10,13,78.69
2027-08-10,14,100.03
2027-08-10,15,97.4
2027-08-10,16,72.64
2027-08-10,17,41.49
2027-08-10,18,18.15
2027-08-10,19,6.08
2027-08-10,20,1.56
2027-08-10,21,0.31
2027-08-10,22,0.05
2027-08-10,23,0.01
2027-08-10,24,0.0
2027-08-11,1,0.0
2027-08-11,2,0.0
2027-08-11,3,0.0
2027-08-11,4,0.0
2027-08-11,5,0.0
2027-08-11,6,0.01
2027-08-11,7,0.11
2027-08-11,8,0.68
2027-08-11,9,3.28
2027-08-11,10,12.11
2027-08-11,11,34.26
2027-08-11,12,74.24
2027-08-11,13,123.22
2027-08-11,14,156.65
2027-08-11,15,152.53
2027-08-11,16,113.75
2027-08-11,17,64.98
2027-08-11,18,28.43
2027-08-11,19,9.53
2027-08-11,20,2.44
2027-08-11,21,0.48
2027-08-11,22,0.07
2027-08-11,23,0.01
2027-08-11,24,0.0
2027-08-12,1,0.0
2027-08-12,2,0.0
2027-08-12,3,0.0
2027-08-12,4,0.0
2027-08-12,5,0.0
2027-08-12,6,0.01
2027-08-12,7,0.09
2027-08-12,8,0.58
2027-08-12,9,2.78
2027-08-12,10,10.27
2027-08-12,11,29.05
2027-08-12,12,62.95
2027-08-12,13,104.48
2027-08-12,14,132.82
2027-08-12,15,129.33
2027-08-12,16,96.45
2027-08-12,17,55.09
2027-08-12,18,24.1
2027-08-12,19,8.08
2027-08-12,20,2.07
2027-08-12,21,0.41
2027-08-12,22,0.06
2027-08-12,23,0.01
2027-08-12,24,0.0
2027-08-13,1,0.0
2027-08-13,2,0.0
2027-08-13,3,0.0
2027-08-13,4,0.0
2027-08-13,5,0.0
2027-08-13,6,0.01
2027-08-13,7,0.08
2027-08-13,8,0.51
2027-08-13,9,2.44
2027-08-13,10,9.02
2027-08-13,11,25.51
2027-08-13,12,55.28
2027-08-13,13,91.75
2027-08-13,14,116.64
2027-08-13,15,113.57
2027-08-13,16,84.7
2027-08-13,17,48.38
2027-08-13,18,21.17
2027-08-13,19,7.09
2027-08-13,20,1.82
2027-08-13,21,0.36
2027-08-13,22,0.05
2027-08-13,23,0.01
2027-08-13,24,0.0
2027-08-14,1,0.0
2027-08-14,2,0.0
2027-08-14,3,0.0
2027-08-14,4,0.0
2027-08-14,5,0.0
2027-08-14,6,0.01
2027-08-14,7,0.11
2027-08-14,8,0.72
2027-08-14,9,3.48
2027-08-14,10,12.84
2027-08-14,11,36.34
2027-08-14,12,78.75
2027-08-14,13,130.7
2027-08-14,14,166.16
2027-08-14,15,161.78
2027-08-14,16,120.65
2027-08-14,17,68.92
2027-08-14,18,30.15
2027-08-14,19,10.1
2027-08-14,20,2.59
2027-08-14,21,0.51
2027-08-14,22,0.08
2027-08-14,23,0.01
2027-08-14,24,0.0
2027-08-15,1,0.0
2027-08-15,2,0.0
2027-08-15,3,0.0
2027-08-15,4,0.0
2027-08-15,5,0.0
2027-08-15,6,0.01
2027-08-15,7,0.06
2027-08-15,8,0.39
2027-08-15,9,1.88
2027-08-15,10,6.96
2027-08-15,11,19.69
2027-08-15,12,42.66
2027-08-15,13,70.81
2027-08-15,14,90.02
2027-08-15,15,87.65
2027-08-15,16,65.37
2027-08-15,17,37.34
2027-08-15,18,16.34
2027-08-15,19,5.47
2027-08-15,20,1.41
2027-08-15,21,0.28
2027-08-15,22,0.04
2027-08-15,23,0.0
2027-08-15,24,0.0
2027-08-16,1,0.0
2027-08-16,2,0.0
2027-08-16,3,0.0
2027-08-16,4,0.0
2027-08-16,5,0.0
2027-08-16,6,0.01
2027-08-16,7,0.12
2027-08-16,8,0.76
2027-08-16,9,3.66
2027-08-16,10,13.51
2027-08-16,11,38.22
2027-08-16,12,82.81
2027-08-16,13,137.45
2027-08-16,14,174.73
2027-08-16,15,170.14
2027-08-16,16,126.88
2027-08-16,17,72.48
2027-08-16,18,31.71
2027-08-16,19,10.63
2027-08-16,20,2.73
2027-08-16,21,0.54
2027-08-16,22,0.08
2027-08-16,23,0.01
2027-08-16,24,0.0
2027-08-17,1,0.0
2027-08-17,2,0.0
2027-08-17,3,0.0
2027-08-17,4,0.0
2027-08-17,5,0.0
2027-08-17,6,0.01
2027-08-17,7,0.07
2027-08-17,8,0.41
2027-08-17,9,1.98
2027-08-17,10,7.3
2027-08-17,11,20.67
2027-08-17,12,44.79
2027-08-17,13,74.33
2027-08-17,14,94.5
2027-08-17,15,92.01
2027-08-17,16,68.62
2027-08-17,17,39.2
2027-08-17,18,17.15
2027-08-17,19,5.75
2027-08-17,20,1.47
2027-08-17,21,0.29
2027-08-17,22,0.04
2027-08-17,23,0.01
2027-08-17,24,0.0
2027-08-18,1,0.0
2027-08-18,2,0.0
2027-08-18,3,0.0
2027-08-18,4,0.0
2027-08-18,5,0.0
2027-08-18,6,0.01
2027-08-18,7,0.1
2027-08-18,8,0.66
2027-08-18,9,3.18
2027-08-18,10,11.73
2027-08-18,11,33.19
2027-08-18,12,71.92
2027-08-18,13,119.38
2027-08-18,14,151.76
2027-08-18,15,147.76
2027-08-18,16,110.2
2027-08-18,17,62.95
2027-08-18,18,27.54
2027-08-18,19,9.23
2027-08-18,20,2.37
2027-08-18,21,0.47
2027-08-18,22,0.07
2027-08-18,23,0.01
2027-08-18,24,0.0
2027-08-19,1,0.0
2027-08-19,2,0.0
2027-08-19,3,0.0
2027-08-19,4,0.0
2027-08-19,5,0.0
2027-08-19,6,0.01
2027-08-19,7,0.09
2027-08-19,8,0.54
2027-08-19,9,2.61
2027-08-19,10,9.65
2027-08-19,11,27.29
2027-08-19,12,59.15
2027-08-19,13,98.17
2027-08-19,14,124.79
2027-08-19,15,121.51
2027-08-19,16,90.62
2027-08-19,17,51.76
2027-08-19,18,22.65
2027-08-19,19,7.59
2027-08-19,20,1.95
2027-08-19,21,0.38
2027-08-19,22,0.06
2027-08-19,23,0.01
2027-08-19,24,0.0
2027-08-20,1,0.0
2027-08-20,2,0.0
2027-08-20,3,0.0
2027-08-20,4,0.0
2027-08-20,5,0.0
2027-08-20,6,0.01
2027-08-20,7,0.08
2027-08-20,8,0.49
2027-08-20,9,2.37
2027-08-20,10,8.77
2027-08-20,11,24.8
2027-08-20,12,53.74
2027-08-20,13,89.2
2027-08-20,14,113.4
2027-08-20,15,110.41
2027-08-20,16,82.34
2027-08-20,17,47.04
2027-08-20,18,20.58
2027-08-20,19,6.9
2027-08-20,20,1.77
2027-08-20,21,0.35
2027-08-20,22,0.05
2027-08-20,23,0.01
2027-08-20,24,0.0
2027-08-21,1,0.0
2027-08-21,2,0.0
2027-08-21,3,0.0
2027-08-21,4,0.0
2027-08-21,5,0.0
2027-08-21,6,0.01
2027-08-21,7,0.11
2027-08-21,8,0.68
2027-08-21,9,3.29
2027-08-21,10,12.14
2027-08-21,11,34.36
2027-08-21,12,74.45
2027-08-21,13,123.57
2027-08-21,14,157.09
2027-08-21,15,152.96
2027-08-21,16,114.07
2027-08-21,17,65.16
2027-08-21,18,28.51
2027-08-21,19,9.55
2027-08-21,20,2.45
2027-08-21,21,0.48
2027-08-21,22,0.07
2027-08-21,23,0.01
2027-08-21,24,0.0
2027-08-22,1,0.0
2027-08-22,2,0.0
2027-08-22,3,0.0
2027-08-22,4,0.0
2027-08-22,5,0.0
2027-08-22,6,0.01
2027-08-22,7,0.06
2027-08-22,8,0.38
2027-08-22,9,1.81
2027-08-22,10,6.69
2027-08-22,11,18.92
2027-08-22,12,40.99
2027-08-22,13,68.03
2027-08-22,14,86.49
2027-08-22,15,84.21
2027-08-22,16,62.8
2027-08-22,17,35.87
2027-08-22,18,15.7
2027-08-22,19,5.26
2027-08-22,20,1.35
2027-08-22,21,0.27
2027-08-22,22,0.04
2027-08-22,23,0.0
2027-08-22,24,0.0
2027-08-23,1,0.0
2027-08-23,2,0.0
2027-08-23,3,0.0
2027-08-23,4,0.0
2027-08-23,5,0.0
2027-08-23,6,0.01
2027-08-23,7,0.11
2027-08-23,8,0.72
2027-08-23,9,3.49
2027-08-23,10,12.89
2027-08-23,11,36.47
2027-08-23,12,79.02
2027-08-23,13,131.16
2027-08-23,14,166.73
2027-08-23,15,162.34
2027-08-23,16,121.07
2027-08-23,17,69.16
2027-08-23,18,30.26
2027-08-23,19,10.14
2027-08-23,20,2.6
2027-08-23,21,0.51
2027-08-23,22,0.08
2027-08-23,23,0.01
2027-08-23,24,0.0
2027-08-24,1,0.0
2027-08-24,2,0.0
2027-08-24,3,0.0
2027-08-24,4,0.0
2027-08-24,5,0.0
2027-08-24,6,0.01
2027-08-24,7,0.06
2027-08-24,8,0.39
2027-08-24,9,1.86
2027-08-24,10,6.87
2027-08-24,11,19.43
2027-08-24,12,42.1
2027-08-24,13,69.87
2027-08-24,14,88.82
2027-08-24,15,86.49
2027-08-24,16,64.5
2027-08-24,17,36.84
2027-08-24,18,16.12
2027-08-24,19,5.4
2027-08-24,20,1.39
2027-08-24,21,0.27
2027-08-24,22,0.04
2027-08-24,23,0.0
2027-08-24,24,0.0
2027-08-25,1,0.0
2027-08-25,2,0.0
2027-08-25,3,0.0
2027-08-25,4,0.0
2027-08-25,5,0.0
2027-08-25,6,0.01
2027-08-25,7,0.1
2027-08-25,8,0.63
2027-08-25,9,3.06
2027-08-25,10,11.29
2027-08-25,11,31.95
2027-08-25,12,69.24
2027-08-25,13,114.92
2027-08-25,14,146.09
2027-08-25,15,142.25
2027-08-25,16,106.09
2027-08-25,17,60.6
2027-08-25,18,26.51
2027-08-25,19,8.88
2027-08-25,20,2.28
2027-08-25,21,0.45
2027-08-25,22,0.07
2027-08-25,23,0.01
2027-08-25,24,0.0
2027-08-26,1,0.0
2027-08-26,2,0.0
2027-08-26,3,0.0
2027-08-26,4,0.0
2027-08-26,5,0.0
2027-08-26,6,0.01
2027-08-26,7,0.08
2027-08-26,8,0.51
2027-08-26,9,2.44
2027-08-26,10,9.01
2027-08-26,11,25.49
2027-08-26,12,55.24
2027-08-26,13,91.68
2027-08-26,14,116.55
2027-08-26,15,113.48
2027-08-26,16,84.63
2027-08-26,17,48.34
2027-08-26,18,21.15
2027-08-26,19,7.09
2027-08-26,20,1.82
2027-08-26,21,0.36
2027-08-26,22,0.05
2027-08-26,23,0.01
2027-08-26,24,0.0
2027-08-27,1,0.0
2027-08-27,2,0.0
2027-08-27,3,0.0
2027-08-27,4,0.0
2027-08-27,5,0.0
2027-08-27,6,0.01
2027-08-27,7,0.08
2027-08-27,8,0.48
2027-08-27,9,2.29
2027-08-27,10,8.47
2027-08-27,11,23.97
2027-08-27,12,51.95
2027-08-27,13,86.22
2027-08-27,14,109.61
2027-08-27,15,106.73
2027-08-27,16,79.59
2027-08-27,17,45.47
2027-08-27,18,19.89
2027-08-27,19,6.67
2027-08-27,20,1.71
2027-08-27,21,0.34
2027-08-27,22,0.05
2027-08-27,23,0.01
2027-08-27,24,0.0
2027-08-28,1,0.0
2027-08-28,2,0.0
2027-08-28,3,0.0
2027-08-28,4,0.0
2027-08-28,5,0.0
2027-08-28,6,0.01
2027-08-28,7,0.1
2027-08-28,8,0.64
2027-08-28,9,3.09
2027-08-28,10,11.41
2027-08-28,11,32.28
2027-08-28,12,69.94
2027-08-28,13,116.09
2027-08-28,14,147.58
2027-08-28,15,143.69
2027-08-28,16,107.16
2027-08-28,17,61.21
2027-08-28,18,26.78
2027-08-28,19,8.97
2027-08-28,20,2.3
2027-08-28,21,0.45
2027-08-28,22,0.07
2027-08-28,23,0.01
2027-08-28,24,0.0
2027-08-29,1,0.0
2027-08-29,2,0.0
2027-08-29,3,0.0
2027-08-29,4,0.0
2027-08-29,5,0.0
2027-08-29,6,0.01
2027-08-29,7,0.06
2027-08-29,8,0.36
2027-08-29,9,1.73
2027-08-29,10,6.39
2027-08-29,11,18.09
2027-08-29,12,39.2
2027-08-29,13,65.06
2027-08-29,14,82.7
2027-08-29,15,80.53
2027-08-29,16,60.06
2027-08-29,17,34.3
2027-08-29,18,15.01
2027-08-29,19,5.03
2027-08-29,20,1.29
2027-08-29,21,0.25
2027-08-29,22,0.04
2027-08-29,23,0.0
2027-08-29,24,0.0
2027-08-30,1,0.0
2027-08-30,2,0.0
2027-08-30,3,0.0
2027-08-30,4,0.0
2027-08-30,5,0.0
2027-08-30,6,0.01
2027-08-30,7,0.11
2027-08-30,8,0.69
2027-08-30,9,3.31
2027-08-30,10,12.22
2027-08-30,11,34.57
2027-08-30,12,74.92
2027-08-30,13,124.35
2027-08-30,14,158.07
2027-08-30,15,153.92
2027-08-30,16,114.79
2027-08-30,17,65.57
2027-08-30,18,28.69
2027-08-30,19,9.61
2027-08-30,20,2.47
2027-08-30,21,0.49
2027-08-30,22,0.07
2027-08-30,23,0.01
2027-08-30,24,0.0
2027-08-31,1,0.0
2027-08-31,2,0.0
2027-08-31,3,0.0
2027-08-31,4,0.0
2027-08-31,5,0.0
2027-08-31,6,0.01
2027-08-31,7,0.06
2027-08-31,8,0.36
2027-08-31,9,1.74
2027-08-31,10,6.42
2027-08-31,11,18.17
2027-08-31,12,39.38
2027-08-31,13,65.35
2027-08-31,14,83.08
2027-08-31,15,80.9
2027-08-31,16,60.33
2027-08-31,17,34.46
2027-08-31,18,15.08
2027-08-31,19,5.05
2027-08-31,20,1.3
2027-08-31,21,0.25
2027-08-31,22,0.04
2027-08-31,23,0.0
2027-08-31,24,0.0
2027-09-01,1,0.0
2027-09-01,2,0.0
2027-09-01,3,0.0
2027-09-01,4,0.0
2027-09-01,5,0.0
2027-09-01,6,0.01
2027-09-01,7,0.1
2027-09-01,8,0.61
2027-09-01,9,2.92
2027-09-01,10,10.8
2027-09-01,11,30.57
2027-09-01,12,66.23
2027-09-01,13,109.93
2027-09-01,14,139.75
2027-09-01,15,136.07
2027-09-01,16,101.48
2027-09-01,17,57.97
2027-09-01,18,25.36
2027-09-01,19,8.5
2027-09-01,20,2.18
2027-09-01,21,0.43
2027-09-01,22,0.06
2027-09-01,23,0.01
2027-09-01,24,0.0
2027-09-02,1,0.0
2027-09-02,2,0.0
2027-09-02,3,0.0
2027-09-02,4,0.0
2027-09-02,5,0.0
2027-09-02,6,0.01
2027-09-02,7,0.07
2027-09-02,8,0.47
2027-09-02,9,2.26
2027-09-02,10,8.36
2027-09-02,11,23.66
2027-09-02,12,51.28
2027-09-02,13,85.11
2027-09-02,14,108.2
2027-09-02,15,105.35
2027-09-02,16,78.57
2027-09-02,17,44.88
2027-09-02,18,19.64
2027-09-02,19,6.58
2027-09-02,20,1.69
2027-09-02,21,0.33
2027-09-02,22,0.05
2027-09-02,23,0.01
2027-09-02,24,0.0
2027-09-03,1,0.0
2027-09-03,2,0.0
2027-09-03,3,0.0
2027-09-03,4,0.0
2027-09-03,5,0.0
2027-09-03,6,0.01
2027-09-03,7,0.07
2027-09-03,8,0.46
2027-09-03,9,2.2
2027-09-03,10,8.14
2027-09-03,11,23.04
2027-09-03,12,49.92
2027-09-03,13,82.86
2027-09-03,14,105.33
2027-09-03,15,102.56
2027-09-03,16,76.49
2027-09-03,17,43.69
2027-09-03,18,19.11
2027-09-03,19,6.41
2027-09-03,20,1.64
2027-09-03,21,0.32
2027-09-03,22,0.05
2027-09-03,23,0.01
2027-09-03,24,0.0
2027-09-04,1,0.0
2027-09-04,2,0.0
2027-09-04,3,0.0
2027-09-04,4,0.0
2027-09-04,5,0.0
2027-09-04,6,0.01
2027-09-04,7,0.09
2027-09-04,8,0.6
2027-09-04,9,2.88
2027-09-04,10,10.65
2027-09-04,11,30.13
2027-09-04,12,65.29
2027-09-04,13,108.36
2027-09-04,14,137.75
2027-09-04,15,134.13
2027-09-04,16,100.03
2027-09-04,17,57.14
2027-09-04,18,25.0
2027-09-04,19,8.38
2027-09-04,20,2.15
2027-09-04,21,0.42
2027-09-04,22,0.06
2027-09-04,23,0.01
2027-09-04,24,0.0
2027-09-05,1,0.0
2027-09-05,2,0.0
2027-09-05,3,0.0
2027-09-05,4,0.0
2027-09-05,5,0.0
2027-09-05,6,0.01
2027-09-05,7,0.05
2027-09-05,8,0.34
2027-09-05,9,1.65
2027-09-05,10,6.08
2027-09-05,11,17.22
2027-09-05,12,37.3
2027-09-05,13,61.92
2027-09-05,14,78.71
2027-09-05,15,76.64
2027-09-05,16,57.16
2027-09-05,17,32.65
2027-09-05,18,14.28
2027-09-05,19,4.79
2027-09-05,20,1.23
2027-09-05,21,0.24
2027-09-05,22,0.04
2027-09-05,23,0.0
2027-09-05,24,0.0
2027-09-06,1,0.0
2027-09-06,2,0.0
2027-09-06,3,0.0
2027-09-06,4,0.0
2027-09-06,5,0.0
2027-09-06,6,0.01
2027-09-06,7,0.1
2027-09-06,8,0.65
2027-09-06,9,3.12
2027-09-06,10,11.51
2027-09-06,11,32.57
2027-09-06,12,70.57
2027-09-06,13,117.13
2027-09-06,14,148.91
2027-09-06,15,144.99
2027-09-06,16,108.13
2027-09-06,17,61.76
2027-09-06,18,27.02
2027-09-06,19,9.05
2027-09-06,20,2.32
2027-09-06,21,0.46
2027-09-06,22,0.07
2027-09-06,23,0.01
2027-09-06,24,0.0
2027-09-07,1,0.0
2027-09-07,2,0.0
2027-09-07,3,0.0
2027-09-07,4,0.0
2027-09-07,5,0.0
2027-09-07,6,0.01
2027-09-07,7,0.05
2027-09-07,8,0.34
2027-09-07,9,1.62
2027-09-07,10,5.98
2027-09-07,11,16.91
2027-09-07,12,36.65
2027-09-07,13,60.83
2027-09-07,14,77.33
2027-09-07,15,75.3
2027-09-07,16,56.16
2027-09-07,17,32.08
2027-09-07,18,14.03
2027-09-07,19,4.7
2027-09-07,20,1.21
2027-09-07,21,0.24
2027-09-07,22,0.04
2027-09-07,23,0.0
2027-09-07,24,0.0
2027-09-08,1,0.0
2027-09-08,2,0.0
2027-09-08,3,0.0
2027-09-08,4,0.0
2027-09-08,5,0.0
2027-09-08,6,0.01
2027-09-08,7,0.09
2027-09-08,8,0.58
2027-09-08,9,2.78
2027-09-08,10,10.27
2027-09-08,11,29.05
2027-09-08,12,62.96
2027-09-08,13,104.49
2027-09-08,14,132.84
2027-09-08,15,129.34
2027-09-08,16,96.46
2027-09-08,17,55.1
2027-09-08,18,24.11
2027-09-08,19,8.08
2027-09-08,20,2.07
2027-09-08,21,0.41
2027-09-08,22,0.06
2027-09-08,23,0.01
2027-09-08,24,0.0
2027-09-09,1,0.0
2027-09-09,2,0.0
2027-09-09,3,0.0
2027-09-09,4,0.0
2027-09-09,5,0.0
2027-09-09,6,0.01
2027-09-09,7,0.07
2027-09-09,8,0.43
2027-09-09,9,2.09
2027-09-09,10,7.72
2027-09-09,11,21.84
2027-09-09,12,47.33
2027-09-09,13,78.55
2027-09-09,14,99.86
2027-09-09,15,97.23
2027-09-09,16,72.51
2027-09-09,17,41.42
2027-09-09,18,18.12
2027-09-09,19,6.07
2027-09-09,20,1.56
2027-09-09,21,0.31
2027-09-09,22,0.05
2027-09-09,23,0.01
2027-09-09,24,0.0
2027-09-10,1,0.0
2027-09-10,2,0.0
2027-09-10,3,0.0
2027-09-10,4,0.0
2027-09-10,5,0.0
2027-09-10,6,0.01
2027-09-10,7,0.07
2027-09-10,8,0.44
2027-09-10,9,2.11
2027-09-10,10,7.78
2027-09-10,11,22.01
2027-09-10,12,47.69
2027-09-10,13,79.16
2027-09-10,14,100.63
2027-09-10,15,97.98
2027-09-10,16,73.07
2027-09-10,17,41.74
2027-09-10,18,18.26
2027-09-10,19,6.12
2027-09-10,20,1.57
2027-09-10,21,0.31
2027-09-10,22,0.05
2027-09-10,23,0.01
2027-09-10,24,0.0
2027-09-11,1,0.0
2027-09-11,2,0.0
2027-09-11,3,0.0
2027-09-11,4,0.0
2027-09-11,5,0.0
2027-09-11,6,0.01
2027-09-11,7,0.09
2027-09-11,8,0.55
2027-09-11,9,2.67
2027-09-11,10,9.88
2027-09-11,11,27.95
2027-09-11,12,60.56
2027-09-11,13,100.51
2027-09-11,14,127.78
2027-09-11,15,124.41
2027-09-11,16,92.78
2027-09-11,17,53.0
2027-09-11,18,23.19
2027-09-11,19,7.77
2027-09-11,20,1.99
2027-09-11,21,0.39
2027-09-11,22,0.06
2027-09-11,23,0.01
2027-09-11,24,0.0
2027-09-12,1,0.0
2027-09-12,2,0.0
2027-09-12,3,0.0
2027-09-12,4,0.0
2027-09-12,5,0.0
2027-09-12,6,0.01
2027-09-12,7,0.05
2027-09-12,8,0.32
2027-09-12,9,1.56
2027-09-12,10,5.76
2027-09-12,11,16.31
2027-09-12,12,35.33
2027-09-12,13,58.65
2027-09-12,14,74.55
2027-09-12,15,72.59
2027-09-12,16,54.14
2027-09-12,17,30.92
2027-09-12,18,13.53
2027-09-12,19,4.53
2027-09-12,20,1.16
2027-09-12,21,0.23
2027-09-12,22,0.03
2027-09-12,23,0.0
2027-09-12,24,0.0
2027-09-13,1,0.0
2027-09-13,2,0.0
2027-09-13,3,0.0
2027-09-13,4,0.0
2027-09-13,5,0.0
2027-09-13,6,0.01
2027-09-13,7,0.1
2027-09-13,8,0.6
2027-09-13,9,2.92
2027-09-13,10,10.77
2027-09-13,11,30.48
2027-09-13,12,66.06
2027-09-13,13,109.64
2027-09-13,14,139.37
2027-09-13,15,135.71
2027-09-13,16,101.21
2027-09-13,17,57.81
2027-09-13,18,25.29
2027-09-13,19,8.48
2027-09-13,20,2.18
2027-09-13,21,0.43
2027-09-13,22,0.06
2027-09-13,23,0.01
2027-09-13,24,0.0
2027-09-14,1,0.0
2027-09-14,2,0.0
2027-09-14,3,0.0
2027-09-14,4,0.0
2027-09-14,5,0.0
2027-09-14,6,0.01
2027-09-14,7,0.05
2027-09-14,8,0.31
2027-09-14,9,1.5
2027-09-14,10,5.54
2027-09-14,11,15.67
2027-09-14,12,33.95
2027-09-14,13,56.35
2027-09-14,14,71.64
2027-09-14,15,69.76
2027-09-14,16,52.02
2027-09-14,17,29.72
2027-09-14,18,13.0
2027-09-14,19,4.36
2027-09-14,20,1.12
2027-09-14,21,0.22
2027-09-14,22,0.03
2027-09-14,23,0.0
2027-09-14,24,0.0
2027-09-15,1,0.0
2027-09-15,2,0.0
2027-09-15,3,0.0
2027-09-15,4,0.0
2027-09-15,5,0.0
2027-09-15,6,0.01
2027-09-15,7,0.09
2027-09-15,8,0.54
2027-09-15,9,2.63
2027-09-15,10,9.7
2027-09-15,11,27.44
2027-09-15,12,59.47
2027-09-15,13,98.7
2027-09-15,14,125.48
2027-09-15,15,122.17
2027-09-15,16,91.11
2027-09-15,17,52.05
2027-09-15,18,22.77
2027-09-15,19,7.63
2027-09-15,20,1.96
2027-09-15,21,0.38
2027-09-15,22,0.06
2027-09-15,23,0.01
2027-09-15,24,0.0
2027-09-16,1,0.0
2027-09-16,2,0.0
2027-09-16,3,0.0
2027-09-16,4,0.0
2027-09-16,5,0.0
2027-09-16,6,0.01
2027-09-16,7,0.06
2027-09-16,8,0.4
2027-09-16,9,1.92
2027-09-16,10,7.08
2027-09-16,11,20.04
2027-09-16,12,43.42
2027-09-16,13,72.07
2027-09-16,14,91.62
2027-09-16,15,89.21
2027-09-16,16,66.53
2027-09-16,17,38.0
2027-09-16,18,16.63
2027-09-16,19,5.57
2027-09-16,20,1.43
2027-09-16,21,0.28
2027-09-16,22,0.04
2027-09-16,23,0.0
2027-09-16,24,0.0
2027-09-17,1,0.0
2027-09-17,2,0.0
2027-09-17,3,0.0
2027-09-17,4,0.0
2027-09-17,5,0.0
2027-09-17,6,0.01
2027-09-17,7,0.07
2027-09-17,8,0.41
2027-09-17,9,2.0
2027-09-17,10,7.39
2027-09-17,11,20.9
2027-09-17,12,45.3
2027-09-17,13,75.18
2027-09-17,14,95.58
2027-09-17,15,93.06
2027-09-17,16,69.4
2027-09-17,17,39.64
2027-09-17,18,17.34
2027-09-17,19,5.81
2027-09-17,20,1.49
2027-09-17,21,0.29
2027-09-17,22,0.04
2027-09-17,23,0.01
2027-09-17,24,0.0
2027-09-18,1,0.0
2027-09-18,2,0.0
2027-09-18,3,0.0
2027-09-18,4,0.0
2027-09-18,5,0.0
2027-09-18,6,0.01
2027-09-18,7,0.08
2027-09-18,8,0.51
2027-09-18,9,2.46
2027-09-18,10,9.11
2027-09-18,11,25.76
2027-09-18,12,55.82
2027-09-18,13,92.65
2027-09-18,14,117.78
2027-09-18,15,114.68
2027-09-18,16,85.53
2027-09-18,17,48.85
2027-09-18,18,21.37
2027-09-18,19,7.16
2027-09-18,20,1.84
2027-09-18,21,0.36
2027-09-18,22,0.05
2027-09-18,23,0.01
2027-09-18,24,0.0
2027-09-19,1,0.0
2027-09-19,2,0.0
2027-09-19,3,0.0
2027-09-19,4,0.0
2027-09-19,5,0.0
2027-09-19,6,0.01
2027-09-19,7,0.05
2027-09-19,8,0.3
2027-09-19,9,1.47
2027-09-19,10,5.43
2027-09-19,11,15.37
2027-09-19,12,33.31
2027-09-19,13,55.29
2027-09-19,14,70.28
2027-09-19,15,68.43
2027-09-19,16,51.03
2027-09-19,17,29.15
2027-09-19,18,12.75
2027-09-19,19,4.27
2027-09-19,20,1.1
2027-09-19,21,0.22
2027-09-19,22,0.03
2027-09-19,23,0.0
2027-09-19,24,0.0
2027-09-20,1,0.0
2027-09-20,2,0.0
2027-09-20,3,0.0
2027-09-20,4,0.0
2027-09-20,5,0.0
2027-09-20,6,0.01
2027-09-20,7,0.09
2027-09-20,8,0.56
2027-09-20,9,2.71
2027-09-20,10,10.02
2027-09-20,11,28.35
2027-09-20,12,61.44
2027-09-20,13,101.98
2027-09-20,14,129.64
2027-09-20,15,126.22
2027-09-20,16,94.13
2027-09-20,17,53.77
2027-09-20,18,23.52
2027-09-20,19,7.88
2027-09-20,20,2.02
2027-09-20,21,0.4
2027-09-20,22,0.06
2027-09-20,23,0.01
2027-09-20,24,0.0
2027-09-21,1,0.0
2027-09-21,2,0.0
2027-09-21,3,0.0
2027-09-21,4,0.0
2027-09-21,5,0.0
2027-09-21,6,0.01
2027-09-21,7,0.05
2027-09-21,8,0.29
2027-09-21,9,1.38
2027-09-21,10,5.11
2027-09-21,11,14.45
2027-09-21,12,31.31
2027-09-21,13,51.97
2027-09-21,14,66.07
2027-09-21,15,64.33
2027-09-21,16,47.97
2027-09-21,17,27.4
2027-09-21,18,11.99
2027-09-21,19,4.02
2027-09-21,20,1.03
2027-09-21,21,0.2
2027-09-21,22,0.03
2027-09-21,23,0.0
2027-09-21,24,0.0
2027-09-22,1,0.0
2027-09-22,2,0.0
2027-09-22,3,0.0
2027-09-22,4,0.0
2027-09-22,5,0.0
2027-09-22,6,0.01
2027-09-22,7,0.08
2027-09-22,8,0.51
2027-09-22,9,2.47
2027-09-22,10,9.11
2027-09-22,11,25.76
2027-09-22,12,55.83
2027-09-22,13,92.66
2027-09-22,14,117.79
2027-09-22,15,114.69
2027-09-22,16,85.54
2027-09-22,17,48.86
2027-09-22,18,21.38
2027-09-22,19,7.16
2027-09-22,20,1.84
2027-09-22,21,0.36
2027-09-22,22,0.05
2027-09-22,23,0.01
2027-09-22,24,0.0
2027-09-23,1,0.0
2027-09-23,2,0.0
2027-09-23,3,0.0
2027-09-23,4,0.0
2027-09-23,5,0.0
2027-09-23,6,0.01
2027-09-23,7,0.06
2027-09-23,8,0.36
2027-09-23,9,1.75
2027-09-23,10,6.46
2027-09-23,11,18.28
2027-09-23,12,39.62
2027-09-23,13,65.76
2027-09-23,14,83.6
2027-09-23,15,81.4
2027-09-23,16,60.7
2027-09-23,17,34.67
2027-09-23,18,15.17
2027-09-23,19,5.08
2027-09-23,20,1.3
2027-09-23,21,0.26
2027-09-23,22,0.04
2027-09-23,23,0.0
2027-09-23,24,0.0
2027-09-24,1,0.0
2027-09-24,2,0.0
2027-09-24,3,0.0
2027-09-24,4,0.0
2027-09-24,5,0.0
2027-09-24,6,0.01
2027-09-24,7,0.06
2027-09-24,8,0.39
2027-09-24,9,1.89
2027-09-24,10,6.98
2027-09-24,11,19.74
2027-09-24,12,42.78
2027-09-24,13,71.0
2027-09-24,14,90.26
2027-09-24,15,87.88
2027-09-24,16,65.54
2027-09-24,17,37.44
2027-09-24,18,16.38
2027-09-24,19,5.49
2027-09-24,20,1.41
2027-09-24,21,0.28
2027-09-24,22,0.04
2027-09-24,23,0.0
2027-09-24,24,0.0
2027-09-25,1,0.0
2027-09-25,2,0.0
2027-09-25,3,0.0
2027-09-25,4,0.0
2027-09-25,5,0.0
2027-09-25,6,0.01
2027-09-25,7,0.07
2027-09-25,8,0.47
2027-09-25,9,2.26
2027-09-25,10,8.34
2027-09-25,11,23.6
2027-09-25,12,51.15
2027-09-25,13,84.89
2027-09-25,14,107.92
2027-09-25,15,105.08
2027-09-25,16,78.36
2027-09-25,17,44.76
2027-09-25,18,19.58
2027-09-25,19,6.56
2027-09-25,20,1.68
2027-09-25,21,0.33
2027-09-25,22,0.05
2027-09-25,23,0.01
2027-09-25,24,0.0
2027-09-26,1,0.0
2027-09-26,2,0.0
2027-09-26,3,0.0
2027-09-26,4,0.0
2027-09-26,5,0.0
2027-09-26,6,0.01
2027-09-26,7,0.05
2027-09-26,8,0.29
2027-09-26,9,1.38
2027-09-26,10,5.1
2027-09-26,11,14.42
2027-09-26,12,31.26
2027-09-26,13,51.88
2027-09-26,14,65.95
2027-09-26,15,64.22
2027-09-26,16,47.89
2027-09-26,17,27.36
2027-09-26,18,11.97
2027-09-26,19,4.01
2027-09-26,20,1.03
2027-09-26,21,0.2
2027-09-26,22,0.03
2027-09-26,23,0.0
2027-09-26,24,0.0
2027-09-27,1,0.0
2027-09-27,2,0.0
2027-09-27,3,0.0
2027-09-27,4,0.0
2027-09-27,5,0.0
2027-09-27,6,0.01
2027-09-27,7,0.08
2027-09-27,8,0.52
2027-09-27,9,2.51
2027-09-27,10,9.26
2027-09-27,11,26.21
2027-09-27,12,56.8
2027-09-27,13,94.28
2027-09-27,14,119.85
2027-09-27,15,116.7
2027-09-27,16,87.03
2027-09-27,17,49.71
2027-09-27,18,21.75
2027-09-27,19,7.29
2027-09-27,20,1.87
2027-09-27,21,0.37
2027-09-27,22,0.06
2027-09-27,23,0.01
2027-09-27,24,0.0
2027-09-28,1,0.0
2027-09-28,2,0.0
2027-09-28,3,0.0
2027-09-28,4,0.0
2027-09-28,5,0.0
2027-09-28,6,0.01
2027-09-28,7,0.04
2027-09-28,8,0.26
2027-09-28,9,1.27
2027-09-28,10,4.69
2027-09-28,11,13.27
2027-09-28,12,28.75
2027-09-28,13,47.72
2027-09-28,14,60.66
2027-09-28,15,59.07
2027-09-28,16,44.05
2027-09-28,17,25.16
2027-09-28,18,11.01
2027-09-28,19,3.69
2027-09-28,20,0.95
2027-09-28,21,0.19
2027-09-28,22,0.03
2027-09-28,23,0.0
2027-09-28,24,0.0
2027-09-29,1,0.0
2027-09-29,2,0.0
2027-09-29,3,0.0
2027-09-29,4,0.0
2027-09-29,5,0.0
2027-09-29,6,0.01
2027-09-29,7,0.08
2027-09-29,8,0.48
2027-09-29,9,2.3
2027-09-29,10,8.5
2027-09-29,11,24.04
2027-09-29,12,52.1
2027-09-29,13,86.47
2027-09-29,14,109.93
2027-09-29,15,107.04
2027-09-29,16,79.83
2027-09-29,17,45.6
2027-09-29,18,19.95
2027-09-29,19,6.68
2027-09-29,20,1.72
2027-09-29,21,0.34
2027-09-29,22,0.05
2027-09-29,23,0.01
2027-09-29,24,0.0
2027-09-30,1,0.0
2027-09-30,2,0.0
2027-09-30,3,0.0
2027-09-30,4,0.0
2027-09-30,5,0.0
2027-09-30,6,0.01
2027-09-30,7,0.05
2027-09-30,8,0.33
2027-09-30,9,1.59
2027-09-30,10,5.87
2027-09-30,11,16.59
2027-09-30,12,35.96
2027-09-30,13,59.68
2027-09-30,14,75.87
2027-09-30,15,73.87
2027-09-30,16,55.09
2027-09-30,17,31.47
2027-09-30,18,13.77
2027-09-30,19,4.61
2027-09-30,20,1.18
2027-09-30,21,0.23
2027-09-30,22,0.04
2027-09-30,23,0.0
2027-09-30,24,0.0
2027-10-01,1,0.0
2027-10-01,2,0.0
2027-10-01,3,0.0
2027-10-01,4,0.0
2027-10-01,5,0.0
2027-10-01,6,0.01
2027-10-01,7,0.06
2027-10-01,8,0.37
2027-10-01,9,1.77
2027-10-01,10,6.55
2027-10-01,11,18.54
2027-10-01,12,40.18
2027-10-01,13,66.69
2027-10-01,14,84.78
2027-10-01,15,82.54
2027-10-01,16,61.56
2027-10-01,17,35.16
2027-10-01,18,15.38
2027-10-01,19,5.16
2027-10-01,20,1.32
2027-10-01,21,0.26
2027-10-01,22,0.04
2027-10-01,23,0.0
2027-10-01,24,0.0
2027-10-02,1,0.0
2027-10-02,2,0.0
2027-10-02,3,0.0
2027-10-02,4,0.0
2027-10-02,5,0.0
2027-10-02,6,0.01
2027-10-02,7,0.07
2027-10-02,8,0.43
2027-10-02,9,2.06
2027-10-02,10,7.6
2027-10-02,11,21.5
2027-10-02,12,46.6
2027-10-02,13,77.34
2027-10-02,14,98.32
2027-10-02,15,95.73
2027-10-02,16,71.39
2027-10-02,17,40.78
2027-10-02,18,17.84
2027-10-02,19,5.98
2027-10-02,20,1.53
2027-10-02,21,0.3
2027-10-02,22,0.05
2027-10-02,23,0.01
2027-10-02,24,0.0
2027-10-03,1,0.0
2027-10-03,2,0.0
2027-10-03,3,0.0
2027-10-03,4,0.0
2027-10-03,5,0.0
2027-10-03,6,0.01
2027-10-03,7,0.04
2027-10-03,8,0.27
2027-10-03,9,1.29
2027-10-03,10,4.76
2027-10-03,11,13.48
2027-10-03,12,29.2
2027-10-03,13,48.47
2027-10-03,14,61.62
2027-10-03,15,60.0
2027-10-03,16,44.75
2027-10-03,17,25.56
2027-10-03,18,11.18
2027-10-03,19,3.75
2027-10-03,20,0.96
2027-10-03,21,0.19
2027-10-03,22,0.03
2027-10-03,23,0.0
2027-10-03,24,0.0
2027-10-04,1,0.0
2027-10-04,2,0.0
2027-10-04,3,0.0
2027-10-04,4,0.0
2027-10-04,5,0.0
2027-10-04,6,0.01
2027-10-04,7,0.08
2027-10-04,8,0.48
2027-10-04,9,2.31
2027-10-04,10,8.52
2027-10-04,11,24.1
2027-10-04,12,52.22
2027-10-04,13,86.67
2027-10-04,14,110.17
2027-10-04,15,107.27
2027-10-04,16,80.0
2027-10-04,17,45.7
2027-10-04,18,19.99
2027-10-04,19,6.7
2027-10-04,20,1.72
2027-10-04,21,0.34
2027-10-04,22,0.05
2027-10-04,23,0.01
2027-10-04,24,0.0
2027-10-05,1,0.0
2027-10-05,2,0.0
2027-10-05,3,0.0
2027-10-05,4,0.0
2027-10-05,5,0.0
2027-10-05,6,0.0
2027-10-05,7,0.04
2027-10-05,8,0.24
2027-10-05,9,1.16
2027-10-05,10,4.29
2027-10-05,11,12.14
2027-10-05,12,26.3
2027-10-05,13,43.65
2027-10-05,14,55.49
2027-10-05,15,54.03
2027-10-05,16,40.29
2027-10-05,17,23.02
2027-10-05,18,10.07
2027-10-05,19,3.37
2027-10-05,20,0.87
2027-10-05,21,0.17
2027-10-05,22,0.03
2027-10-05,23,0.0
2027-10-05,24,0.0
2027-10-06,1,0.0
2027-10-06,2,0.0
2027-10-06,3,0.0
2027-10-06,4,0.0
2027-10-06,5,0.0
2027-10-06,6,0.01
2027-10-06,7,0.07
2027-10-06,8,0.44
2027-10-06,9,2.14
2027-10-06,10,7.89
2027-10-06,11,22.31
2027-10-06,12,48.36
2027-10-06,13,80.26
2027-10-06,14,102.03
2027-10-06,15,99.34
2027-10-06,16,74.09
2027-10-06,17,42.32
2027-10-06,18,18.51
2027-10-06,19,6.2
2027-10-06,20,1.59
2027-10-06,21,0.31
2027-10-06,22,0.05
2027-10-06,23,0.01
2027-10-06,24,0.0
2027-10-07,1,0.0
2027-10-07,2,0.0
2027-10-07,3,0.0
2027-10-07,4,0.0
2027-10-07,5,0.0
2027-10-07,6,0.01
2027-10-07,7,0.05
2027-10-07,8,0.3
2027-10-07,9,1.43
2027-10-07,10,5.3
2027-10-07,11,14.99
2027-10-07,12,32.48
2027-10-07,13,53.91
2027-10-07,14,68.53
2027-10-07,15,66.73
2027-10-07,16,49.76
2027-10-07,17,28.43
2027-10-07,18,12.44
2027-10-07,19,4.17
2027-10-07,20,1.07
2027-10-07,21,0.21
2027-10-07,22,0.03
2027-10-07,23,0.0
2027-10-07,24,0.0
2027-10-08,1,0.0
2027-10-08,2,0.0
2027-10-08,3,0.0
2027-10-08,4,0.0
2027-10-08,5,0.0
2027-10-08,6,0.01
2027-10-08,7,0.05
2027-10-08,8,0.34
2027-10-08,9,1.66
2027-10-08,10,6.12
2027-10-08,11,17.33
2027-10-08,12,37.55
2027-10-08,13,62.32
2027-10-08,14,79.23
2027-10-08,15,77.14
2027-10-08,16,57.53
2027-10-08,17,32.86
2027-10-08,18,14.38
2027-10-08,19,4.82
2027-10-08,20,1.24
2027-10-08,21,0.24
2027-10-08,22,0.04
2027-10-08,23,0.0
2027-10-08,24,0.0
2027-10-09,1,0.0
2027-10-09,2,0.0
2027-10-09,3,0.0
2027-10-09,4,0.0
2027-10-09,5,0.0
2027-10-09,6,0.01
2027-10-09,7,0.06
2027-10-09,8,0.39
2027-10-09,9,1.86
2027-10-09,10,6.89
2027-10-09,11,19.49
2027-10-09,12,42.23
2027-10-09,13,70.09
2027-10-09,14,89.11
2027-10-09,15,86.76
2027-10-09,16,64.7
2027-10-09,17,36.96
2027-10-09,18,16.17
2027-10-09,19,5.42
2027-10-09,20,1.39
2027-10-09,21,0.27
2027-10-09,22,0.04
2027-10-09,23,0.0
2027-10-09,24,0.0
2027-10-10,1,0.0
2027-10-10,2,0.0
2027-10-10,3,0.0
2027-10-10,4,0.0
2027-10-10,5,0.0
2027-10-10,6,0.0
2027-10-10,7,0.04
2027-10-10,8,0.25
2027-10-10,9,1.2
2027-10-10,10,4.43
2027-10-10,11,12.54
2027-10-10,12,27.18
2027-10-10,13,45.12
2027-10-10,14,57.35
2027-10-10,15,55.84
2027-10-10,16,41.65
2027-10-10,17,23.79
2027-10-10,18,10.41
2027-10-10,19,3.49
2027-10-10,20,0.9
2027-10-10,21,0.18
2027-10-10,22,0.03
2027-10-10,23,0.0
2027-10-10,24,0.0
2027-10-11,1,0.0
2027-10-11,2,0.0
2027-10-11,3,0.0
2027-10-11,4,0.0
2027-10-11,5,0.0
2027-10-11,6,0.01
2027-10-11,7,0.07
2027-10-11,8,0.44
2027-10-11,9,2.11
2027-10-11,10,7.79
2027-10-11,11,22.04
2027-10-11,12,47.75
2027-10-11,13,79.26
2027-10-11,14,100.76
2027-10-11,15,98.11
2027-10-11,16,73.17
2027-10-11,17,41.79
2027-10-11,18,18.28
2027-10-11,19,6.13
2027-10-11,20,1.57
2027-10-11,21,0.31
2027-10-11,22,0.05
2027-10-11,23,0.01
2027-10-11,24,0.0
2027-10-12,1,0.0
2027-10-12,2,0.0
2027-10-12,3,0.0
2027-10-12,4,0.0
2027-10-12,5,0.0
2027-10-12,6,0.0
2027-10-12,7,0.03
2027-10-12,8,0.22
2027-10-12,9,1.06
2027-10-12,10,3.91
2027-10-12,11,11.06
2027-10-12,12,23.98
2027-10-12,13,39.8
2027-10-12,14,50.59
2027-10-12,15,49.26
2027-10-12,16,36.74
2027-10-12,17,20.98
2027-10-12,18,9.18
2027-10-12,19,3.08
2027-10-12,20,0.79
2027-10-12,21,0.16
2027-10-12,22,0.02
2027-10-12,23,0.0
2027-10-12,24,0.0
2027-10-13,1,0.0
2027-10-13,2,0.0
2027-10-13,3,0.0
2027-10-13,4,0.0
2027-10-13,5,0.0
2027-10-13,6,0.01
2027-10-13,7,0.06
2027-10-13,8,0.41
2027-10-13,9,1.97
2027-10-13,10,7.28
2027-10-13,11,20.61
2027-10-13,12,44.66
2027-10-13,13,74.12
2027-10-13,14,94.23
2027-10-13,15,91.75
2027-10-13,16,68.43
2027-10-13,17,39.09
2027-10-13,18,17.1
2027-10-13,19,5.73
2027-10-13,20,1.47
2027-10-13,21,0.29
2027-10-13,22,0.04
2027-10-13,23,0.01
2027-10-13,24,0.0
2027-10-14,1,0.0
2027-10-14,2,0.0
2027-10-14,3,0.0
2027-10-14,4,0.0
2027-10-14,5,0.0
2027-10-14,6,0.01
2027-10-14,7,0.04
2027-10-14,8,0.27
2027-10-14,9,1.29
2027-10-14,10,4.77
2027-10-14,11,13.48
2027-10-14,12,29.22
2027-10-14,13,48.5
2027-10-14,14,61.65
2027-10-14,15,60.03
2027-10-14,16,44.77
2027-10-14,17,25.57
2027-10-14,18,11.19
2027-10-14,19,3.75
2027-10-14,20,0.96
2027-10-14,21,0.19
2027-10-14,22,0.03
2027-10-14,23,0.0
2027-10-14,24,0.0
2027-10-15,1,0.0
2027-10-15,2,0.0
2027-10-15,3,0.0
2027-10-15,4,0.0
2027-10-15,5,0.0
2027-10-15,6,0.01
2027-10-15,7,0.05
2027-10-15,8,0.32
2027-10-15,9,1.54
2027-10-15,10,5.7
2027-10-15,11,16.12
2027-10-15,12,34.94
2027-10-15,13,57.99
2027-10-15,14,73.72
2027-10-15,15,71.78
2027-10-15,16,53.53
2027-10-15,17,30.58
2027-10-15,18,13.38
2027-10-15,19,4.48
2027-10-15,20,1.15
2027-10-15,21,0.23
2027-10-15,22,0.03
2027-10-15,23,0.0
2027-10-15,24,0.0
2027-10-16,1,0.0
2027-10-16,2,0.0
2027-10-16,3,0.0
2027-10-16,4,0.0
2027-10-16,5,0.0
2027-10-16,6,0.01
2027-10-16,7,0.06
2027-10-16,8,0.35
2027-10-16,9,1.68
2027-10-16,10,6.22
2027-10-16,11,17.58
2027-10-16,12,38.11
2027-10-16,13,63.25
2027-10-16,14,80.4
2027-10-16,15,78.29
2027-10-16,16,58.38
2027-10-16,17,33.35
2027-10-16,18,14.59
2027-10-16,19,4.89
2027-10-16,20,1.25
2027-10-16,21,0.25
2027-10-16,22,0.04
2027-10-16,23,0.0
2027-10-16,24,0.0
2027-10-17,1,0.0
2027-10-17,2,0.0
2027-10-17,3,0.0
2027-10-17,4,0.0
2027-10-17,5,0.0
2027-10-17,6,0.0
2027-10-17,7,0.04
2027-10-17,8,0.23
2027-10-17,9,1.11
2027-10-17,10,4.11
2027-10-17,11,11.64
2027-10-17,12,25.22
2027-10-17,13,41.86
2027-10-17,14,53.21
2027-10-17,15,51.81
2027-10-17,16,38.64
2027-10-17,17,22.07
2027-10-17,18,9.66
2027-10-17,19,3.24
2027-10-17,20,0.83
2027-10-17,21,0.16
2027-10-17,22,0.02
2027-10-17,23,0.0
2027-10-17,24,0.0
2027-10-18,1,0.0
2027-10-18,2,0.0
2027-10-18,3,0.0
2027-10-18,4,0.0
2027-10-18,5,0.0
2027-10-18,6,0.01
2027-10-18,7,0.06
2027-10-18,8,0.4
2027-10-18,9,1.92
2027-10-18,10,7.09
2027-10-18,11,20.07
2027-10-18,12,43.49
2027-10-18,13,72.18
2027-10-18,14,91.76
2027-10-18,15,89.34
2027-10-18,16,66.63
2027-10-18,17,38.06
2027-10-18,18,16.65
2027-10-18,19,5.58
2027-10-18,20,1.43
2027-10-18,21,0.28
2027-10-18,22,0.04
2027-10-18,23,0.0
2027-10-18,24,0.0
2027-10-19,1,0.0
2027-10-19,2,0.0
2027-10-19,3,0.0
2027-10-19,4,0.0
2027-10-19,5,0.0
2027-10-19,6,0.0
2027-10-19,7,0.03
2027-10-19,8,0.2
2027-10-19,9,0.96
2027-10-19,10,3.56
2027-10-19,11,10.07
2027-10-19,12,21.81
2027-10-19,13,36.2
2027-10-19,14,46.02
2027-10-19,15,44.81
2027-10-19,16,33.42
2027-10-19,17,19.09
2027-10-19,18,8.35
2027-10-19,19,2.8
2027-10-19,20,0.72
2027-10-19,21,0.14
2027-10-19,22,0.02
2027-10-19,23,0.0
2027-10-19,24,0.0
2027-10-20,1,0.0
2027-10-20,2,0.0
2027-10-20,3,0.0
2027-10-20,4,0.0
2027-10-20,5,0.0
2027-10-20,6,0.01
2027-10-20,7,0.06
2027-10-20,8,0.38
2027-10-20,9,1.81
2027-10-20,10,6.7
2027-10-20,11,18.96
2027-10-20,12,41.08
2027-10-20,13,68.19
2027-10-20,14,86.69
2027-10-20,15,84.41
2027-10-20,16,62.95
2027-10-20,17,35.96
2027-10-20,18,15.73
2027-10-20,19,5.27
2027-10-20,20,1.35
2027-10-20,21,0.27
2027-10-20,22,0.04
2027-10-20,23,0.0
2027-10-20,24,0.0
2027-10-21,1,0.0
2027-10-21,2,0.0
2027-10-21,3,0.0
2027-10-21,4,0.0
2027-10-21,5,0.0
2027-10-21,6,0.0
2027-10-21,7,0.04
2027-10-21,8,0.24
2027-10-21,9,1.16
2027-10-21,10,4.27
2027-10-21,11,12.09
2027-10-21,12,26.21
2027-10-21,13,43.5
2027-10-21,14,55.29
2027-10-21,15,53.84
2027-10-21,16,40.15
2027-10-21,17,22.93
2027-10-21,18,10.03
2027-10-21,19,3.36
2027-10-21,20,0.86
2027-10-21,21,0.17
2027-10-21,22,0.03
2027-10-21,23,0.0
2027-10-21,24,0.0
2027-10-22,1,0.0
2027-10-22,2,0.0
2027-10-22,3,0.0
2027-10-22,4,0.0
2027-10-22,5,0.0
2027-10-22,6,0.01
2027-10-22,7,0.05
2027-10-22,8,0.3
2027-10-22,9,1.43
2027-10-22,10,5.28
2027-10-22,11,14.95
2027-10-22,12,32.4
2027-10-22,13,53.78
2027-10-22,14,68.37
2027-10-22,15,66.57
2027-10-22,16,49.64
2027-10-22,17,28.36
2027-10-22,18,12.41
2027-10-22,19,4.16
2027-10-22,20,1.07
2027-10-22,21,0.21
2027-10-22,22,0.03
2027-10-22,23,0.0
2027-10-22,24,0.0
2027-10-23,1,0.0
2027-10-23,2,0.0
2027-10-23,3,0.0
2027-10-23,4,0.0
2027-10-23,5,0.0
2027-10-23,6,0.01
2027-10-23,7,0.05
2027-10-23,8,0.31
2027-10-23,9,1.51
2027-10-23,10,5.59
2027-10-23,11,15.81
2027-10-23,12,34.27
2027-10-23,13,56.88
2027-10-23,14,72.31
2027-10-23,15,70.41
2027-10-23,16,52.51
2027-10-23,17,29.99
2027-10-23,18,13.12
2027-10-23,19,4.4
2027-10-23,20,1.13
2027-10-23,21,0.22
2027-10-23,22,0.03
2027-10-23,23,0.0
2027-10-23,24,0.0
2027-10-24,1,0.0
2027-10-24,2,0.0
2027-10-24,3,0.0
2027-10-24,4,0.0
2027-10-24,5,0.0
2027-10-24,6,0.0
2027-10-24,7,0.03
2027-10-24,8,0.21
2027-10-24,9,1.03
2027-10-24,10,3.81
2027-10-24,11,10.78
2027-10-24,12,23.35
2027-10-24,13,38.76
2027-10-24,14,49.27
2027-10-24,15,47.98
2027-10-24,16,35.78
2027-10-24,17,20.44
2027-10-24,18,8.94
2027-10-24,19,3.0
2027-10-24,20,0.77
2027-10-24,21,0.15
2027-10-24,22,0.02
2027-10-24,23,0.0
2027-10-24,24,0.0
2027-10-25,1,0.0
2027-10-25,2,0.0
2027-10-25,3,0.0
2027-10-25,4,0.0
2027-10-25,5,0.0
2027-10-25,6,0.01
2027-10-25,7,0.06
2027-10-25,8,0.36
2027-10-25,9,1.74
2027-10-25,10,6.44
2027-10-25,11,18.22
2027-10-25,12,39.48
2027-10-25,13,65.53
2027-10-25,14,83.3
2027-10-25,15,81.11
2027-10-25,16,60.49
2027-10-25,17,34.55
2027-10-25,18,15.12
2027-10-25,19,5.07
2027-10-25,20,1.3
2027-10-25,21,0.26
2027-10-25,22,0.04
2027-10-25,23,0.0
2027-10-25,24,0.0
2027-10-26,1,0.0
2027-10-26,2,0.0
2027-10-26,3,0.0
2027-10-26,4,0.0
2027-10-26,5,0.0
2027-10-26,6,0.0
2027-10-26,7,0.03
2027-10-26,8,0.18
2027-10-26,9,0.88
2027-10-26,10,3.23
2027-10-26,11,9.15
2027-10-26,12,19.82
2027-10-26,13,32.9
2027-10-26,14,41.82
2027-10-26,15,40.72
2027-10-26,16,30.37
2027-10-26,17,17.35
2027-10-26,18,7.59
2027-10-26,19,2.54
2027-10-26,20,0.65
2027-10-26,21,0.13
2027-10-26,22,0.02
2027-10-26,23,0.0
2027-10-26,24,0.0
2027-10-27,1,0.0
2027-10-27,2,0.0
2027-10-27,3,0.0
2027-10-27,4,0.0
2027-10-27,5,0.0
2027-10-27,6,0.01
2027-10-27,7,0.05
2027-10-27,8,0.35
2027-10-27,9,1.66
2027-10-27,10,6.15
2027-10-27,11,17.4
2027-10-27,12,37.7
2027-10-27,13,62.57
2027-10-27,14,79.54
2027-10-27,15,77.44
2027-10-27,16,57.76
2027-10-27,17,32.99
2027-10-27,18,14.43
2027-10-27,19,4.84
2027-10-27,20,1.24
2027-10-27,21,0.24
2027-10-27,22,0.04
2027-10-27,23,0.0
2027-10-27,24,0.0
2027-10-28,1,0.0
2027-10-28,2,0.0
2027-10-28,3,0.0
2027-10-28,4,0.0
2027-10-28,5,0.0
2027-10-28,6,0.0
2027-10-28,7,0.03
2027-10-28,8,0.21
2027-10-28,9,1.04
2027-10-28,10,3.83
2027-10-28,11,10.83
2027-10-28,12,23.47
2027-10-28,13,38.95
2027-10-28,14,49.51
2027-10-28,15,48.21
2027-10-28,16,35.95
2027-10-28,17,20.54
2027-10-28,18,8.99
2027-10-28,19,3.01
2027-10-28,20,0.77
2027-10-28,21,0.15
2027-10-28,22,0.02
2027-10-28,23,0.0
2027-10-28,24,0.0
2027-10-29,1,0.0
2027-10-29,2,0.0
2027-10-29,3,0.0
2027-10-29,4,0.0
2027-10-29,5,0.0
2027-10-29,6,0.01
2027-10-29,7,0.04
2027-10-29,8,0.27
2027-10-29,9,1.32
2027-10-29,10,4.89
2027-10-29,11,13.84
2027-10-29,12,29.99
2027-10-29,13,49.78
2027-10-29,14,63.28
2027-10-29,15,61.61
2027-10-29,16,45.95
2027-10-29,17,26.25
2027-10-29,18,11.48
2027-10-29,19,3.85
2027-10-29,20,0.99
2027-10-29,21,0.19
2027-10-29,22,0.03
2027-10-29,23,0.0
2027-10-29,24,0.0
2027-10-30,1,0.0
2027-10-30,2,0.0
2027-10-30,3,0.0
2027-10-30,4,0.0
2027-10-30,5,0.0
2027-10-30,6,0.01
2027-10-30,7,0.04
2027-10-30,8,0.28
2027-10-30,9,1.36
2027-10-30,10,5.02
2027-10-30,11,14.2
2027-10-30,12,30.77
2027-10-30,13,51.06
2027-10-30,14,64.91
2027-10-30,15,63.21
2027-10-30,16,47.14
2027-10-30,17,26.93
2027-10-30,18,11.78
2027-10-30,19,3.95
2027-10-30,20,1.01
2027-10-30,21,0.2
2027-10-30,22,0.03
2027-10-30,23,0.0
2027-10-30,24,0.0
2027-10-31,1,0.0
2027-10-31,2,0.0
2027-10-31,3,0.0
2027-10-31,4,0.0
2027-10-31,5,0.0
2027-10-31,6,0.0
2027-10-31,7,0.0
2027-10-31,8,0.03
2027-10-31,9,0.2
2027-10-31,10,0.95
2027-10-31,11,3.53
2027-10-31,12,9.97
2027-10-31,13,21.61
2027-10-31,14,35.87
2027-10-31,15,45.6
2027-10-31,16,44.4
2027-10-31,17,33.11
2027-10-31,18,18.91
2027-10-31,19,8.27
2027-10-31,20,2.77
2027-10-31,21,0.71
2027-10-31,22,0.14
2027-10-31,23,0.02
2027-10-31,24,0.0
2027-10-31,25,0.0
2027-11-01,1,0.0
2027-11-01,2,0.0
2027-11-01,3,0.0
2027-11-01,4,0.0
2027-11-01,5,0.0
2027-11-01,6,0.01
2027-11-01,7,0.05
2027-11-01,8,0.33
2027-11-01,9,1.58
2027-11-01,10,5.84
2027-11-01,11,16.52
2027-11-01,12,35.79
2027-11-01,13,59.4
2027-11-01,14,75.52
2027-11-01,15,73.53
2027-11-01,16,54.84
2027-11-01,17,31.32
2027-11-01,18,13.7
2027-11-01,19,4.59
2027-11-01,20,1.18
2027-11-01,21,0.23
2027-11-01,22,0.03
2027-11-01,23,0.0
2027-11-01,24,0.0
2027-11-02,1,0.0
2027-11-02,2,0.0
2027-11-02,3,0.0
2027-11-02,4,0.0
2027-11-02,5,0.0
2027-11-02,6,0.0
2027-11-02,7,0.03
2027-11-02,8,0.17
2027-11-02,9,0.8
2027-11-02,10,2.94
2027-11-02,11,8.32
2027-11-02,12,18.03
2027-11-02,13,29.92
2027-11-02,14,38.03
2027-11-02,15,37.03
2027-11-02,16,27.62
2027-11-02,17,15.78
2027-11-02,18,6.9
2027-11-02,19,2.31
2027-11-02,20,0.59
2027-11-02,21,0.12
2027-11-02,22,0.02
2027-11-02,23,0.0
2027-11-02,24,0.0
2027-11-03,1,0.0
2027-11-03,2,0.0
2027-11-03,3,0.0
2027-11-03,4,0.0
2027-11-03,5,0.0
2027-11-03,6,0.01
2027-11-03,7,0.05
2027-11-03,8,0.32
2027-11-03,9,1.53
2027-11-03,10,5.64
2027-11-03,11,15.95
2027-11-03,12,34.56
2027-11-03,13,57.36
2027-11-03,14,72.92
2027-11-03,15,71.0
2027-11-03,16,52.95
2027-11-03,17,30.24
2027-11-03,18,13.23
2027-11-03,19,4.43
2027-11-03,20,1.14
2027-11-03,21,0.22
2027-11-03,22,0.03
2027-11-03,23,0.0
2027-11-03,24,0.0
2027-11-04,1,0.0
2027-11-04,2,0.0
2027-11-04,3,0.0
2027-11-04,4,0.0
2027-11-04,5,0.0
2027-11-04,6,0.0
2027-11-04,7,0.03
2027-11-04,8,0.19
2027-11-04,9,0.93
2027-11-04,10,3.43
2027-11-04,11,9.7
2027-11-04,12,21.02
2027-11-04,13,34.89
2027-11-04,14,44.36
2027-11-04,15,43.19
2027-11-04,16,32.21
2027-11-04,17,18.4
2027-11-04,18,8.05
2027-11-04,19,2.7
2027-11-04,20,0.69
2027-11-04,21,0.14
2027-11-04,22,0.02
2027-11-04,23,0.0
2027-11-04,24,0.0
2027-11-05,1,0.0
2027-11-05,2,0.0
2027-11-05,3,0.0
2027-11-05,4,0.0
2027-11-05,5,0.0
2027-11-05,6,0.0
2027-11-05,7,0.04
2027-11-05,8,0.25
2027-11-05,9,1.23
2027-11-05,10,4.53
2027-11-05,11,12.81
2027-11-05,12,27.76
2027-11-05,13,46.08
2027-11-05,14,58.58
2027-11-05,15,57.03
2027-11-05,16,42.53
2027-11-05,17,24.3
2027-11-05,18,10.63
2027-11-05,19,3.56
2027-11-05,20,0.91
2027-11-05,21,0.18
2027-11-05,22,0.03
2027-11-05,23,0.0
2027-11-05,24,0.0
2027-11-06,1,0.0
2027-11-06,2,0.0
2027-11-06,3,0.0
2027-11-06,4,0.0
2027-11-06,5,0.0
2027-11-06,6,0.0
2027-11-06,7,0.04
2027-11-06,8,0.25
2027-11-06,9,1.22
2027-11-06,10,4.51
2027-11-06,11,12.75
2027-11-06,12,27.63
2027-11-06,13,45.86
2027-11-06,14,58.29
2027-11-06,15,56.76
2027-11-06,16,42.33
2027-11-06,17,24.18
2027-11-06,18,10.58
2027-11-06,19,3.54
2027-11-06,20,0.91
2027-11-06,21,0.18
2027-11-06,22,0.03
2027-11-06,23,0.0
2027-11-06,24,0.0
2027-11-07,1,0.0
2027-11-07,2,0.0
2027-11-07,3,0.0
2027-11-07,4,0.0
2027-11-07,5,0.0
2027-11-07,6,0.0
2027-11-07,7,0.03
2027-11-07,8,0.18
2027-11-07,9,0.88
2027-11-07,10,3.27
2027-11-07,11,9.24
2027-11-07,12,20.03
2027-11-07,13,33.25
2027-11-07,14,42.27
2027-11-07,15,41.15
2027-11-07,16,30.69
2027-11-07,17,17.53
2027-11-07,18,7.67
2027-11-07,19,2.57
2027-11-07,20,0.66
2027-11-07,21,0.13
2027-11-07,22,0.02
2027-11-07,23,0.0
2027-11-07,24,0.0
2027-11-08,1,0.0
2027-11-08,2,0.0
2027-11-08,3,0.0
2027-11-08,4,0.0
2027-11-08,5,0.0
2027-11-08,6,0.01
2027-11-08,7,0.05
2027-11-08,8,0.3
2027-11-08,9,1.43
2027-11-08,10,5.3
2027-11-08,11,14.99
2027-11-08,12,32.47
2027-11-08,13,53.9
2027-11-08,14,68.52
2027-11-08,15,66.71
2027-11-08,16,49.75
2027-11-08,17,28.42
2027-11-08,18,12.43
2027-11-08,19,4.17
2027-11-08,20,1.07
2027-11-08,21,0.21
2027-11-08,22,0.03
2027-11-08,23,0.0
2027-11-08,24,0.0
2027-11-09,1,0.0
2027-11-09,2,0.0
2027-11-09,3,0.0
2027-11-09,4,0.0
2027-11-09,5,0.0
2027-11-09,6,0.0
2027-11-09,7,0.02
2027-11-09,8,0.15
2027-11-09,9,0.73
2027-11-09,10,2.68
2027-11-09,11,7.59
2027-11-09,12,16.44
2027-11-09,13,27.29
2027-11-09,14,34.7
2027-11-09,15,33.79
2027-11-09,16,25.2
2027-11-09,17,14.39
2027-11-09,18,6.3
2027-11-09,19,2.11
2027-11-09,20,0.54
2027-11-09,21,0.11
2027-11-09,22,0.02
2027-11-09,23,0.0
2027-11-09,24,0.0
2027-11-10,1,0.0
2027-11-10,2,0.0
2027-11-10,3,0.0
2027-11-10,4,0.0
2027-11-10,5,0.0
2027-11-10,6,0.01
2027-11-10,7,0.05
2027-11-10,8,0.29
2027-11-10,9,1.4
2027-11-10,10,5.18
2027-11-10,11,14.64
2027-11-10,12,31.73
2027-11-10,13,52.67
2027-11-10,14,66.96
2027-11-10,15,65.19
2027-11-10,16,48.62
2027-11-10,17,27.77
2027-11-10,18,12.15
2027-11-10,19,4.07
2027-11-10,20,1.05
2027-11-10,21,0.21
2027-11-10,22,0.03
2027-11-10,23,0.0
2027-11-10,24,0.0
2027-11-11,1,0.0
2027-11-11,2,0.0
2027-11-11,3,0.0
2027-11-11,4,0.0
2027-11-11,5,0.0
2027-11-11,6,0.0
2027-11-11,7,0.03
2027-11-11,8,0.17
2027-11-11,9,0.83
2027-11-11,10,3.08
2027-11-11,11,8.72
2027-11-11,12,18.89
2027-11-11,13,31.35
2027-11-11,14,39.85
2027-11-11,15,38.81
2027-11-11,16,28.94
2027-11-11,17,16.53
2027-11-11,18,7.23
2027-11-11,19,2.42
2027-11-11,20,0.62
2027-11-11,21,0.12
2027-11-11,22,0.02
2027-11-11,23,0.0
2027-11-11,24,0.0
2027-11-12,1,0.0
2027-11-12,2,0.0
2027-11-12,3,0.0
2027-11-12,4,0.0
2027-11-12,5,0.0
2027-11-12,6,0.0
2027-11-12,7,0.04
2027-11-12,8,0.24
2027-11-12,9,1.14
2027-11-12,10,4.2
2027-11-12,11,11.89
2027-11-12,12,25.77
2027-11-12,13,42.76
2027-11-12,14,54.36
2027-11-12,15,52.93
2027-11-12,16,39.48
2027-11-12,17,22.55
2027-11-12,18,9.87
2027-11-12,19,3.31
2027-11-12,20,0.85
2027-11-12,21,0.17
2027-11-12,22,0.03
2027-11-12,23,0.0
2027-11-12,24,0.0
2027-11-13,1,0.0
2027-11-13,2,0.0
2027-11-13,3,0.0
2027-11-13,4,0.0
2027-11-13,5,0.0
2027-11-13,6,0.0
2027-11-13,7,0.04
2027-11-13,8,0.23
2027-11-13,9,1.1
2027-11-13,10,4.06
2027-11-13,11,11.48
2027-11-13,12,24.89
2027-11-13,13,41.31
2027-11-13,14,52.51
2027-11-13,15,51.13
2027-11-13,16,38.13
2027-11-13,17,21.78
2027-11-13,18,9.53
2027-11-13,19,3.19
2027-11-13,20,0.82
2027-11-13,21,0.16
2027-11-13,22,0.02
2027-11-13,23,0.0
2027-11-13,24,0.0
2027-11-14,1,0.0
2027-11-14,2,0.0
2027-11-14,3,0.0
2027-11-14,4,0.0
2027-11-14,5,0.0
2027-11-14,6,0.0
2027-11-14,7,0.03
2027-11-14,8,0.17
2027-11-14,9,0.82
2027-11-14,10,3.04
2027-11-14,11,8.61
2027-11-14,12,18.65
2027-11-14,13,30.95
2027-11-14,14,39.35
2027-11-14,15,38.31
2027-11-14,16,28.57
2027-11-14,17,16.32
2027-11-14,18,7.14
2027-11-14,19,2.39
2027-11-14,20,0.61
2027-11-14,21,0.12
2027-11-14,22,0.02
2027-11-14,23,0.0
2027-11-14,24,0.0
2027-11-15,1,0.0
2027-11-15,2,0.0
2027-11-15,3,0.0
2027-11-15,4,0.0
2027-11-15,5,0.0
2027-11-15,6,0.01
2027-11-15,7,0.04
2027-11-15,8,0.27
2027-11-15,9,1.31
2027-11-15,10,4.82
2027-11-15,11,13.65
2027-11-15,12,29.57
2027-11-15,13,49.09
2027-11-15,14,62.4
2027-11-15,15,60.76
2027-11-15,16,45.31
2027-11-15,17,25.88
2027-11-15,18,11.32
2027-11-15,19,3.79
2027-11-15,20,0.97
2027-11-15,21,0.19
2027-11-15,22,0.03
2027-11-15,23,0.0
2027-11-15,24,0.0
2027-11-16,1,0.0
2027-11-16,2,0.0
2027-11-16,3,0.0
2027-11-16,4,0.0
2027-11-16,5,0.0
2027-11-16,6,0.0
2027-11-16,7,0.02
2027-11-16,8,0.14
2027-11-16,9,0.67
2027-11-16,10,2.46
2027-11-16,11,6.97
2027-11-16,12,15.09
2027-11-16,13,25.05
2027-11-16,14,31.85
2027-11-16,15,31.01
2027-11-16,16,23.13
2027-11-16,17,13.21
2027-11-16,18,5.78
2027-11-16,19,1.94
2027-11-16,20,0.5
2027-11-16,21,0.1
2027-11-16,22,0.01
2027-11-16,23,0.0
2027-11-16,24,0.0
2027-11-17,1,0.0
2027-11-17,2,0.0
2027-11-17,3,0.0
2027-11-17,4,0.0
2027-11-17,5,0.0
2027-11-17,6,0.01
2027-11-17,7,0.04
2027-11-17,8,0.27
2027-11-17,9,1.29
2027-11-17,10,4.77
2027-11-17,11,13.51
2027-11-17,12,29.27
2027-11-17,13,48.59
2027-11-17,14,61.77
2027-11-17,15,60.14
2027-11-17,16,44.85
2027-11-17,17,25.62
2027-11-17,18,11.21
2027-11-17,19,3.76
2027-11-17,20,0.96
2027-11-17,21,0.19
2027-11-17,22,0.03
2027-11-17,23,0.0
2027-11-17,24,0.0
2027-11-18,1,0.0
2027-11-18,2,0.0
2027-11-18,3,0.0
2027-11-18,4,0.0
2027-11-18,5,0.0
2027-11-18,6,0.0
2027-11-18,7,0.02
2027-11-18,8,0.16
2027-11-18,9,0.75
2027-11-18,10,2.79
2027-11-18,11,7.88
2027-11-18,12,17.08
2027-11-18,13,28.34
2027-11-18,14,36.03
2027-11-18,15,35.08
2027-11-18,16,26.16
2027-11-18,17,14.95
2027-11-18,18,6.54
2027-11-18,19,2.19
2027-11-18,20,0.56
2027-11-18,21,0.11
2027-11-18,22,0.02
2027-11-18,23,0.0
2027-11-18,24,0.0
2027-11-19,1,0.0
2027-11-19,2,0.0
2027-11-19,3,0.0
2027-11-19,4,0.0
2027-11-19,5,0.0
2027-11-19,6,0.0
2027-11-19,7,0.03
2027-11-19,8,0.22
2027-11-19,9,1.06
2027-11-19,10,3.92
2027-11-19,11,11.1
2027-11-19,12,24.05
2027-11-19,13,39.92
2027-11-19,14,50.75
2027-11-19,15,49.41
2027-11-19,16,36.85
2027-11-19,17,21.05
2027-11-19,18,9.21
2027-11-19,19,3.09
2027-11-19,20,0.79
2027-11-19,21,0.16
2027-11-19,22,0.02
2027-11-19,23,0.0
2027-11-19,24,0.0
2027-11-20,1,0.0
2027-11-20,2,0.0
2027-11-20,3,0.0
2027-11-20,4,0.0
2027-11-20,5,0.0
2027-11-20,6,0.0
2027-11-20,7,0.03
2027-11-20,8,0.21
2027-11-20,9,1.0
2027-11-20,10,3.68
2027-11-20,11,10.41
2027-11-20,12,22.56
2027-11-20,13,37.44
2027-11-20,14,47.6
2027-11-20,15,46.35
2027-11-20,16,34.57
2027-11-20,17,19.74
2027-11-20,18,8.64
2027-11-20,19,2.89
2027-11-20,20,0.74
2027-11-20,21,0.15
2027-11-20,22,0.02
2027-11-20,23,0.0
2027-11-20,24,0.0
2027-11-21,1,0.0
2027-11-21,2,0.0
2027-11-21,3,0.0
2027-11-21,4,0.0
2027-11-21,5,0.0
2027-11-21,6,0.0
2027-11-21,7,0.03
2027-11-21,8,0.16
2027-11-21,9,0.77
2027-11-21,10,2.85
2027-11-21,11,8.07
2027-11-21,12,17.49
2027-11-21,13,29.03
2027-11-21,14,36.91
2027-11-21,15,35.94
2027-11-21,16,26.8
2027-11-21,17,15.31
2027-11-21,18,6.7
2027-11-21,19,2.24
2027-11-21,20,0.58
2027-11-21,21,0.11
2027-11-21,22,0.02
2027-11-21,23,0.0
2027-11-21,24,0.0
2027-11-22,1,0.0
2027-11-22,2,0.0
2027-11-22,3,0.0
2027-11-22,4,0.0
2027-11-22,5,0.0
2027-11-22,6,0.0
2027-11-22,7,0.04
2027-11-22,8,0.25
2027-11-22,9,1.2
2027-11-22,10,4.42
2027-11-22,11,12.52
2027-11-22,12,27.13
2027-11-22,13,45.03
2027-11-22,14,57.24
2027-11-22,15,55.73
2027-11-22,16,41.56
2027-11-22,17,23.74
2027-11-22,18,10.39
2027-11-22,19,3.48
2027-11-22,20,0.89
2027-11-22,21,0.18
2027-11-22,22,0.03
2027-11-22,23,0.0
2027-11-22,24,0.0
2027-11-23,1,0.0
2027-11-23,2,0.0
2027-11-23,3,0.0
2027-11-23,4,0.0
2027-11-23,5,0.0
2027-11-23,6,0.0
2027-11-23,7,0.02
2027-11-23,8,0.13
2027-11-23,9,0.62
2027-11-23,10,2.28
2027-11-23,11,6.45
2027-11-23,12,13.99
2027-11-23,13,23.22
2027-11-23,14,29.51
2027-11-23,15,28.74
2027-11-23,16,21.43
2027-11-23,17,12.24
2027-11-23,18,5.36
2027-11-23,19,1.79
2027-11-23,20,0.46
2027-11-23,21,0.09
2027-11-23,22,0.01
2027-11-23,23,0.0
2027-11-23,24,0.0
2027-11-24,1,0.0
2027-11-24,2,0.0
2027-11-24,3,0.0
2027-11-24,4,0.0
2027-11-24,5,0.0
2027-11-24,6,0.0
2027-11-24,7,0.04
2027-11-24,8,0.25
2027-11-24,9,1.2
2027-11-24,10,4.44
2027-11-24,11,12.57
2027-11-24,12,27.23
2027-11-24,13,45.2
2027-11-24,14,57.46
2027-11-24,15,55.95
2027-11-24,16,41.72
2027-11-24,17,23.83
2027-11-24,18,10.43
2027-11-24,19,3.49
2027-11-24,20,0.9
2027-11-24,21,0.18
2027-11-24,22,0.03
2027-11-24,23,0.0
2027-11-24,24,0.0
2027-11-25,1,0.0
2027-11-25,2,0.0
2027-11-25,3,0.0
2027-11-25,4,0.0
2027-11-25,5,0.0
2027-11-25,6,0.0
2027-11-25,7,0.02
2027-11-25,8,0.14
2027-11-25,9,0.69
2027-11-25,10,2.54
2027-11-25,11,7.2
2027-11-25,12,15.59
2027-11-25,13,25.88
2027-11-25,14,32.9
2027-11-25,15,32.04
2027-11-25,16,23.89
2027-11-25,17,13.65
2027-11-25,18,5.97
2027-11-25,19,2.0
2027-11-25,20,0.51
2027-11-25,21,0.1
2027-11-25,22,0.02
2027-11-25,23,0.0
2027-11-25,24,0.0
2027-11-26,1,0.0
2027-11-26,2,0.0
2027-11-26,3,0.0
2027-11-26,4,0.0
2027-11-26,5,0.0
2027-11-26,6,0.0
2027-11-26,7,0.03
2027-11-26,8,0.21
2027-11-26,9,1.0
2027-11-26,10,3.7
2027-11-26,11,10.46
2027-11-26,12,22.67
2027-11-26,13,37.63
2027-11-26,14,47.84
2027-11-26,15,46.58
2027-11-26,16,34.74
2027-11-26,17,19.84
2027-11-26,18,8.68
2027-11-26,19,2.91
2027-11-26,20,0.75
2027-11-26,21,0.15
2027-11-26,22,0.02
2027-11-26,23,0.0
2027-11-26,24,0.0
2027-11-27,1,0.0
2027-11-27,2,0.0
2027-11-27,3,0.0
2027-11-27,4,0.0
2027-11-27,5,0.0
2027-11-27,6,0.0
2027-11-27,7,0.03
2027-11-27,8,0.19
2027-11-27,9,0.91
2027-11-27,10,3.37
2027-11-27,11,9.54
2027-11-27,12,20.66
2027-11-27,13,34.3
2027-11-27,14,43.6
2027-11-27,15,42.45
2027-11-27,16,31.66
2027-11-27,17,18.08
2027-11-27,18,7.91
2027-11-27,19,2.65
2027-11-27,20,0.68
2027-11-27,21,0.13
2027-11-27,22,0.02
2027-11-27,23,0.0
2027-11-27,24,0.0
2027-11-28,1,0.0
2027-11-28,2,0.0
2027-11-28,3,0.0
2027-11-28,4,0.0
2027-11-28,5,0.0
2027-11-28,6,0.0
2027-11-28,7,0.02
2027-11-28,8,0.15
2027-11-28,9,0.73
2027-11-28,10,2.71
2027-11-28,11,7.66
2027-11-28,12,16.6
2027-11-28,13,27.55
2027-11-28,14,35.02
2027-11-28,15,34.1
2027-11-28,16,25.43
2027-11-28,17,14.53
2027-11-28,18,6.35
2027-11-28,19,2.13
2027-11-28,20,0.55
2027-11-28,21,0.11
2027-11-28,22,0.02
2027-11-28,23,0.0
2027-11-28,24,0.0
2027-11-29,1,0.0
2027-11-29,2,0.0
2027-11-29,3,0.0
2027-11-29,4,0.0
2027-11-29,5,0.0
2027-11-29,6,0.0
2027-11-29,7,0.04
2027-11-29,8,0.23
2027-11-29,9,1.11
2027-11-29,10,4.1
2027-11-29,11,11.61
2027-11-29,12,25.17
2027-11-29,13,41.77
2027-11-29,14,53.1
2027-11-29,15,51.7
2027-11-29,16,38.56
2027-11-29,17,22.02
2027-11-29,18,9.64
2027-11-29,19,3.23
2027-11-29,20,0.83
2027-11-29,21,0.16
2027-11-29,22,0.02
2027-11-29,23,0.0
2027-11-29,24,0.0
2027-11-30,1,0.0
2027-11-30,2,0.0
2027-11-30,3,0.0
2027-11-30,4,0.0
2027-11-30,5,0.0
2027-11-30,6,0.0
2027-11-30,7,0.02
2027-11-30,8,0.12
2027-11-30,9,0.58
2027-11-30,10,2.14
2027-11-30,11,6.06
2027-11-30,12,13.14
2027-11-30,13,21.81
2027-11-30,14,27.73
2027-11-30,15,27.0
2027-11-30,16,20.13
2027-11-30,17,11.5
2027-11-30,18,5.03
2027-11-30,19,1.69
2027-11-30,20,0.43
2027-11-30,21,0.09
2027-11-30,22,0.01
2027-11-30,23,0.0
2027-11-30,24,0.0
2027-12-01,1,0.0
2027-12-01,2,0.0
2027-12-01,3,0.0
2027-12-01,4,0.0
2027-12-01,5,0.0
2027-12-01,6,0.0
2027-12-01,7,0.04
2027-12-01,8,0.23
2027-12-01,9,1.13
2027-12-01,10,4.18
2027-12-01,11,11.84
2027-12-01,12,25.65
2027-12-01,13,42.57
2027-12-01,14,54.11
2027-12-01,15,52.69
2027-12-01,16,39.29
2027-12-01,17,22.45
2027-12-01,18,9.82
2027-12-01,19,3.29
2027-12-01,20,0.84
2027-12-01,21,0.17
2027-12-01,22,0.02
2027-12-01,23,0.0
2027-12-01,24,0.0
2027-12-02,1,0.0
2027-12-02,2,0.0
2027-12-02,3,0.0
2027-12-02,4,0.0
2027-12-02,5,0.0
2027-12-02,6,0.0
2027-12-02,7,0.02
2027-12-02,8,0.13
2027-12-02,9,0.64
2027-12-02,10,2.36
2027-12-02,11,6.67
2027-12-02,12,14.44
2027-12-02,13,23.97
2027-12-02,14,30.47
2027-12-02,15,29.67
2027-12-02,16,22.13
2027-12-02,17,12.64
2027-12-02,18,5.53
2027-12-02,19,1.85
2027-12-02,20,0.48
2027-12-02,21,0.09
2027-12-02,22,0.01
2027-12-02,23,0.0
2027-12-02,24,0.0
2027-12-03,1,0.0
2027-12-03,2,0.0
2027-12-03,3,0.0
2027-12-03,4,0.0
2027-12-03,5,0.0
2027-12-03,6,0.0
2027-12-03,7,0.03
2027-12-03,8,0.2
2027-12-03,9,0.96
2027-12-03,10,3.53
2027-12-03,11,10.0
2027-12-03,12,21.66
2027-12-03,13,35.96
2027-12-03,14,45.71
2027-12-03,15,44.51
2027-12-03,16,33.19
2027-12-03,17,18.96
2027-12-03,18,8.29
2027-12-03,19,2.78
2027-12-03,20,0.71
2027-12-03,21,0.14
2027-12-03,22,0.02
2027-12-03,23,0.0
2027-12-03,24,0.0
2027-12-04,1,0.0
2027-12-04,2,0.0
2027-12-04,3,0.0
2027-12-04,4,0.0
2027-12-04,5,0.0
2027-12-04,6,0.0
2027-12-04,7,0.03
2027-12-04,8,0.18
2027-12-04,9,0.85
2027-12-04,10,3.13
2027-12-04,11,8.86
2027-12-04,12,19.2
2027-12-04,13,31.87
2027-12-04,14,40.51
2027-12-04,15,39.44
2027-12-04,16,29.42
2027-12-04,17,16.8
2027-12-04,18,7.35
2027-12-04,19,2.46
2027-12-04,20,0.63
2027-12-04,21,0.12
2027-12-04,22,0.02
2027-12-04,23,0.0
2027-12-04,24,0.0
2027-12-05,1,0.0
2027-12-05,2,0.0
2027-12-05,3,0.0
2027-12-05,4,0.0
2027-12-05,5,0.0
2027-12-05,6,0.0
2027-12-05,7,0.02
2027-12-05,8,0.15
2027-12-05,9,0.71
2027-12-05,10,2.61
2027-12-05,11,7.38
2027-12-05,12,15.99
2027-12-05,13,26.55
2027-12-05,14,33.75
2027-12-05,15,32.86
2027-12-05,16,24.51
2027-12-05,17,14.0
2027-12-05,18,6.12
2027-12-05,19,2.05
2027-12-05,20,0.53
2027-12-05,21,0.1
2027-12-05,22,0.02
2027-12-05,23,0.0
2027-12-05,24,0.0
2027-12-06,1,0.0
2027-12-06,2,0.0
2027-12-06,3,0.0
2027-12-06,4,0.0
2027-12-06,5,0.0
2027-12-06,6,0.0
2027-12-06,7,0.03
2027-12-06,8,0.22
2027-12-06,9,1.05
2027-12-06,10,3.87
2027-12-06,11,10.94
2027-12-06,12,23.7
2027-12-06,13,39.34
2027-12-06,14,50.01
2027-12-06,15,48.7
2027-12-06,16,36.32
2027-12-06,17,20.74
2027-12-06,18,9.08
2027-12-06,19,3.04
2027-12-06,20,0.78
2027-12-06,21,0.15
2027-12-06,22,0.02
2027-12-06,23,0.0
2027-12-06,24,0.0
2027-12-07,1,0.0
2027-12-07,2,0.0
2027-12-07,3,0.0
2027-12-07,4,0.0
2027-12-07,5,0.0
2027-12-07,6,0.0
2027-12-07,7,0.02
2027-12-07,8,0.12
2027-12-07,9,0.55
2027-12-07,10,2.05
2027-12-07,11,5.8
2027-12-07,12,12.57
2027-12-07,13,20.86
2027-12-07,14,26.51
2027-12-07,15,25.81
2027-12-07,16,19.25
2027-12-07,17,11.0
2027-12-07,18,4.81
2027-12-07,19,1.61
2027-12-07,20,0.41
2027-12-07,21,0.08
2027-12-07,22,0.01
2027-12-07,23,0.0
2027-12-07,24,0.0
2027-12-08,1,0.0
2027-12-08,2,0.0
2027-12-08,3,0.0
2027-12-08,4,0.0
2027-12-08,5,0.0
2027-12-08,6,0.0
2027-12-08,7,0.04
2027-12-08,8,0.22
2027-12-08,9,1.08
2027-12-08,10,4.0
2027-12-08,11,11.33
2027-12-08,12,24.55
2027-12-08,13,40.75
2027-12-08,14,51.8
2027-12-08,15,50.44
2027-12-08,16,37.62
2027-12-08,17,21.49
2027-12-08,18,9.4
2027-12-08,19,3.15
2027-12-08,20,0.81
2027-12-08,21,0.16
2027-12-08,22,0.02
2027-12-08,23,0.0
2027-12-08,24,0.0
2027-12-09,1,0.0
2027-12-09,2,0.0
2027-12-09,3,0.0
2027-12-09,4,0.0
2027-12-09,5,0.0
2027-12-09,6,0.0
2027-12-09,7,0.02
2027-12-09,8,0.12
2027-12-09,9,0.6
2027-12-09,10,2.22
2027-12-09,11,6.29
2027-12-09,12,13.62
2027-12-09,13,22.61
2027-12-09,14,28.74
2027-12-09,15,27.98
2027-12-09,16,20.87
2027-12-09,17,11.92
2027-12-09,18,5.22
2027-12-09,19,1.75
2027-12-09,20,0.45
2027-12-09,21,0.09
2027-12-09,22,0.01
2027-12-09,23,0.0
2027-12-09,24,0.0
2027-12-10,1,0.0
2027-12-10,2,0.0
2027-12-10,3,0.0
2027-12-10,4,0.0
2027-12-10,5,0.0
2027-12-10,6,0.0
2027-12-10,7,0.03
2027-12-10,8,0.19
2027-12-10,9,0.93
2027-12-10,10,3.44
2027-12-10,11,9.72
2027-12-10,12,21.07
2027-12-10,13,34.97
2027-12-10,14,44.45
2027-12-10,15,43.28
2027-12-10,16,32.28
2027-12-10,17,18.44
2027-12-10,18,8.07
2027-12-10,19,2.7
2027-12-10,20,0.69
2027-12-10,21,0.14
2027-12-10,22,0.02
2027-12-10,23,0.0
2027-12-10,24,0.0
2027-12-11,1,0.0
2027-12-11,2,0.0
2027-12-11,3,0.0
2027-12-11,4,0.0
2027-12-11,5,0.0
2027-12-11,6,0.0
2027-12-11,7,0.03
2027-12-11,8,0.17
2027-12-11,9,0.8
2027-12-11,10,2.96
2027-12-11,11,8.38
2027-12-11,12,18.17
2027-12-11,13,30.15
2027-12-11,14,38.33
2027-12-11,15,37.33
2027-12-11,16,27.84
2027-12-11,17,15.9
2027-12-11,18,6.96
2027-12-11,19,2.33
2027-12-11,20,0.6
2027-12-11,21,0.12
2027-12-11,22,0.02
2027-12-11,23,0.0
2027-12-11,24,0.0
2027-12-12,1,0.0
2027-12-12,2,0.0
2027-12-12,3,0.0
2027-12-12,4,0.0
2027-12-12,5,0.0
2027-12-12,6,0.0
2027-12-12,7,0.02
2027-12-12,8,0.14
2027-12-12,9,0.69
2027-12-12,10,2.56
2027-12-12,11,7.25
2027-12-12,12,15.71
2027-12-12,13,26.08
2027-12-12,14,33.15
2027-12-12,15,32.28
2027-12-12,16,24.07
2027-12-12,17,13.75
2027-12-12,18,6.02
2027-12-12,19,2.02
2027-12-12,20,0.52
2027-12-12,21,0.1
2027-12-12,22,0.02
2027-12-12,23,0.0
2027-12-12,24,0.0
2027-12-13,1,0.0
2027-12-13,2,0.0
2027-12-13,3,0.0
2027-12-13,4,0.0
2027-12-13,5,0.0
2027-12-13,6,0.0
2027-12-13,7,0.03
2027-12-13,8,0.21
2027-12-13,9,1.0
2027-12-13,10,3.71
2027-12-13,11,10.5
2027-12-13,12,22.75
2027-12-13,13,37.76
2027-12-13,14,48.0
2027-12-13,15,46.74
2027-12-13,16,34.86
2027-12-13,17,19.91
2027-12-13,18,8.71
2027-12-13,19,2.92
2027-12-13,20,0.75
2027-12-13,21,0.15
2027-12-13,22,0.02
2027-12-13,23,0.0
2027-12-13,24,0.0
2027-12-14,1,0.0
2027-12-14,2,0.0
2027-12-14,3,0.0
2027-12-14,4,0.0
2027-12-14,5,0.0
2027-12-14,6,0.0
2027-12-14,7,0.02
2027-12-14,8,0.11
2027-12-14,9,0.54
2027-12-14,10,2.0
2027-12-14,11,5.66
2027-12-14,12,12.27
2027-12-14,13,20.37
2027-12-14,14,25.89
2027-12-14,15,25.21
2027-12-14,16,18.8
2027-12-14,17,10.74
2027-12-14,18,4.7
2027-12-14,19,1.57
2027-12-14,20,0.4
2027-12-14,21,0.08
2027-12-14,22,0.01
2027-12-14,23,0.0
2027-12-14,24,0.0
2027-12-15,1,0.0
2027-12-15,2,0.0
2027-12-15,3,0.0
2027-12-15,4,0.0
2027-12-15,5,0.0
2027-12-15,6,0.0
2027-12-15,7,0.03
2027-12-15,8,0.22
2027-12-15,9,1.06
2027-12-15,10,3.91
2027-12-15,11,11.06
2027-12-15,12,23.97
2027-12-15,13,39.79
2027-12-15,14,50.58
2027-12-15,15,49.25
2027-12-15,16,36.73
2027-12-15,17,20.98
2027-12-15,18,9.18
2027-12-15,19,3.08
2027-12-15,20,0.79
2027-12-15,21,0.16
2027-12-15,22,0.02
2027-12-15,23,0.0
2027-12-15,24,0.0
2027-12-16,1,0.0
2027-12-16,2,0.0
2027-12-16,3,0.0
2027-12-16,4,0.0
2027-12-16,5,0.0
2027-12-16,6,0.0
2027-12-16,7,0.02
2027-12-16,8,0.12
2027-12-16,9,0.58
2027-12-16,10,2.14
2027-12-16,11,6.06
2027-12-16,12,13.12
2027-12-16,13,21.78
2027-12-16,14,27.69
2027-12-16,15,26.96
2027-12-16,16,20.11
2027-12-16,17,11.49
2027-12-16,18,5.03
2027-12-16,19,1.68
2027-12-16,20,0.43
2027-12-16,21,0.08
2027-12-16,22,0.01
2027-12-16,23,0.0
2027-12-16,24,0.0
2027-12-17,1,0.0
2027-12-17,2,0.0
2027-12-17,3,0.0
2027-12-17,4,0.0
2027-12-17,5,0.0
2027-12-17,6,0.0
2027-12-17,7,0.03
2027-12-17,8,0.19
2027-12-17,9,0.92
2027-12-17,10,3.41
2027-12-17,11,9.65
2027-12-17,12,20.91
2027-12-17,13,34.71
2027-12-17,14,44.12
2027-12-17,15,42.96
2027-12-17,16,32.04
2027-12-17,17,18.3
2027-12-17,18,8.01
2027-12-17,19,2.68
2027-12-17,20,0.69
2027-12-17,21,0.14
2027-12-17,22,0.02
2027-12-17,23,0.0
2027-12-17,24,0.0
2027-12-18,1,0.0
2027-12-18,2,0.0
2027-12-18,3,0.0
2027-12-18,4,0.0
2027-12-18,5,0.0
2027-12-18,6,0.0
2027-12-18,7,0.03
2027-12-18,8,0.16
2027-12-18,9,0.78
2027-12-18,10,2.86
2027-12-18,11,8.1
2027-12-18,12,17.56
2027-12-18,13,29.14
2027-12-18,14,37.05
2027-12-18,15,36.07
2027-12-18,16,26.9
2027-12-18,17,15.37
2027-12-18,18,6.72
2027-12-18,19,2.25
2027-12-18,20,0.58
2027-12-18,21,0.11
2027-12-18,22,0.02
2027-12-18,23,0.0
2027-12-18,24,0.0
2027-12-19,1,0.0
2027-12-19,2,0.0
2027-12-19,3,0.0
2027-12-19,4,0.0
2027-12-19,5,0.0
2027-12-19,6,0.0
2027-12-19,7,0.02
2027-12-19,8,0.14
2027-12-19,9,0.7
2027-12-19,10,2.57
2027-12-19,11,7.28
2027-12-19,12,15.77
2027-12-19,13,26.18
2027-12-19,14,33.28
2027-12-19,15,32.41
2027-12-19,16,24.17
2027-12-19,17,13.8
2027-12-19,18,6.04
2027-12-19,19,2.02
2027-12-19,20,0.52
2027-12-19,21,0.1
2027-12-19,22,0.02
2027-12-19,23,0.0
2027-12-19,24,0.0
2027-12-20,1,0.0
2027-12-20,2,0.0
2027-12-20,3,0.0
2027-12-20,4,0.0
2027-12-20,5,0.0
2027-12-20,6,0.0
2027-12-20,7,0.03
2027-12-20,8,0.2
2027-12-20,9,0.99
2027-12-20,10,3.64
2027-12-20,11,10.3
2027-12-20,12,22.31
2027-12-20,13,37.03
2027-12-20,14,47.07
2027-12-20,15,45.83
2027-12-20,16,34.18
2027-12-20,17,19.53
2027-12-20,18,8.54
2027-12-20,19,2.86
2027-12-20,20,0.73
2027-12-20,21,0.14
2027-12-20,22,0.02
2027-12-20,23,0.0
2027-12-20,24,0.0
2027-12-21,1,0.0
2027-12-21,2,0.0
2027-12-21,3,0.0
2027-12-21,4,0.0
2027-12-21,5,0.0
2027-12-21,6,0.0
2027-12-21,7,0.02
2027-12-21,8,0.11
2027-12-21,9,0.54
2027-12-21,10,2.0
2027-12-21,11,5.66
2027-12-21,12,12.27
2027-12-21,13,20.36
2027-12-21,14,25.88
2027-12-21,15,25.2
2027-12-21,16,18.8
2027-12-21,17,10.74
2027-12-21,18,4.7
2027-12-21,19,1.57
2027-12-21,20,0.4
2027-12-21,21,0.08
2027-12-21,22,0.01
2027-12-21,23,0.0
2027-12-21,24,0.0
2027-12-22,1,0.0
2027-12-22,2,0.0
2027-12-22,3,0.0
2027-12-22,4,0.0
2027-12-22,5,0.0
2027-12-22,6,0.0
2027-12-22,7,0.03
2027-12-22,8,0.22
2027-12-22,9,1.06
2027-12-22,10,3.9
2027-12-22,11,11.04
2027-12-22,12,23.92
2027-12-22,13,39.7
2027-12-22,14,50.47
2027-12-22,15,49.14
2027-12-22,16,36.65
2027-12-22,17,20.93
2027-12-22,18,9.16
2027-12-22,19,3.07
2027-12-22,20,0.79
2027-12-22,21,0.15
2027-12-22,22,0.02
2027-12-22,23,0.0
2027-12-22,24,0.0
2027-12-23,1,0.0
2027-12-23,2,0.0
2027-12-23,3,0.0
2027-12-23,4,0.0
2027-12-23,5,0.0
2027-12-23,6,0.0
2027-12-23,7,0.02
2027-12-23,8,0.12
2027-12-23,9,0.57
2027-12-23,10,2.11
2027-12-23,11,5.97
2027-12-23,12,12.94
2027-12-23,13,21.48
2027-12-23,14,27.31
2027-12-23,15,26.59
2027-12-23,16,19.83
2027-12-23,17,11.33
2027-12-23,18,4.96
2027-12-23,19,1.66
2027-12-23,20,0.43
2027-12-23,21,0.08
2027-12-23,22,0.01
2027-12-23,23,0.0
2027-12-23,24,0.0
2027-12-24,1,0.0
2027-12-24,2,0.0
2027-12-24,3,0.0
2027-12-24,4,0.0
2027-12-24,5,0.0
2027-12-24,6,0.0
2027-12-24,7,0.03
2027-12-24,8,0.19
2027-12-24,9,0.94
2027-12-24,10,3.46
2027-12-24,11,9.79
2027-12-24,12,21.22
2027-12-24,13,35.23
2027-12-24,14,44.78
2027-12-24,15,43.6
2027-12-24,16,32.52
2027-12-24,17,18.57
2027-12-24,18,8.13
2027-12-24,19,2.72
2027-12-24,20,0.7
2027-12-24,21,0.14
2027-12-24,22,0.02
2027-12-24,23,0.0
2027-12-24,24,0.0
2027-12-25,1,0.0
2027-12-25,2,0.0
2027-12-25,3,0.0
2027-12-25,4,0.0
2027-12-25,5,0.0
2027-12-25,6,0.0
2027-12-25,7,0.03
2027-12-25,8,0.16
2027-12-25,9,0.77
2027-12-25,10,2.83
2027-12-25,11,8.01
2027-12-25,12,17.36
2027-12-25,13,28.81
2027-12-25,14,36.62
2027-12-25,15,35.66
2027-12-25,16,26.59
2027-12-25,17,15.19
2027-12-25,18,6.65
2027-12-25,19,2.23
2027-12-25,20,0.57
2027-12-25,21,0.11
2027-12-25,22,0.02
2027-12-25,23,0.0
2027-12-25,24,0.0
2027-12-26,1,0.0
2027-12-26,2,0.0
2027-12-26,3,0.0
2027-12-26,4,0.0
2027-12-26,5,0.0
2027-12-26,6,0.0
2027-12-26,7,0.02
2027-12-26,8,0.15
2027-12-26,9,0.72
2027-12-26,10,2.64
2027-12-26,11,7.48
2027-12-26,12,16.2
2027-12-26,13,26.89
2027-12-26,14,34.19
2027-12-26,15,33.29
2027-12-26,16,24.82
2027-12-26,17,14.18
2027-12-26,18,6.2
2027-12-26,19,2.08
2027-12-26,20,0.53
2027-12-26,21,0.1
2027-12-26,22,0.02
2027-12-26,23,0.0
2027-12-26,24,0.0
2027-12-27,1,0.0
2027-12-27,2,0.0
2027-12-27,3,0.0
2027-12-27,4,0.0
2027-12-27,5,0.0
2027-12-27,6,0.0
2027-12-27,7,0.03
2027-12-27,8,0.2
2027-12-27,9,0.99
2027-12-27,10,3.65
2027-12-27,11,10.32
2027-12-27,12,22.37
2027-12-27,13,37.13
2027-12-27,14,47.2
2027-12-27,15,45.96
2027-12-27,16,34.27
2027-12-27,17,19.58
2027-12-27,18,8.57
2027-12-27,19,2.87
2027-12-27,20,0.74
2027-12-27,21,0.14
2027-12-27,22,0.02
2027-12-27,23,0.0
2027-12-27,24,0.0
2027-12-28,1,0.0
2027-12-28,2,0.0
2027-12-28,3,0.0
2027-12-28,4,0.0
2027-12-28,5,0.0
2027-12-28,6,0.0
2027-12-28,7,0.02
2027-12-28,8,0.12
2027-12-28,9,0.55
2027-12-28,10,2.05
2027-12-28,11,5.8
2027-12-28,12,12.56
2027-12-28,13,20.85
2027-12-28,14,26.5
2027-12-28,15,25.8
2027-12-28,16,19.24
2027-12-28,17,10.99
2027-12-28,18,4.81
2027-12-28,19,1.61
2027-12-28,20,0.41
2027-12-28,21,0.08
2027-12-28,22,0.01
2027-12-28,23,0.0
2027-12-28,24,0.0
2027-12-29,1,0.0
2027-12-29,2,0.0
2027-12-29,3,0.0
2027-12-29,4,0.0
2027-12-29,5,0.0
2027-12-29,6,0.0
2027-12-29,7,0.04
2027-12-29,8,0.22
2027-12-29,9,1.08
2027-12-29,10,3.98
2027-12-29,11,11.26
2027-12-29,12,24.4
2027-12-29,13,40.5
2027-12-29,14,51.48
2027-12-29,15,50.13
2027-12-29,16,37.39
2027-12-29,17,21.35
2027-12-29,18,9.34
2027-12-29,19,3.13
2027-12-29,20,0.8
2027-12-29,21,0.16
2027-12-29,22,0.02
2027-12-29,23,0.0
2027-12-29,24,0.0
2027-12-30,1,0.0
2027-12-30,2,0.0
2027-12-30,3,0.0
2027-12-30,4,0.0
2027-12-30,5,0.0
2027-12-30,6,0.0
2027-12-30,7,0.02
2027-12-30,8,0.12
2027-12-30,9,0.58
2027-12-30,10,2.13
2027-12-30,11,6.03
2027-12-30,12,13.07
2027-12-30,13,21.69
2027-12-30,14,27.58
2027-12-30,15,26.85
2027-12-30,16,20.02
2027-12-30,17,11.44
2027-12-30,18,5.0
2027-12-30,19,1.68
2027-12-30,20,0.43
2027-12-30,21,0.08
2027-12-30,22,0.01
2027-12-30,23,0.0
2027-12-30,24,0.0
2027-12-31,1,0.0
2027-12-31,2,0.0
2027-12-31,3,0.0
2027-12-31,4,0.0
2027-12-31,5,0.0
2027-12-31,6,0.0
2027-12-31,7,0.03
2027-12-31,8,0.2
2027-12-31,9,0.97
2027-12-31,10,3.59
2027-12-31,11,10.16
2027-12-31,12,22.02
2027-12-31,13,36.55
2027-12-31,14,46.46
2027-12-31,15,45.24
2027-12-31,16,33.74
2027-12-31,17,19.27
2027-12-31,18,8.43
2027-12-31,19,2.83
2027-12-31,20,0.73
2027-12-31,21,0.14
2027-12-31,22,0.02
2027-12-31,23,0.0
2027-12-31,24,0.0
