fecha,hydro_mw,pump_mw,nuclear_mw,ccgt_mw,fuel_mw,gas_turbine_mw,coal_mw
2019-12-31,13928.175,2957.325,7117.2,20957.7,7.9,,8434.900000000001
2020-01-01,13879.25,2925.3,7117.2,21461.725,7.9,,8434.900000000001
2020-01-02,13858.075,2909.40416666667,7117.2,22097.1125,7.9,,8434.900000000001
2020-01-03,13937.7,2782.88333333333,7117.2,21751.85,7.9,,8434.900000000001
2020-01-04,13937.7,2888.96666666667,7117.2,21306.3,7.9,,7877.700000000001
2020-01-05,13937.7,2870.8,7117.2,21306.3,7.9,,7662.7
2020-01-06,13908.3,2891.2375,7117.2,20898.85416666667,7.9,,7923.57916666667
2020-01-07,13893.125,2636.4875,7117.2,21306.3,7.9,,7943.49166666667
2020-01-08,13905.3125,2681.9,7117.2,21028.2375,7.9,,8358.69166666667
2020-01-09,13930.20416666667,2736.7,7117.2,20059.85833333333,7.9,,7824.666666666671
2020-01-10,13923.2,2755.1,7117.2,20076.1,7.9,,8356.9
2020-01-11,13923.2,2755.1,7117.2,20554.55,7.9,,8356.9
2020-01-12,13829.57083333333,2740.74583333333,7117.2,20817.16666666667,7.9,,8341.2625
2020-01-13,13789.1,2639.95833333333,7117.2,20380.18774509804,7.9,,8001.8
2020-01-14,13787.04166666667,2658.96666666667,7117.2,20060.1,7.9,,7993.2375
2020-01-15,13659.025,2690.67083333333,7117.2,20060.1,7.9,,8131.125
2020-01-16,13785.375,2755.1,7117.2,20119.225,7.9,,8219.9
2020-01-17,13814.9,2755.1,7117.2,20680.95,7.9,,8356.9
2020-01-18,13814.9,2755.1,7117.2,20870.4,7.9,,8356.9
2020-01-19,13732.47083333333,2755.1,6978.52083333333,20049.44166666667,7.9,,8333.66029411765
2020-01-20,13797.15416666667,2679.80833333333,7117.2,20280.7125,7.9,,7852.72916666667
2020-01-21,13814.9,2529.36666666667,7117.2,19755.43333333334,7.9,,7425.52916666666
2020-01-22,13801.75,2534.59166666667,7117.2,18984.65,7.9,,8391.04583333333
2020-01-23,13861.60833333333,2617.925,7117.2,19010.14605263158,7.9,,8785.900000000001
2020-01-24,13927.0,2592.2,7117.2,19724.41666666667,7.9,,8785.900000000001
2020-01-25,13927.0,2584.76666666667,7117.2,20715.15,7.9,,8445.59583333333
2020-01-26,13837.68333333333,2627.45833333333,7117.2,20692.15,7.9,,8430.8
2020-01-27,13849.12916666667,2709.49583333333,7117.2,20676.70833333333,7.9,,8726.71666666667
2020-01-28,13854.78333333333,2755.1,7117.2,20331.43333333334,7.9,,8782.150000000001
2020-01-29,13884.05833333333,2959.22857142857,7117.2,20434.08333333333,7.9,,8728.9
2020-01-30,13862.07916666667,3131.8,7117.2,20698.53333333333,7.9,,8584.387499999999
2020-01-31,13824.18333333333,3131.8,6954.4875,21178.05,7.9,,8438.5
2020-02-01,13779.88333333333,3131.8,7044.88333333333,20458.3,7.9,,8438.5
2020-02-02,13494.00416666667,3087.7875,7117.2,20181.4125,7.9,,8438.5
2020-02-03,13406.54583333333,3067.6375,7117.2,20518.65416666667,7.9,,8438.5
2020-02-04,13491.01666666667,3054.65416666667,7117.2,20868.9,7.9,,8086.3
2020-02-05,13473.48333333333,3184.3,7117.2,20490.3775,7.9,,8448.375
2020-02-06,13601.0375,3123.925,7117.2,20870.6,7.9,,8570.9
2020-02-07,13692.1,3172.16666666667,7117.2,20212.2125,7.9,,8570.9
2020-02-08,13692.1,3078.0875,7117.2,20455.4,7.9,,8083.35
2020-02-09,13636.87083333333,3038.6,7070.7125,20275.24583333334,7.9,,8267.17916666667
2020-02-10,13690.075,3038.6,7086.20833333333,19438.37083333334,7.9,,7808.51666666667
2020-02-11,13736.675,3084.1625,7117.2,19603.7,7.9,,7868.1
2020-02-12,13723.27916666667,3111.5,7117.2,19589.15416666667,7.9,,8136.35
2020-02-13,13783.9625,3132.73333333333,7117.2,19997.825,7.9,,8446.87916666667
2020-02-14,13853.95833333334,3184.3,7117.2,19591.3,7.9,,8657.3
2020-02-15,13876.6,3184.3,7117.2,19591.3,7.9,,8745.525
2020-02-16,13794.45833333334,3184.3,7117.2,19218.1,7.9,,8626.025
2020-02-17,13794.6,3184.3,7117.2,19496.03333333333,7.9,,8423.2
2020-02-18,13797.39166666667,3037.19583333333,7117.2,19601.69166666667,7.9,,8415.325
2020-02-19,13870.7,2893.95416666667,7117.2,19635.0,7.9,,8416.34285714286
2020-02-20,13949.15,3037.82083333333,7117.2,19635.0,7.9,,8223.2
2020-02-21,14119.7,3184.3,7117.2,20406.875,7.9,,8223.2
2020-02-22,14119.7,3179.84166666667,7117.2,20494.0,7.9,,8223.2
2020-02-23,14018.22916666667,3130.8,7117.2,20494.0,7.9,,8223.2
2020-02-24,13793.98333333333,3085.19583333333,7117.2,20494.0,7.9,,8606.4875
2020-02-25,13749.775,3038.925,7117.2,20494.0,7.9,,8553.05
2020-02-26,13768.9,3169.35833333333,7117.2,20476.62916666667,7.9,,8413.83333333333
2020-02-27,13754.5625,3229.96666666667,7117.2,20867.2,7.9,,8223.5
2020-02-28,13825.16666666667,3208.75,7117.2,20435.8,7.9,,8353.5875
2020-02-29,13803.075,3129.53333333333,7117.2,19223.2,7.9,,8223.2
2020-03-01,13598.88333333333,2886.94166666667,7117.2,18831.9,7.9,,8223.2
2020-03-02,13592.05833333333,2747.1375,7117.2,18940.23333333333,7.9,,8223.2
2020-03-03,13683.36666666667,2791.825,7117.2,18674.97916666667,7.9,,8397.05
2020-03-04,13726.69166666667,2913.20833333333,7117.2,18417.9,7.9,,8297.08333333333
2020-03-05,13682.36666666667,3108.6,7117.2,18501.60833333333,7.9,,8030.24583333333
2020-03-06,13819.7,3145.3,7117.2,18819.7,7.9,,7811.2
2020-03-07,13819.7,3145.3,7117.2,18254.70416666667,7.9,,8418.01666666667
2020-03-08,13719.60833333333,3136.80297619048,7117.2,17644.8625,7.9,,8420.1
2020-03-09,13615.3625,3114.05,7117.2,17662.7,7.9,,7713.52954545455
2020-03-10,13702.725,3168.9,7117.2,17662.7,7.9,,7993.6375
2020-03-11,13751.70833333334,3168.9,7117.2,17546.88333333334,7.9,,8245.39166666667
2020-03-12,13771.75,3155.48333333333,7117.2,18615.45,7.9,,8215.8
2020-03-13,13783.58333333334,3198.8,7117.2,18671.225,7.9,,8454.98333333333
2020-03-14,13592.11666666667,3198.8,7117.2,18841.1,7.9,,8770.9
2020-03-15,13655.175,3253.475,7117.2,18535.21666666667,7.9,,8764.65
2020-03-16,13790.3,3417.5,7117.2,18697.93333333334,7.9,,8744.23333333333
2020-03-17,13834.26666666667,3417.5,7117.2,19533.3,7.9,,8570.9
2020-03-18,13917.05416666667,3417.5,7117.2,20459.4,7.9,,8501.25
2020-03-19,13836.31666666667,3417.5,7117.2,20459.4,7.9,,8570.9
2020-03-20,13811.8,3408.35,7117.2,19677.4,7.9,,8570.9
2020-03-21,13811.8,3417.5,7117.2,20854.0,7.9,,8570.9
2020-03-22,13837.075,3383.4375,7117.2,20854.0,7.9,,8570.9
2020-03-23,13879.2,3363.0,7117.2,20854.0,7.9,,8570.9
2020-03-24,13934.7,3381.16666666667,7117.2,21245.3,7.9,,8570.9
2020-03-25,13980.69166666667,3353.50833333333,7117.2,21245.3,7.9,,8570.9
2020-03-26,14003.84583333333,3417.5,7117.2,21038.65416666667,7.9,,8570.9
2020-03-27,14027.2,3409.95833333333,7117.2,21112.4,7.9,,8039.487499999999
2020-03-28,13977.53043478261,3417.5,6990.96521739131,21112.4,7.9,,8570.9
2020-03-29,13841.03333333333,3417.5,6996.225,20970.3125,7.9,,8570.9
2020-03-30,13855.1,3276.56666666667,7117.2,21112.4,7.9,,8570.9
2020-03-31,13825.175,3302.99166666667,7117.2,21112.4,7.9,,8570.9
2020-04-01,13831.59166666667,3417.5,7117.2,20833.56666666667,7.9,,8570.9
2020-04-02,13870.18333333333,3417.5,7117.2,21063.75,7.9,,8570.9
2020-04-03,13945.6,3417.5,7117.2,21112.4,7.9,,8570.9
2020-04-04,13945.6,3417.5,7117.2,20917.65416666667,7.9,,8570.9
2020-04-05,13941.72083333333,3417.5,7117.2,21112.4,7.9,,8570.9
2020-04-06,13925.01666666667,3417.5,7117.2,21112.4,7.9,,8570.9
2020-04-07,13965.57083333333,3417.5,7117.2,21095.29166666667,7.9,,8570.9
2020-04-08,14071.5,3417.5,7038.4,20718.90833333333,7.9,,8570.9
2020-04-09,14061.675,3417.5,7030.4,21112.4,7.9,,8570.9
2020-04-10,13976.7,3417.5,7017.4,21112.4,7.9,,8570.9
2020-04-11,13976.7,3417.5,7017.4,21112.4,7.9,,8570.9
2020-04-12,13823.64583333334,3417.5,6996.4,21112.4,7.9,,8570.9
2020-04-13,13711.225,3417.5,6782.7125,21112.4,7.9,,8254.49166666667
2020-04-14,13643.0,3355.84166666667,5973.1,21112.4,7.9,,7999.10833333333
2020-04-15,13674.75416666667,3353.7125,5963.1,21112.4,7.9,,8013.700000000001
2020-04-16,13682.47083333333,3417.5,5955.1,21060.9125,7.9,,8083.35
2020-04-17,13836.7,3417.5,5953.1,20700.5,7.9,,8570.9
2020-04-18,13836.7,3417.5,5945.1,20700.5,7.9,,8570.9
2020-04-19,13808.61666666667,3417.5,5939.1,20469.96666666667,7.9,,8570.9
2020-04-20,13780.65416666667,3353.1,5929.1,20389.64583333333,7.9,,8570.9
2020-04-21,13898.975,3353.7125,5926.1,19597.03333333333,7.9,,8570.9
2020-04-22,13880.475,3346.00833333333,5910.1,20717.2,7.9,,8570.9
2020-04-23,13911.50833333333,3353.65416666667,5897.1,20717.2,7.9,,8570.9
2020-04-24,14053.8,3417.5,5890.1,20717.2,7.9,,8570.9
2020-04-25,14053.8,3417.5,5890.1,20717.2,7.9,,8570.9
2020-04-26,13991.17083333333,3368.94166666667,5744.76666666667,20717.2,7.9,,8570.9
2020-04-27,13986.54583333333,3290.025,5110.1,20356.875,7.9,,8570.9
2020-04-28,13797.22083333333,3216.8625,5110.1,20251.90833333333,7.9,,8570.9
2020-04-29,13975.93333333333,3375.03333333333,5110.1,20717.2,7.9,,8570.9
2020-04-30,13973.5,3417.5,5110.1,20717.2,7.9,,8524.46666666667
2020-05-01,13973.5,3417.5,5110.1,20717.2,7.9,,8448.8
2020-05-02,13877.25,3406.1625,5110.1,20669.8375,7.9,,8541.66666666667
2020-05-03,13873.00416666667,3417.5,5110.1,20717.2,7.9,,8570.9
2020-05-04,14008.8,3368.9,5110.1,20717.2,7.9,,8570.9
2020-05-05,14028.975,3344.6,5110.1,20717.2,7.9,,8570.9
2020-05-06,14015.88333333333,3374.975,5110.1,20644.73333333333,7.9,,8570.9
2020-05-07,13977.73333333333,3202.5,5110.1,20699.08333333333,7.9,,8570.9
2020-05-08,13866.3,3202.5,5110.1,20717.2,7.9,,8570.9
2020-05-09,13866.3,3202.5,5110.1,20717.2,7.9,,8416.6
2020-05-10,13750.425,3156.625,5110.1,20717.2,7.9,,8570.9
2020-05-11,13686.95,3129.1,5110.1,20682.35,7.9,,8570.9
2020-05-12,13704.3125,3085.0375,5110.1,20717.2,7.9,,8570.9
2020-05-13,13673.57916666667,3030.11666666667,5110.1,20717.2,7.9,,8570.9
2020-05-14,13654.1125,3129.1,5110.1,20580.2,7.9,,8570.9
2020-05-15,13783.0,3129.1,5110.1,19927.3,7.9,,8453.85833333333
2020-05-16,13783.0,3129.1,5110.1,20476.625,7.9,,8196.36666666667
2020-05-17,13687.86666666667,3060.475,5110.1,19913.80833333334,7.9,,8570.9
2020-05-18,13593.36666666667,3019.3,4106.7,19948.2,7.9,,8570.9
2020-05-19,13603.3,2991.85,4106.7,19948.2,7.9,,8570.9
2020-05-20,13558.57083333333,2991.85,4106.7,19948.2,7.9,,8570.9
2020-05-21,13611.0,2978.125,4106.7,19188.47916666667,7.9,,8570.9
2020-05-22,13611.0,3019.3,4106.7,19141.86666666667,7.9,,8570.9
2020-05-23,13611.0,3019.3,4106.7,19679.95,7.9,,8570.9
2020-05-24,13456.59166666667,2955.075,4106.7,20082.1,7.9,,8570.9
2020-05-25,13443.14166666667,2879.09166666667,4106.7,20014.65,7.9,,8570.9
2020-05-26,13503.20416666667,2906.21666666667,4106.7,19819.00833333334,7.9,,8570.9
2020-05-27,13491.5375,2946.20833333333,4106.7,20082.1,7.9,,8570.9
2020-05-28,13589.5875,2979.45,4106.7,20047.775,7.9,,8570.9
2020-05-29,13619.7,2998.2,4106.7,17904.04583333333,7.9,,8570.9
2020-05-30,13619.7,2998.2,4070.54166666667,18898.87916666667,7.9,,8223.5
2020-05-31,13235.4375,2998.2,4106.7,17911.23333333333,7.9,,8223.5
2020-06-01,12900.06666666667,2998.2,4273.36666666667,18129.225,7.9,,8007.308333333331
2020-06-02,12885.53333333333,2857.26666666667,4856.7,17669.60416666667,7.9,,8069.200000000001
2020-06-03,12993.82083333333,2784.6125,4907.90833333333,17506.73333333333,7.9,,8069.200000000001
2020-06-04,13093.0875,2998.2,5102.5,18463.175,7.9,,8069.200000000001
2020-06-05,13087.4,2998.2,5102.5,19233.28333333333,7.9,,7505.975
2020-06-06,13087.4,2998.2,5102.5,19282.875,7.9,,7697.73333333333
2020-06-07,12856.08333333334,2938.53333333333,5102.5,19325.4625,7.9,,8069.200000000001
2020-06-08,12723.84166666667,2908.7,5102.5,18211.0375,7.9,,7839.675
2020-06-09,12726.88333333333,2874.80416666667,5102.5,18045.38333333334,7.9,,8069.200000000001
2020-06-10,12666.16666666667,2893.5,4945.87083333333,18832.8,7.9,,8022.76666666667
2020-06-11,12711.93333333333,3003.2,4860.53333333333,19192.72916666667,7.9,,7976.33333333333
2020-06-12,12770.5,3003.2,4844.575,19686.75,7.9,,7484.566666666669
2020-06-13,12770.5,3003.2,4847.2,20030.0,7.9,,7090.650000000001
2020-06-14,12594.91666666667,2580.6,4852.2,19245.69166666667,7.9,,7512.0
2020-06-15,12552.72083333333,2410.475,4916.70416666667,21236.1,7.9,,7512.0
2020-06-16,12735.37916666667,2475.38333333333,5102.5,20694.825,7.9,,7512.0
2020-06-17,12846.875,2479.1,5102.5,20496.50416666667,7.9,,7512.0
2020-06-18,12941.16666666667,2479.1,5102.5,20120.3375,7.9,,7512.0
2020-06-19,13069.9,2479.1,6105.9,20290.61666666667,7.9,,7512.0
2020-06-20,13069.9,2479.1,6467.44166666667,20894.06666666667,7.9,,7482.75833333333
2020-06-21,12860.28333333333,2531.30833333333,5971.95,20978.05416666667,7.9,,8223.2
2020-06-22,12816.50833333333,2568.6,5114.2,21502.5,7.9,,8120.85416666667
2020-06-23,12860.2,2568.6,5114.2,20555.5,7.9,,8223.2
2020-06-24,12919.07916666667,2568.6,5114.2,20393.825,7.9,,8223.2
2020-06-25,12845.1625,2568.6,5324.8875,20404.02916666667,7.9,,8223.2
2020-06-26,12736.4,2568.6,5928.18333333333,20551.59583333333,7.9,,7673.200000000001
2020-06-27,12736.4,2568.6,6111.4,20734.47916666667,7.9,,7646.76666666667
2020-06-28,12408.62083333333,2452.56666666667,7117.2,21311.08333333333,7.9,,7673.200000000001
2020-06-29,12488.35833333333,2446.54583333333,7117.2,21727.65,7.9,,7673.200000000001
2020-06-30,12602.24583333333,2443.66666666667,7117.2,21888.4875,7.9,,4071.8
2020-07-01,12554.64166666667,2384.8375,7117.2,21635.58333333333,7.9,,3430.4
2020-07-02,12698.61666666667,2435.45,7117.2,21627.8,7.9,,3430.4
2020-07-03,12956.7,2471.9,7117.2,22035.9,7.9,,3980.4
2020-07-04,12956.7,2471.9,7117.2,21732.6625,7.9,,3980.4
2020-07-05,12707.25416666667,2471.9,7117.2,21725.55833333334,7.9,,3980.4
2020-07-06,12571.0,2471.9,7030.2875,21206.09166666667,7.9,,3980.4
2020-07-07,12614.9625,2471.9,7051.3875,21558.05,7.9,,3980.4
2020-07-08,12596.53333333333,2471.9,7117.2,22018.80416666667,7.9,,3980.4
2020-07-09,12638.9375,2647.94166666667,7117.2,21625.6,7.9,,3980.4
2020-07-10,12723.00416666667,2894.4,6893.12083333333,21544.19583333334,7.9,,3980.4
2020-07-11,12740.5,2836.29166666667,7117.2,21231.6,7.9,,3980.4
2020-07-12,12655.65833333333,2821.0,7117.2,20849.825,7.9,,3980.4
2020-07-13,12596.54166666667,2778.21439393939,7117.2,20582.3125,7.9,,3980.4
2020-07-14,12645.71666666667,2794.15,7117.2,21214.17083333333,7.9,,3980.4
2020-07-15,12752.9,2794.15,7117.2,21150.825,7.9,,3980.4
2020-07-16,12774.49583333333,2771.65,7117.2,21641.1625,7.9,,3980.4
2020-07-17,12805.9,2780.35,7117.2,22035.9,7.9,,4322.1
2020-07-18,12805.9,2821.6,7117.2,21772.7625,7.9,,4322.1
2020-07-19,12299.15833333333,2821.6,7117.2,21318.1125,7.9,,4322.1
2020-07-20,12067.71666666667,2698.38333333333,7117.2,21831.00416666667,7.9,,4322.1
2020-07-21,12075.925,2747.20416666667,7117.2,20595.12083333334,7.9,,4322.1
2020-07-22,12089.75833333333,2801.6,7117.2,21046.85,7.9,,4322.1
2020-07-23,12169.82083333333,2798.725,7117.2,21014.22916666667,7.9,,4322.1
2020-07-24,12302.6,2821.6,7117.2,20855.3,7.9,,4322.1
2020-07-25,12302.6,2802.70416666667,7117.2,20497.38333333334,7.9,,4322.1
2020-07-26,12119.15833333333,2641.68333333333,7117.2,20820.90833333333,7.9,,4322.1
2020-07-27,11880.9375,2619.525,7117.2,20855.3,7.9,,4322.1
2020-07-28,11746.49166666667,2642.4,7117.2,20822.575,7.9,,4322.1
2020-07-29,11655.9375,2642.4,7117.2,20697.19166666667,7.9,,4322.1
2020-07-30,11898.05,2755.85555555556,7117.2,20193.31666666667,7.9,,4322.1
2020-07-31,12136.4,2918.3,7117.2,20458.9,7.9,,4322.1
2020-08-01,12021.15,2918.3,7117.2,20922.52083333333,7.9,,4322.1
2020-08-02,11698.65416666667,2918.3,7117.2,21065.13333333334,7.9,,4322.1
2020-08-03,11301.50416666667,2901.075,7117.2,21452.54583333333,7.9,,4237.65555555556
2020-08-04,11335.525,2918.3,7117.2,21182.0,7.9,,3757.4791666666697
2020-08-05,11441.52916666667,2884.2875,7117.2,21355.75416666667,7.9,,3742.85833333333
2020-08-06,11488.99583333333,2918.3,7117.2,22043.2,7.9,,3772.1000000000004
2020-08-07,11550.45416666667,2918.3,7117.2,22043.2,7.9,,3772.1000000000004
2020-08-08,11461.33333333334,2918.3,7117.2,22043.2,7.9,,3772.1000000000004
2020-08-09,11397.29166666667,2918.3,7117.2,21483.95,7.9,,3772.1000000000004
2020-08-10,11470.21666666667,2960.76666666667,7117.2,21236.2,7.9,,3772.1000000000004
2020-08-11,11555.3,2991.1,7117.2,21315.99166666667,7.9,,3772.1000000000004
2020-08-12,11555.3,2991.1,7117.2,21351.45,7.9,,4322.1
2020-08-13,11566.725,2991.1,7117.2,20596.8,7.9,,4322.1
2020-08-14,11601.0,2991.1,7117.2,20669.1875,7.9,,4322.1
2020-08-15,11630.8875,2991.1,7117.2,20439.6,7.9,,4322.1
2020-08-16,11523.40416666667,2956.65,7117.2,19921.64166666667,7.9,,4322.1
2020-08-17,11437.4,2982.0,7117.2,20029.1,7.9,,4322.1
2020-08-18,11409.56666666667,2918.3,7117.2,20029.1,7.9,,4322.1
2020-08-19,11412.50833333333,2918.3,7117.2,20029.1,7.9,,4322.1
2020-08-20,11460.25416666667,2918.3,6941.1875,20029.1,7.9,,4322.1
2020-08-21,11550.5,2918.3,6883.10833333333,19975.5875,7.9,,4322.1
2020-08-22,11550.5,2918.3,7117.2,20028.36666666667,7.9,,4322.1
2020-08-23,11462.3375,2636.63333333333,7117.2,20302.3,7.9,,4322.1
2020-08-24,11393.7875,2480.50833333333,7117.2,20285.1375,7.9,,4322.1
2020-08-25,11428.7625,2480.50833333333,7117.2,19888.5625,7.9,,4322.1
2020-08-26,11512.02916666667,2495.8,7104.98333333333,19312.27083333333,7.9,,4163.425
2020-08-27,11882.4,2495.8,7117.2,19082.94583333334,7.9,,3975.9
2020-08-28,12277.9,2495.8,7117.2,19207.2,7.9,,4322.1
2020-08-29,12259.325,2495.8,7117.2,19412.325,7.9,,4322.1
2020-08-30,11050.425,2595.83333333333,7117.2,19759.83333333333,7.9,,4322.1
2020-08-31,10576.6,2547.3,6725.60416666667,19165.17916666667,7.9,,3772.1000000000004
2020-09-01,10596.75833333333,2530.2446969697,5973.9,19475.46666666667,7.9,,3772.1000000000004
2020-09-02,10776.8875,2565.6,6865.02916666667,19574.775,7.9,,3772.1000000000004
2020-09-03,10865.88333333333,2565.6,7000.25,19433.50833333334,7.9,,3772.1000000000004
2020-09-04,10872.7,2251.9,6045.70833333333,19000.6,7.9,,3772.1000000000004
2020-09-05,10872.7,2152.525,6121.4,19201.5,7.9,,3772.1000000000004
2020-09-06,10538.99166666667,2019.10416666667,6121.4,19040.41666666667,7.9,,3772.1000000000004
2020-09-07,10350.90833333333,1961.6,6955.175,19021.80416666667,7.9,,3772.1000000000004
2020-09-08,10372.80833333333,1961.6,7117.2,18219.4375,7.9,,3772.1000000000004
2020-09-09,10405.7625,1991.76666666667,7117.2,18074.1,7.9,,3725.28333333333
2020-09-10,10736.31666666667,2210.5375,7117.2,17939.9,7.9,,3210.3
2020-09-11,11002.2,2474.6,7117.2,18756.225,7.9,,3210.3
2020-09-12,11002.2,2281.18333333333,7117.2,19133.8,7.9,,3210.3
2020-09-13,10519.275,2164.15416666667,7117.2,20206.65,7.9,,3210.3
2020-09-14,10238.075,2197.75833333333,7117.2,19777.63333333334,7.9,,3210.3
2020-09-15,10301.90416666667,2364.8,7117.2,19531.91666666667,7.9,,3177.23333333333
2020-09-16,10441.05416666667,2410.29166666667,7117.2,19491.00833333334,7.9,,3195.43333333333
2020-09-17,10673.425,2506.32083333333,7117.2,20004.425,7.9,,2920.55
2020-09-18,10914.8,2601.8,7117.2,19629.2,7.9,,2762.4
2020-09-19,10913.6,2601.8,7117.2,19727.44166666667,7.9,,3096.4
2020-09-20,10686.175,2521.87916666667,7117.2,19501.7,7.9,,3036.51666666667
2020-09-21,10818.43333333333,2499.70416666667,7117.2,19698.15,7.9,,3210.3
2020-09-22,11106.37916666667,2505.8,7117.2,20000.1,7.9,,2800.8958333333303
2020-09-23,11185.25,2442.0125,7098.0875,20366.025,7.9,,3210.3
2020-09-24,11263.5875,2505.8,7082.83333333333,20384.1125,7.9,,3210.3
2020-09-25,11422.1,2488.29583333333,7085.5,18815.8,7.9,,2945.01666666667
2020-09-26,11422.1,2132.0125,7085.5,19815.44166666667,7.9,,2868.6
2020-09-27,11114.80833333333,2308.0375,7075.5,20237.6,7.9,,3075.625
2020-09-28,10959.09166666667,2439.19166666667,7065.5,20034.4,7.9,,3210.3
2020-09-29,10996.54166666667,2652.22916666667,7066.5,20171.15,7.9,,3210.3
2020-09-30,10817.44583333333,2712.5,6787.16666666667,20347.0125,7.9,,3210.3
2020-10-01,10979.3,2745.73333333333,6712.16666666667,20444.6,7.9,,3210.3
2020-10-02,11364.9,2870.1125,6125.5,20058.6,7.9,,3210.3
2020-10-03,11364.9,2870.15,5745.8375,19563.96666666667,7.9,,3210.3
2020-10-04,11150.77083333333,2832.7,6125.5,19354.2125,7.9,,2976.43333333333
2020-10-05,10815.87083333333,2808.4,6125.5,19787.9,7.9,,2859.5
2020-10-06,10959.45833333333,2808.4,6125.5,20077.0875,7.9,,2859.5
2020-10-07,11184.26666666667,2771.85416666667,6125.5,20793.55833333334,7.9,,2859.5
2020-10-08,11323.90833333333,2808.4,6125.5,20863.5,7.9,,2859.5
2020-10-09,11743.54166666667,2808.4,6125.5,20863.5,7.9,,2859.5
2020-10-10,12066.3,2711.4625,6125.5,20813.275,7.9,,2844.8791666666702
2020-10-11,12066.3,2596.9,6125.5,20423.78333333333,7.9,,2713.29166666667
2020-10-12,11879.025,2557.55833333333,6125.5,20475.6,7.9,,2859.5
2020-10-13,11721.375,2617.2,6125.5,20421.675,7.9,,2859.5
2020-10-14,11967.11666666667,2696.86666666667,6125.5,20295.84166666667,7.9,,2859.5
2020-10-15,12031.2125,2808.4,6125.5,20083.4,7.9,,2859.5
2020-10-16,12342.3,2808.4,6125.5,19704.5,7.9,,2859.5
2020-10-17,12342.3,2808.4,6125.5,19767.65,7.9,,2859.5
2020-10-18,12121.925,2613.04342105263,6125.5,18891.5,7.9,,2859.5
2020-10-19,11848.25,2429.40833333333,6125.5,18891.5,7.9,,2859.5
2020-10-20,11874.32083333333,2368.825,6125.5,18462.0,7.9,,2859.5
2020-10-21,11941.51666666667,2383.25,6125.5,17961.1,7.9,,2859.5
2020-10-22,12053.9375,2343.0125,6125.5,18515.39166666667,7.9,,2859.5
2020-10-23,12291.9,2479.7,6125.5,18891.5,7.9,,2859.5
2020-10-24,12233.424,2479.7,6125.5,18481.8,7.9,,2859.5
2020-10-25,12167.79583333333,2473.58333333333,6125.5,18152.03333333333,7.9,,2831.50416666667
2020-10-26,12228.55833333333,2428.26666666667,6125.5,18473.7,7.9,,2859.5
2020-10-27,12349.58333333334,2367.475,6125.5,18432.375,7.9,,2859.5
2020-10-28,12365.0875,2395.90833333333,6125.5,18516.65,7.9,,2859.5
2020-10-29,12484.275,2383.8,6125.5,18640.2625,7.9,,2859.5
2020-10-30,12605.5,2383.8,6125.5,18819.0,7.9,,3187.21666666667
2020-10-31,12605.5,2383.8,6125.5,18819.0,7.9,,3366.90833333333
2020-11-01,12583.56666666667,2383.8,6125.5,16877.8,7.9,,3118.375
2020-11-02,12457.68333333333,2383.8,6125.5,16504.42916666667,7.9,,3772.1000000000004
2020-11-03,12419.85833333333,2346.60416666667,6125.5,16329.9,7.9,,3772.1000000000004
2020-11-04,12514.99583333333,2548.025,6125.5,16329.9,7.9,,3757.4750000000004
2020-11-05,12651.05,2575.3625,6125.5,16427.175,7.9,,3757.4750000000004
2020-11-06,12511.5,2602.7,6125.5,16719.0,7.9,,3772.1000000000004
2020-11-07,12501.7,2602.7,6125.5,15866.0,7.9,,3772.1000000000004
2020-11-08,12248.2625,2663.675,6125.5,14809.20833333334,7.9,,3772.1000000000004
2020-11-09,12173.93333333333,2623.87083333333,6125.5,14479.075,7.9,,3772.1000000000004
2020-11-10,12404.875,2602.6,6125.5,14297.52916666667,7.9,,3772.1000000000004
2020-11-11,12428.1625,2594.77083333333,6125.5,14569.6625,7.9,,3772.1000000000004
2020-11-12,12548.5,2730.4,6125.5,15062.87083333333,7.9,,3772.1000000000004
2020-11-13,12674.1,2785.3,6125.5,16687.8,7.9,,3772.1000000000004
2020-11-14,12640.425,2785.3,6125.5,17849.46666666667,7.9,,3772.1000000000004
2020-11-15,12644.85,2638.1,6125.5,18569.15833333333,7.9,,3772.1000000000004
2020-11-16,12717.3125,2564.5,6113.50833333333,18350.15,7.9,,3772.1000000000004
2020-11-17,12801.54166666667,2564.5,6456.33333333333,17997.05,7.9,,3772.1000000000004
2020-11-18,12953.13333333333,2564.5,6781.45,17477.28333333333,7.9,,3772.1000000000004
2020-11-19,13223.95416666667,2523.325,7003.99166666667,17550.15,7.9,,3772.1000000000004
2020-11-20,13247.4,2454.7,7117.2,17584.98333333333,7.9,,3772.1000000000004
2020-11-21,13247.4,2454.7,7117.2,17618.8,7.9,,3772.1000000000004
2020-11-22,13077.01666666667,2454.7,7117.2,17453.35,7.9,,3430.4
2020-11-23,13040.025,2405.76666666667,7117.2,17313.85416666667,7.9,,3336.73333333333
2020-11-24,12875.3375,2381.3,7117.2,17137.4875,7.9,,2868.4
2020-11-25,12978.4625,2408.825,7117.2,17986.1,7.9,,2310.9
2020-11-26,13275.075,2505.8625,7117.2,18832.68333333334,7.9,,2310.9
2020-11-27,13277.45833333334,2785.3,7117.2,18936.37083333334,7.9,,3214.6000000000004
2020-11-28,13224.1,2785.3,7117.2,19228.18333333334,7.9,,3214.6000000000004
2020-11-29,12960.4625,2724.83333333333,7081.35833333333,19685.48333333333,7.9,,3214.6000000000004
2020-11-30,12895.37083333333,2694.6,7039.9,20332.96666666667,7.9,,3214.6000000000004
2020-12-01,13027.94583333333,2694.6,7001.20416666667,20929.775,7.9,,3446.89166666667
2020-12-02,13071.18333333333,2630.75416666667,7117.2,21155.675,7.9,,3772.1000000000004
2020-12-03,12939.1125,2694.6,7117.2,21093.675,7.9,,3772.1000000000004
2020-12-04,13248.6,2694.6,7117.2,20615.775,7.9,,3772.1000000000004
2020-12-05,13274.99166666667,2694.6,7117.2,20897.74583333334,7.9,,3772.1000000000004
2020-12-06,13225.45,2694.6,6773.72916666667,20234.29166666667,7.9,,3772.1000000000004
2020-12-07,13169.8,2500.725,7117.2,20677.55,7.9,,3772.1000000000004
2020-12-08,13144.4,2534.1625,7117.2,20407.675,7.9,,3772.1000000000004
2020-12-09,13150.03333333333,2529.78333333333,7117.2,20923.08333333333,7.9,,3772.1000000000004
2020-12-10,13257.325,2651.78333333333,7117.2,21140.35,7.9,,3772.1000000000004
2020-12-11,13384.6,2694.6,7117.2,21238.125,7.9,,3772.1000000000004
2020-12-12,13377.88333333333,2694.6,7117.2,21482.17916666667,7.9,,3772.1000000000004
2020-12-13,13381.5125,2728.6125,7117.2,20799.95833333333,7.9,,3772.1000000000004
2020-12-14,13384.6,2694.175,7117.2,20334.20416666667,7.9,,3772.1000000000004
2020-12-15,13326.8125,2655.4625,7117.2,20361.03333333333,7.9,,3772.1000000000004
2020-12-16,13304.92916666667,2688.6,7117.2,21322.0,7.9,,3772.1000000000004
2020-12-17,13319.7,2688.6,7109.14166666667,22392.125,7.9,,3772.1000000000004
2020-12-18,13174.77083333334,2688.6,7117.2,22500.20416666667,7.9,,3772.1000000000004
2020-12-19,13031.125,2688.6,7117.2,22242.05833333334,7.9,,3772.1000000000004
2020-12-20,12925.61666666667,2688.6,7117.2,22685.49166666667,7.9,,3772.1000000000004
2020-12-21,12875.77083333334,2661.175,7117.2,23300.175,7.9,,3772.1000000000004
2020-12-22,13098.17083333333,2732.92083333333,7117.2,23066.1,7.9,,3772.1000000000004
2020-12-23,13363.3,2785.3,7117.2,23334.5,7.9,,3757.4791666666697
2020-12-24,13316.80833333333,2785.3,7117.2,22478.9,7.9,,3471.3285714285703
2020-12-25,13283.6,2753.72083333333,7117.2,21950.95,7.9,,2369.2
2020-12-26,13283.6,2716.4,7117.2,22052.9,7.9,,3772.1000000000004
2020-12-27,13233.35833333333,2698.11666666667,7117.2,22478.9,7.9,,3772.1000000000004
2020-12-28,13366.45,2716.4,7117.2,23321.75,7.9,,3772.1000000000004
2020-12-29,13458.17916666667,2750.85,7117.2,23221.33333333333,7.9,,3772.1000000000004
2020-12-30,13512.0,2785.3,7117.2,23334.5,7.9,,3772.1000000000004
2020-12-31,13509.98333333333,2785.3,7117.2,22637.425,7.9,,3772.1000000000004
2021-01-01,13512.0,2785.3,7117.2,22908.5,7.9,,3772.1000000000004
2021-01-02,13493.39583333334,2721.25,7117.2,22908.5,7.9,,3772.1000000000004
2021-01-03,13420.49583333333,2785.3,7117.2,21765.61666666667,7.9,,3772.1000000000004
2021-01-04,13512.0,2746.16028708134,7117.2,21462.35833333333,7.9,,3430.4
2021-01-05,13382.05,2785.3,7117.2,22524.2,7.9,,3325.07916666667
2021-01-06,13228.225,2776.4875,7117.2,22208.45,7.9,,2562.99166666667
2021-01-07,13251.5,2661.925,7117.2,22488.7,7.9,,2284.84583333333
2021-01-08,13285.3,2785.3,6689.4125,22119.5,7.9,,2019.53695652174
2021-01-09,13241.65416666667,2744.125,7096.82916666667,22103.975,7.9,,1869.9
2021-01-10,13139.87083333333,2736.95,7117.2,21831.675,7.9,,1939.5875
2021-01-11,13060.82916666667,2688.6,7117.2,21246.62083333334,7.9,,1832.50416666667
2021-01-12,13089.43333333333,2688.6,7117.2,21492.93333333334,7.9,,1820.9
2021-01-13,13086.975,2688.6,7117.2,21894.60416666667,7.9,,1820.9
2021-01-14,13006.5125,2679.47916666667,7117.2,21673.3,7.9,,1820.9
2021-01-15,13067.7,2688.6,7117.2,21668.125,7.9,,2171.9
2021-01-16,13067.7,2688.6,7117.2,21667.85,7.9,,2171.9
2021-01-17,13053.44166666667,2539.34583333333,7117.2,21128.22916666667,7.9,,1967.15
2021-01-18,12984.0125,2376.50833333333,7117.2,20748.30833333334,7.9,,1820.9
2021-01-19,13033.975,2521.1625,7117.2,20913.7,7.9,,1820.9
2021-01-20,13013.55,2633.7,7117.2,21015.53333333333,7.9,,2076.42083333333
2021-01-21,13078.3875,2578.8,7117.2,22173.61666666667,7.9,,2378.4
2021-01-22,13302.775,2578.8,7117.2,22365.5,7.9,,2181.7083333333303
2021-01-23,13259.1125,2578.8,7117.2,22552.1,7.9,,2158.3
2021-01-24,13090.8,2456.775,7117.2,22552.1,7.9,,2720.1000000000004
2021-01-25,13037.64583333334,2456.775,7117.2,22123.15,7.9,,2720.1000000000004
2021-01-26,12937.39166666667,2324.625,7117.2,22057.45,7.9,,2720.1000000000004
2021-01-27,13208.25833333333,2320.325,7117.2,20948.79166666667,7.9,,2720.1000000000004
2021-01-28,13353.93333333333,2394.8,7117.2,21024.41666666667,7.9,,2822.4750000000004
2021-01-29,13352.5,2578.8,7117.2,21475.175,7.9,,3071.1000000000004
2021-01-30,13352.5,2578.8,7117.2,21364.4,7.9,,3071.1000000000004
2021-01-31,13291.30416666667,2547.22083333333,7117.2,20947.5,7.9,,3014.13333333333
2021-02-01,13236.5,2464.025,7117.2,20947.5,7.9,,3071.1000000000004
2021-02-02,13166.34166666667,2438.65,7117.2,20914.73333333333,7.9,,3071.1000000000004
2021-02-03,13341.41666666667,2576.88333333333,7117.2,21033.3125,7.9,,3071.1000000000004
2021-02-04,13532.99166666667,2619.7,7117.2,21359.4,7.9,,3071.1000000000004
2021-02-05,13576.8,2619.7,7117.2,21359.4,7.9,,3071.1000000000004
2021-02-06,13562.00833333333,2688.6,7117.2,21319.99583333334,7.9,,3071.1000000000004
2021-02-07,13504.05,2642.66666666667,7117.2,21359.4,7.9,,3071.1000000000004
2021-02-08,13556.05833333333,2574.2,7117.2,20568.61666666667,7.9,,3071.1000000000004
2021-02-09,13433.16666666667,2539.43333333333,7117.2,20955.0,7.9,,3071.1000000000004
2021-02-10,13443.43333333333,2587.65833333333,7117.2,20972.40833333333,7.9,,3071.1000000000004
2021-02-11,13566.35833333333,2688.6,7117.2,21623.69583333334,7.9,,3010.04166666667
2021-02-12,13705.25,2688.6,7117.2,21371.00416666667,7.9,,2509.3
2021-02-13,13734.8,2688.6,7117.2,20985.2875,7.9,,2509.3
2021-02-14,13674.84166666667,2642.66666666667,7117.2,20951.1,7.9,,2735.925
2021-02-15,13641.1,2574.1375,7117.2,20558.1,7.9,,2509.3
2021-02-16,13641.1,2461.93333333333,6113.8,20558.1,7.9,,2943.3
2021-02-17,13650.07083333333,2498.0,6113.8,20541.69166666667,7.9,,2729.4
2021-02-18,13638.52083333334,2639.79583333333,6113.8,20819.79583333333,7.9,,2729.4
2021-02-19,13707.0,2681.05833333333,6040.69583333333,20860.0,7.9,,2729.4
2021-02-20,13707.0,2688.6,6113.8,20929.7,7.9,,2729.4
2021-02-21,13679.5,2688.6,6113.8,20694.59166666667,7.9,,2729.4
2021-02-22,13628.925,2629.13333333333,6113.8,20904.9,7.9,,2729.4
2021-02-23,13555.05416666667,2595.67083333333,6113.8,20904.9,7.9,,2729.4
2021-02-24,13596.3375,2585.9625,6113.8,20736.90833333333,7.9,,2729.4
2021-02-25,13802.90833333333,2593.25892857143,6113.8,20666.525,7.9,,2729.4
2021-02-26,13840.21666666667,2688.6,7117.2,20473.31666666667,7.9,,2729.4
2021-02-27,13857.8,2688.6,7117.2,21381.16666666667,7.9,,2729.4
2021-02-28,13512.08333333334,2688.6,7117.2,21289.275,7.9,,2729.4
2021-03-01,13419.45,2688.6,7117.2,21257.83333333333,7.9,,2729.4
2021-03-02,13385.67083333333,2688.6,7117.2,21182.65416666667,7.9,,2729.4
2021-03-03,13414.14166666667,2661.075,7117.2,21252.01666666667,7.9,,2729.4
2021-03-04,13501.24166666667,2688.6,7117.2,21323.6,7.9,,2729.4
2021-03-05,13610.1,2688.6,7117.2,20911.7,7.9,,2729.4
2021-03-06,13572.175,2688.6,7117.2,20911.7,7.9,,2729.4
2021-03-07,13538.20833333334,2619.975,7117.2,19513.08333333333,7.9,,2729.4
2021-03-08,13259.16666666667,2551.4375,7117.2,19440.24166666667,7.9,,2729.4
2021-03-09,13343.12083333333,2578.8,7117.2,18849.3375,7.9,,2729.4
2021-03-10,13425.2875,2578.8,7117.2,18650.2125,7.9,,2729.4
2021-03-11,13494.56666666667,2503.55833333333,7117.2,19589.66666666667,7.9,,2729.4
2021-03-12,13536.56666666667,2578.8,6949.56666666667,20354.66666666667,7.9,,2729.4
2021-03-13,13504.3,2578.8,5892.0875,20911.7,7.9,,2729.4
2021-03-14,13173.4375,2578.8,6111.4,20617.56666666667,7.9,,2729.4
2021-03-15,12967.64583333334,2524.025,6111.4,20589.875,7.9,,2729.4
2021-03-16,12710.39166666667,2578.8,6111.4,20899.4,7.9,,2729.4
2021-03-17,13052.25416666667,2578.8,6111.4,20899.4,7.9,,2729.4
2021-03-18,13231.7125,2578.8,6111.4,20945.275,7.9,,2729.4
2021-03-19,13287.8,2578.8,6111.4,21239.725,7.9,,2729.4
2021-03-20,13287.8,2578.8,6111.4,21243.26666666667,7.9,,2729.4
2021-03-21,12458.49166666667,2518.46666666667,6111.4,20860.6,7.9,,2729.4
2021-03-22,12422.00416666667,2488.3,6111.4,20860.6,7.9,,2729.4
2021-03-23,12388.11666666667,2433.575,6111.4,20504.24166666667,7.9,,2729.4
2021-03-24,12486.6,2506.625,6111.4,20670.22916666667,7.9,,2729.4
2021-03-25,12629.3125,2839.49583333333,6111.4,21679.9,7.9,,2729.4
2021-03-26,12793.6125,2903.6,6111.4,20891.38333333334,7.9,,2729.4
2021-03-27,12744.60869565218,2903.6,6111.4,21143.29130434783,7.9,,2729.4
2021-03-28,12486.94166666667,2903.6,6111.4,21766.9625,7.9,,2729.4
2021-03-29,12424.5875,2865.025,6111.4,21786.8875,7.9,,2729.4
2021-03-30,12531.16666666667,2903.6,6111.4,21528.7375,7.9,,2729.4
2021-03-31,12738.46666666667,2859.5375,6111.4,21152.25833333334,7.9,,2729.4
2021-04-01,12745.8,2903.6,6111.4,21068.1,7.9,,2729.4
2021-04-02,12745.8,2903.6,6111.4,20695.5,7.9,,2413.6916666666702
2021-04-03,12764.4,2903.6,6111.4,21182.02916666667,7.9,,2729.4
2021-04-04,12577.65,2833.25833333333,6111.4,21395.25,7.9,,2729.4
2021-04-05,12440.39166666667,2830.2,6111.4,21058.05,7.9,,2729.4
2021-04-06,12208.95,2830.2,6111.4,20472.29166666667,7.9,,2729.4
2021-04-07,12510.4,2830.2,6111.4,20518.82916666667,7.9,,2729.4
2021-04-08,12531.50833333333,2830.2,6111.4,21267.45,7.9,,2576.79130434783
2021-04-09,12551.35,2830.2,6111.4,20082.5,7.9,,2378.4
2021-04-10,12435.05,2830.2,6111.4,20082.5,7.9,,2378.4
2021-04-11,12379.40416666667,2830.2,6111.4,19587.42083333333,7.9,,2378.4
2021-04-12,12413.02083333334,2778.96,6111.4,19887.25,7.9,,2378.4
2021-04-13,12433.825,2500.8,6111.4,19365.45,7.9,,2378.4
2021-04-14,12505.325,2473.4625,5115.6,19598.77083333333,7.9,,2378.4
2021-04-15,12617.92916666667,2500.8,5903.94166666667,20759.22916666667,7.9,,2378.4
2021-04-16,12797.1,2500.8,6010.37916666667,20910.3,7.9,,2378.4
2021-04-17,12797.1,2500.8,6111.4,20051.3,7.9,,2378.4
2021-04-18,12771.81666666667,2291.65416666667,6111.4,18409.35289855073,7.9,,2378.4
2021-04-19,12798.75,2079.9625,6111.4,18044.425,7.9,,2378.4
2021-04-20,12727.675,2272.575,6111.4,18077.0,7.9,,2378.4
2021-04-21,12886.02083333334,2210.1125,6111.4,18426.825,7.9,,2378.4
2021-04-22,12973.56666666667,2289.8,5661.0,17869.19166666667,7.9,,2378.4
2021-04-23,12944.09583333333,2149.7625,5199.41666666667,18061.175,7.9,,2378.4
2021-04-24,12761.35416666667,2199.775,6121.4,18546.025,7.9,,2378.4
2021-04-25,12578.33333333334,2070.50833333333,6121.4,18461.51666666667,7.9,,2378.4
2021-04-26,12292.57083333333,2213.94583333333,6121.4,18450.5,7.9,,2378.4
2021-04-27,12423.95,2289.8,6140.0375,18416.45,7.9,,2378.4
2021-04-28,12651.95416666667,2495.775,4871.96666666667,18075.7375,7.9,,2378.4
2021-04-29,12897.85416666667,2265.85416666667,5625.13333333333,18067.25,7.9,,2378.4
2021-04-30,12750.6125,2453.3125,6156.1375,16907.51666666667,7.9,,2378.4
2021-05-01,12736.6,2509.4,6761.4,17420.55,7.9,,2378.4
2021-05-02,12476.7875,2468.225,7087.55,18241.65,7.9,,2378.4
2021-05-03,12299.4,2509.4,7117.2,18366.775,7.9,,2378.4
2021-05-04,12352.8,2509.4,7117.2,18242.55416666667,7.9,,2297.875
2021-05-05,12357.19583333333,2509.4,7117.2,19046.49166666667,7.9,,2378.4
2021-05-06,11985.04583333333,2629.39166666667,7117.2,19061.20416666667,7.9,,2510.025
2021-05-07,12043.2,2830.2,7117.2,19629.95,7.9,,2729.4
2021-05-08,12043.2,2772.97083333333,7117.2,19626.675,7.9,,2729.4
2021-05-09,11861.175,2703.28333333333,7117.2,19601.51666666667,7.9,,2729.4
2021-05-10,11766.4125,2692.2,7117.2,19622.4,7.9,,2729.4
2021-05-11,11908.97083333333,2692.2,7117.2,19421.27083333333,7.9,,2729.4
2021-05-12,12205.35833333333,2732.325,7117.2,18849.0,7.9,,2729.4
2021-05-13,12519.35,2753.2,6923.6875,19613.7,7.9,,2729.4
2021-05-14,12543.4,2775.7,6071.9,19967.3875,7.9,,2729.4
2021-05-15,12543.4,2775.7,5068.5,20016.3,7.9,,2729.4
2021-05-16,12250.08333333334,2722.62916666667,5068.5,17926.16666666667,7.9,,2729.4
2021-05-17,11961.75,2629.9,5068.5,17116.1,7.9,,2378.4
2021-05-18,12118.46666666667,2557.0,5068.5,17230.38333333334,7.9,,2729.4
2021-05-19,12077.80833333333,2574.67083333333,5068.5,16761.32916666667,7.9,,2729.4
2021-05-20,12034.08333333334,2666.8,5068.5,16931.48333333333,7.9,,2729.4
2021-05-21,12212.9,2666.8,5068.5,17183.4,7.9,,2729.4
2021-05-22,12212.9,2666.8,5068.5,17183.4,7.9,,2729.4
2021-05-23,11852.23333333333,2494.1625,5068.5,17601.8,7.9,,2729.4
2021-05-24,11572.39583333334,2461.25,5068.5,17953.75833333334,7.9,,2729.4
2021-05-25,11484.1,2412.15,5068.5,17634.80833333334,7.9,,2729.4
2021-05-26,11681.12916666667,2323.3,5068.5,17254.69583333334,7.9,,2729.4
2021-05-27,11822.025,2500.75,5068.5,17606.9,7.9,,2383.2
2021-05-28,11840.43333333333,2557.0,5040.925,17745.67916666667,7.9,,2469.75
2021-05-29,11722.7,2557.0,5068.5,17985.39166666667,7.9,,2729.4
2021-05-30,11686.90416666667,2557.0,5068.5,17619.0,7.9,,2729.4
2021-05-31,11802.8375,2557.0,5068.5,17588.67678571429,7.9,,2729.4
2021-06-01,11800.19166666667,2557.0,5068.5,17597.2,7.9,,2729.4
2021-06-02,11882.84583333333,2342.625,5068.5,17610.7,7.9,,2729.4
2021-06-03,11905.6125,2557.0,5068.5,17629.6,7.9,,2657.275
2021-06-04,11921.8,2557.0,5068.5,16847.98333333333,7.9,,2383.2
2021-06-05,11918.65,2557.0,5068.5,17006.65,7.9,,2383.2
2021-06-06,11884.0,2545.51666666667,5068.5,17349.05,7.9,,2455.325
2021-06-07,11867.53333333333,2557.0,5068.5,17453.375,7.9,,2382.42
2021-06-08,11832.58333333334,2557.0,5068.5,17592.3,7.9,,2592.60833333333
2021-06-09,11782.525,2557.0,4159.44166666667,17245.025,7.9,,2513.2
2021-06-10,11895.04583333333,2553.22083333333,4076.8,17569.81666666667,7.9,,2513.2
2021-06-11,12039.57083333333,2557.0,4462.43333333333,17592.3,7.9,,2513.2
2021-06-12,12017.2,2557.0,5068.5,17592.3,7.9,,2513.2
2021-06-13,11999.125,2557.0,5068.5,17818.025,7.9,,2352.3708333333298
2021-06-14,11952.55416666667,2543.75,5068.5,17743.94166666667,7.9,,2513.2
2021-06-15,11862.45416666667,2557.0,5068.5,17586.9,7.9,,2513.2
2021-06-16,11905.375,2535.51666666667,5068.5,17935.75,7.9,,2513.2
2021-06-17,11995.46666666667,2652.90833333333,5068.5,18312.36666666667,7.9,,2513.2
2021-06-18,12124.6,2523.36666666667,5068.5,18377.9,7.9,,2729.4
2021-06-19,12111.0,2731.8,5068.5,18008.58333333333,7.9,,2729.4
2021-06-20,11983.66666666667,2822.925,4585.70833333333,16976.86666666667,7.9,,2729.4
2021-06-21,11622.6875,2930.25416666667,4072.7,16947.95833333333,7.9,,2729.4
2021-06-22,11908.2125,2904.225,5329.39166666667,16988.73333333333,7.9,,2729.4
2021-06-23,11958.14166666667,2958.9,5518.14166666667,17283.94166666667,7.9,,2729.4
2021-06-24,12048.09583333333,2958.9,6555.25,18063.75,7.9,,2729.4
2021-06-25,12097.1,2958.9,6994.15833333333,18385.275,7.9,,2729.4
2021-06-26,12097.1,2958.9,7117.2,18409.55,7.9,,2729.4
2021-06-27,11865.84583333333,2758.06666666667,7117.2,18516.35,7.9,,2729.4
2021-06-28,11619.50833333333,2577.3875,7117.2,18118.475,7.9,,2729.4
2021-06-29,11732.85833333333,2648.5,7117.2,18213.3625,7.9,,2729.4
2021-06-30,11775.0,2538.77954545455,7117.2,19224.825,7.9,,2424.98333333333
2021-07-01,11897.8625,2632.0375,7117.2,19610.3,7.9,,2729.4
2021-07-02,11699.15,2781.8,7117.2,19645.93333333334,7.9,,1609.9
2021-07-03,11668.6,2733.26666666667,7117.2,20037.9,7.9,,1609.9
2021-07-04,11342.07916666667,2648.53333333333,7117.2,19984.65,7.9,,1609.9
2021-07-05,11214.0625,2681.9,7117.2,20440.5,7.9,,1609.9
2021-07-06,11289.925,2821.9125,7117.2,20400.1125,7.9,,1609.9
2021-07-07,11234.47916666667,2878.6,6572.39166666667,20868.5,7.9,,1609.9
2021-07-08,11163.23333333333,2790.50416666667,6530.48333333333,20868.5,7.9,,1609.9
2021-07-09,11089.1,2878.6,7016.17916666667,20593.46666666667,7.9,,1609.9
2021-07-10,11089.1,2878.6,7117.2,19235.39166666667,7.9,,1609.9
2021-07-11,11012.68333333333,2878.6,7117.2,19430.00416666667,7.9,,1492.85833333333
2021-07-12,11097.30833333333,2878.6,7117.2,19857.70833333333,7.9,,1609.9
2021-07-13,11156.66666666667,2954.51666666667,7117.2,20322.59583333333,7.9,,1479.2624999999998
2021-07-14,11388.80833333333,3030.16666666667,7117.2,20827.5,7.9,,1816.7208333333301
2021-07-15,11442.525,3096.9,7117.2,20737.83333333333,7.9,,1609.9
2021-07-16,11478.0,3096.9,7117.2,21240.2,7.9,,1609.9
2021-07-17,11478.0,3096.9,7117.2,21428.25416666667,7.9,,1609.9
2021-07-18,11444.27916666667,3053.8375,7117.2,21392.43333333334,7.9,,1609.9
2021-07-19,11457.5,2979.25416666667,7117.2,21707.41666666667,7.9,,1609.9
2021-07-20,11431.8625,2967.77638888889,7117.2,22227.79583333333,7.9,,1609.9
2021-07-21,11447.53333333333,1493.425,7117.2,22188.6,7.9,,1609.9
2021-07-22,11475.53333333333,3045.9625,7117.2,22188.6,7.9,,1609.9
2021-07-23,11674.4,3109.58333333333,7117.2,21967.8,7.9,,908.0
2021-07-24,11669.875,3079.35,7117.2,21640.74583333334,7.9,,908.0
2021-07-25,11410.41666666667,2920.7,7117.2,21430.79583333333,7.9,,908.0
2021-07-26,11314.4375,2680.9,7117.2,21906.7375,7.9,,908.0
2021-07-27,11513.8125,2635.3375,7117.2,21808.70833333333,7.9,,908.0
2021-07-28,12316.10833333333,2680.9,7117.2,21751.5875,7.9,,908.0
2021-07-29,12332.1,2680.9,7117.2,21656.8,7.9,,908.0
2021-07-30,12350.60416666667,2680.9,7089.625,22667.5625,7.9,,908.0
2021-07-31,12264.49166666667,2665.84166666667,7117.2,22920.5,7.9,,908.0
2021-08-01,12132.17083333333,2749.8,7117.2,22636.65,7.9,,908.0
2021-08-02,11972.6125,2768.00416666667,7117.2,22061.5,7.9,,908.0
2021-08-03,11683.4625,2842.64166666667,7117.2,22430.80833333334,7.9,,908.0
2021-08-04,11761.1625,2913.2,7113.45,22461.00416666667,7.9,,908.0
2021-08-05,11939.75,2868.87916666667,7117.2,21071.025,7.9,,908.0
2021-08-06,12078.2,2816.5,7117.2,20939.13333333334,7.9,,908.0
2021-08-07,12078.2,2816.5,7117.2,20904.94583333334,7.9,,908.0
2021-08-08,11904.72083333333,2815.31666666667,7117.2,21443.38333333334,7.9,,908.0
2021-08-09,11788.66666666667,2852.57916666667,7117.2,21992.7125,7.9,,908.0
2021-08-10,11764.175,2889.9,7117.2,22526.79166666667,7.9,,908.0
2021-08-11,11693.3875,2863.475,7117.2,22662.5625,7.9,,908.0
2021-08-12,12145.93333333333,2889.9,7117.2,22507.8,7.9,,908.0
2021-08-13,12507.4,2889.9,7117.2,22293.05,7.9,,908.0
2021-08-14,12367.74166666667,2889.9,7117.2,22507.8,7.9,,908.0
2021-08-15,11981.77083333334,2889.9,7117.2,22118.54583333333,7.9,,908.0
2021-08-16,11744.4875,2900.87916666667,7117.2,22460.7,7.9,,908.0
2021-08-17,11541.52916666667,3018.17916666667,7117.2,22507.8,7.9,,908.0
2021-08-18,11701.60416666667,2985.1,7117.2,21668.47916666667,7.9,,908.0
2021-08-19,11740.09583333333,3055.5,7117.2,22507.8,7.9,,908.0
2021-08-20,11855.5,3055.5,7117.2,22507.8,7.9,,908.0
2021-08-21,11861.6125,3055.5,7107.70416666667,22507.8,7.9,,908.0
2021-08-22,11678.57083333333,2995.5,7117.2,21945.6875,7.9,,908.0
2021-08-23,11706.50833333333,2958.06666666667,7117.2,21049.10833333333,7.9,,908.0
2021-08-24,11900.9125,2965.5,7117.2,20606.94166666667,7.9,,908.0
2021-08-25,12015.1375,2883.225,7117.2,20794.13333333334,7.9,,908.0
2021-08-26,12063.31666666667,2846.65833333333,7117.2,21171.425,7.9,,908.0
2021-08-27,12106.4,2946.91666666667,7117.2,21008.15,7.9,,908.0
2021-08-28,12106.4,2965.5,7117.2,21131.97083333333,7.9,,908.0
2021-08-29,12042.15,2896.875,7117.2,21140.375,7.9,,908.0
2021-08-30,12002.4,2519.25,7117.2,20562.3,7.9,,908.0
2021-08-31,12051.07916666667,2519.25,7117.2,20148.85833333333,7.9,,908.0
2021-09-01,12039.475,2368.3,7117.2,20980.6,7.9,,908.0
2021-09-02,12029.62083333333,2368.3,7117.2,21219.825,7.9,,908.0
2021-09-03,12045.75416666667,2368.3,7107.70416666667,20849.09166666667,7.9,,908.0
2021-09-04,12063.4,2368.3,7117.2,20879.8,7.9,,633.925
2021-09-05,12032.79583333333,2315.39166666667,7117.2,20960.075,7.9,,561.8
2021-09-06,11892.89166666667,2287.38522727273,7117.2,20661.69166666667,7.9,,619.5
2021-09-07,11922.6125,2084.79583333333,7117.2,20834.26666666667,7.9,,908.0
2021-09-08,11891.65,2148.8875,7117.2,20903.9,7.9,,908.0
2021-09-09,12036.7625,2411.07678571429,6053.3,20903.9,7.9,,908.0
2021-09-10,12229.97083333333,2668.6,6053.3,20903.9,7.9,,908.0
2021-09-11,12239.9,2728.6,7117.2,20880.41666666667,7.9,,590.65
2021-09-12,11967.95,2728.6,7117.2,20635.725,7.9,,720.475
2021-09-13,11810.6,2728.6,7117.2,20348.84166666667,7.9,,908.0
2021-09-14,11534.25833333333,2735.67916666667,7117.2,20903.9,7.9,,908.0
2021-09-15,11455.57916666667,2797.525,7117.2,20767.96666666667,7.9,,908.0
2021-09-16,11518.21666666667,2822.50416666667,7117.2,20903.9,7.9,,908.0
2021-09-17,11582.7,2812.025,7117.2,20870.86666666667,7.9,,908.0
2021-09-18,11582.7,2838.4,7107.70416666667,20835.93333333334,7.9,,908.0
2021-09-19,11447.32083333333,2838.4,7117.2,20224.025,7.9,,908.0
2021-09-20,11371.44166666667,2616.61666666667,7117.2,20368.67083333333,7.9,,908.0
2021-09-21,11488.8,2631.7,7117.2,21222.3625,7.9,,908.0
2021-09-22,11447.72083333333,2631.7,7117.2,21342.30833333334,7.9,,908.0
2021-09-23,11514.3125,2560.89583333333,7117.2,20968.52916666667,7.9,,908.0
2021-09-24,11565.6,2631.7,7117.2,20921.025,7.9,,908.0
2021-09-25,11542.425,2631.7,7107.70416666667,21726.3,7.9,,908.0
2021-09-26,11447.07083333333,2509.89166666667,7117.2,21332.38333333334,7.9,,908.0
2021-09-27,10949.44166666667,2452.37916666667,7117.2,21726.3,7.9,,908.0
2021-09-28,10945.17083333333,2605.0,7117.2,21726.3,7.9,,908.0
2021-09-29,11154.15416666667,2632.88333333333,7117.2,21707.8375,7.9,,1075.8625
2021-09-30,11422.5125,2680.66666666667,7117.2,20949.175,7.9,,667.41666666667
2021-10-01,11671.875,2741.0,7117.2,19776.7375,7.9,,687.9
2021-10-02,11688.2,2729.85,7117.2,19694.0,7.9,,687.9
2021-10-03,10887.05,2670.25416666667,7117.2,19236.93333333334,7.9,,687.9
2021-10-04,10245.39166666667,2624.4375,7117.2,19541.6375,7.9,,662.475
2021-10-05,10094.27083333333,2651.8,7113.45,18917.14583333333,7.9,,687.9
2021-10-06,10168.02083333333,2644.25833333333,7117.2,17628.35416666667,7.9,,687.9
2021-10-07,10387.17916666667,2685.25,7117.2,18866.825,7.9,,687.9
2021-10-08,10655.5,2741.0,7117.2,19718.6,7.9,,372.19166666667
2021-10-09,10655.5,2741.0,7117.2,19718.6,7.9,,471.525
2021-10-10,10607.025,2718.525,7117.2,19816.75,7.9,,687.9
2021-10-11,10583.28333333333,2715.21666666667,7102.725,20095.025,7.9,,1062.43333333333
2021-10-12,10624.66666666667,2668.1,6825.15,19890.9,7.9,,858.8375
2021-10-13,10515.575,2652.80833333333,6796.4,19614.9875,7.9,,964.95
2021-10-14,10700.98333333333,2668.1,6796.4,19310.62083333334,7.9,,908.0
2021-10-15,10843.4,2668.1,6162.89166666667,18868.15833333333,7.9,,772.325
2021-10-16,10843.4,2668.1,6121.4,18868.85,7.9,,488.26666666667
2021-10-17,10609.70416666667,2668.1,6121.4,18852.825,7.9,,1087.9428571428598
2021-10-18,10569.84166666667,2668.1,6121.4,18952.68333333334,7.9,,1002.4666666666699
2021-10-19,10573.80416666667,2645.225,6121.4,19261.06666666667,7.9,,941.8
2021-10-20,10631.34583333333,2664.95,6121.4,19294.1,7.9,,941.8
2021-10-21,10770.16666666667,2791.325,6121.4,18490.09166666667,7.9,,941.8
2021-10-22,11074.5,2850.8,6113.3625,18457.75,7.9,,838.4666666666699
2021-10-23,11074.5,2850.8,6121.4,18417.52916666667,7.9,,1131.45
2021-10-24,10971.20833333333,2361.575,6121.4,20490.19166666667,7.9,,1188.0
2021-10-25,10918.10833333333,2521.6,6121.4,20644.3875,7.9,,1201.75
2021-10-26,10950.99583333333,2510.4125,6121.4,20922.2,7.9,,1295.5
2021-10-27,11086.475,2431.68333333333,6121.4,20814.51666666667,7.9,,1365.08333333333
2021-10-28,11320.84166666667,2521.6,6121.4,20927.80416666667,7.9,,1254.66666666667
2021-10-29,11425.1,2469.4125,6121.4,20910.1,7.9,,1208.0
2021-10-30,11425.1,2521.6,6121.4,20670.456,7.9,,875.648
2021-10-31,11356.99166666667,2521.6,6121.4,20714.4,7.9,,691.625
2021-11-01,10806.34583333333,2480.71666666667,6121.4,18952.47916666667,7.9,,908.0
2021-11-02,10876.55833333333,2477.55833333333,6121.4,19675.2,7.9,,908.0
2021-11-03,11334.57916666667,2521.6,6121.4,19438.67083333333,7.9,,908.0
2021-11-04,11595.79166666667,2521.6,6121.4,18970.22083333333,7.9,,908.0
2021-11-05,11738.9,2521.6,6121.4,18866.0,7.9,,908.0
2021-11-06,11738.9,2521.6,6121.4,18757.37083333334,7.9,,590.65
2021-11-07,11390.50833333333,2490.4625,6121.4,18184.65416666667,7.9,,749.325
2021-11-08,11262.2,2521.6,6121.4,18304.91488095238,7.9,,908.0
2021-11-09,11286.17083333333,2469.39166666667,6121.4,18138.24583333334,7.9,,908.0
2021-11-10,11435.34583333333,2676.09166666667,6121.4,18217.525,7.9,,908.0
2021-11-11,11699.36666666667,2710.04166666667,6121.4,18498.7625,7.9,,908.0
2021-11-12,11891.6,2728.3,5057.5,19622.625,7.9,,908.0
2021-11-13,11891.6,2720.86666666667,5057.5,20251.6,7.9,,908.0
2021-11-14,11774.925,2632.92083333333,5057.5,20144.35,7.9,,908.0
2021-11-15,11334.27083333334,2616.63333333333,5057.5,20251.6,7.9,,908.0
2021-11-16,11602.55833333333,2606.62083333333,5057.5,20251.6,7.9,,908.0
2021-11-17,11705.12916666667,2669.50416666667,5057.5,20155.5375,7.9,,908.0
2021-11-18,12064.88333333333,2702.5875,5057.5,20179.51666666667,7.9,,908.0
2021-11-19,12447.0,2749.4,5057.5,20179.7125,7.9,,908.0
2021-11-20,12451.4,2741.96666666667,5057.5,20150.4625,7.9,,908.0
2021-11-21,12240.1,2633.98333333333,4046.2,20222.28333333333,7.9,,1190.54
2021-11-22,12252.60416666667,2650.7,3971.075,20251.6,7.9,,1258.9
2021-11-23,12232.93333333333,2659.9,3850.9,20477.90833333333,7.9,,1258.9
2021-11-24,12320.49583333333,2693.4625,3860.275,20310.81666666667,7.9,,1258.9
2021-11-25,12340.26666666667,2866.88333333333,3865.9,20218.45,7.9,,1258.9
2021-11-26,12462.7,3049.94166666667,3868.9,20545.15,7.9,,1037.43333333333
2021-11-27,12386.07083333333,3057.5,3868.9,20312.94166666667,7.9,,927.125
2021-11-28,12162.83333333334,2994.5,3850.98333333333,20534.78333333333,7.9,,912.6999999999999
2021-11-29,12224.2125,2936.625,3837.15,19780.19583333334,7.9,,1129.0749999999998
2021-11-30,12502.39583333334,2963.0,3871.4,19674.18333333334,7.9,,1258.9
2021-12-01,12507.30833333333,2779.23333333333,3873.9,19336.45,7.9,,1258.9
2021-12-02,13013.50833333333,2785.5125,4055.78333333333,19641.37916666667,7.9,,1172.79166666667
2021-12-03,13468.8375,2836.7,4056.61666666667,19976.90833333333,7.9,,1203.73333333333
2021-12-04,13398.52083333334,2825.45,4353.7,20218.3,7.9,,908.0
2021-12-05,13353.98333333333,2836.7,4526.2,20257.55,7.9,,908.0
2021-12-06,13404.8375,2836.7,4801.75,20666.1,7.9,,908.0
2021-12-07,13209.2875,2836.7,5042.0,20395.77083333333,7.9,,561.8
2021-12-08,13015.68333333333,2816.2625,5042.0,20190.96666666667,7.9,,807.025
2021-12-09,13202.06666666667,2800.13333333333,5042.0,20937.775,7.9,,908.0
2021-12-10,13473.2125,2829.23333333333,5042.0,20762.70416666667,7.9,,908.0
2021-12-11,13485.7,2836.7,5042.0,21089.14583333333,7.9,,908.0
2021-12-12,13492.76666666667,2772.23333333333,5042.0,20398.60416666667,7.9,,1448.70416666667
2021-12-13,13523.15416666667,2740.0,6105.9,20738.05,7.9,,1450.42916666667
2021-12-14,13599.55833333333,2740.0,6105.9,21282.2,7.9,,1470.01666666667
2021-12-15,13602.8375,2721.4125,6105.9,21652.92916666667,7.9,,1536.2125
2021-12-16,13690.42083333333,2836.7,6105.9,21881.3,7.9,,1258.9
2021-12-17,13751.7,2836.7,6105.9,21368.7375,7.9,,1258.9
2021-12-18,13752.075,2836.7,5395.04166666667,21257.7,7.9,,1302.8625
2021-12-19,13729.16666666667,2836.7,5654.05833333333,21242.7,7.9,,1109.025
2021-12-20,13675.86666666667,2836.7,5822.425,21881.3,7.9,,1110.4375
2021-12-21,13720.475,2928.7,6105.9,21761.66666666667,7.9,,912.6999999999999
2021-12-22,13748.04166666667,3057.5,6105.9,21113.9,7.9,,1253.6434782608699
2021-12-23,13790.0875,3057.5,6105.9,22017.97083333333,7.9,,1258.9
2021-12-24,13691.6625,3057.5,6105.9,22174.1,7.9,,1258.9
2021-12-25,13655.95416666667,3005.27083333333,6105.9,21946.32916666667,7.9,,1258.9
2021-12-26,13633.25416666667,3003.0,6105.9,21048.06666666667,7.9,,1258.9
2021-12-27,13753.74166666667,2932.53333333333,6105.9,21097.9,7.9,,1600.6
2021-12-28,13770.70833333334,3005.27083333333,6105.9,22012.33333333333,7.9,,1600.6
2021-12-29,14014.10833333333,3057.5,6105.9,22196.72916666667,7.9,,1600.6
2021-12-30,14112.7,3057.5,6105.9,22443.69166666667,7.9,,1600.6
2021-12-31,14076.74583333333,3027.97916666667,6105.9,22122.38333333334,7.9,,1258.9
2022-01-01,14016.54166666667,3057.5,6105.9,22245.8,7.9,,1258.9
2022-01-02,14189.2375,3048.69166666667,6105.9,22245.8,7.9,,1258.9
2022-01-03,14217.1625,3039.625,6105.9,22451.89375,7.9,,1258.9
2022-01-04,14246.36666666667,3057.5,6105.9,22371.04583333333,7.9,,1258.9
2022-01-05,14250.15,2987.60833333333,6105.9,22105.05,7.9,,1258.9
2022-01-06,14229.41666666667,2906.5125,6105.9,22263.05,7.9,,1258.9
2022-01-07,14265.7,2988.6,6091.74166666667,22245.8,7.9,,1258.9
2022-01-08,14265.7,2988.6,6906.5125,22032.8,7.9,,1258.9
2022-01-09,14134.32916666667,2929.23333333333,7117.2,20808.96666666667,7.9,,1258.9
2022-01-10,13990.35416666667,2742.94166666667,7117.2,20269.0,7.9,,1258.9
2022-01-11,13819.5625,2569.26666666667,7117.2,21254.1,7.9,,908.0
2022-01-12,13839.84166666667,2699.39583333333,7117.2,21365.325,7.9,,912.6999999999999
2022-01-13,13922.85416666667,2758.45416666667,7117.2,21447.375,7.9,,1239.3249999999998
2022-01-14,14037.5,3110.0,7117.2,20764.325,7.9,,1258.9
2022-01-15,14023.83333333334,3066.25,7070.71666666667,21239.15,7.9,,1258.9
2022-01-16,13728.17916666667,3034.53333333333,7117.2,20985.02916666667,7.9,,1258.9
2022-01-17,13506.00833333333,3033.6875,7117.2,20206.49166666667,7.9,,1258.9
2022-01-18,13522.22083333333,3037.40416666667,7117.2,19917.5875,7.9,,1258.9
2022-01-19,13603.12916666667,3057.5,7117.2,20258.4,7.9,,1258.9
2022-01-20,13576.80833333333,3057.5,7117.2,20810.14166666667,7.9,,1258.9
2022-01-21,13695.9,3057.5,7117.2,21154.5875,7.9,,1258.9
2022-01-22,13695.9,3057.5,7117.2,21455.6,7.9,,1258.9
2022-01-23,13647.15833333333,3057.5,7117.2,20491.31666666667,7.9,,1778.675
2022-01-24,13628.85,2882.05833333333,7117.2,20153.7,7.9,,1478.0
2022-01-25,13662.32083333333,2847.30833333333,7117.2,20007.45,7.9,,1478.0
2022-01-26,13733.28333333333,2891.2,7117.2,20072.45,7.9,,1165.14285714286
2022-01-27,13782.7875,2877.275,7117.2,20153.7,7.9,,903.0671052631601
2022-01-28,13850.2,3110.0,7108.58333333333,20153.7,7.9,,921.8
2022-01-29,13850.2,3110.0,7117.2,19944.5,7.9,,921.8
2022-01-30,13643.5625,3087.125,7117.2,19844.8375,7.9,,950.275
2022-01-31,13549.525,3042.775,7117.2,20597.2,7.9,,921.8
2022-02-01,13582.95416666667,3006.375,7117.2,20688.97,7.9,,1094.9
2022-02-02,13449.42083333333,3002.0,7117.2,20976.90833333333,7.9,,1181.45
2022-02-03,13431.75833333333,2983.25,7117.2,21012.7,7.9,,1306.3333333333298
2022-02-04,13886.9875,3002.0,7117.2,20355.5125,7.9,,1324.95
2022-02-05,13824.075,2992.87916666667,7117.2,20420.3625,7.9,,1003.775
2022-02-06,13635.77083333334,3015.625,7117.2,20187.58333333333,7.9,,592.0
2022-02-07,13678.07083333333,3007.9,7117.2,20328.17083333333,7.9,,606.25
2022-02-08,13674.4,2983.6,7117.2,20276.56666666667,7.9,,1039.0833333333298
2022-02-09,13770.94166666667,2807.275,7117.2,20006.525,7.9,,1293.0
2022-02-10,13921.9875,3056.5,7117.2,20854.1,7.9,,1293.0
2022-02-11,13977.8,3056.5,7117.2,20499.225,7.9,,1277.16666666667
2022-02-12,13931.5,3016.89166666667,7117.2,20826.58333333333,7.9,,908.0
2022-02-13,13838.9,2880.59166666667,7117.2,21019.09166666667,7.9,,908.0
2022-02-14,13762.925,2791.80416666667,7117.2,21129.95416666667,7.9,,908.0
2022-02-15,13622.99166666667,2914.8,7117.2,21461.73333333333,7.9,,908.0
2022-02-16,13677.0375,2926.675,7117.2,21343.33333333333,7.9,,908.0
2022-02-17,13816.7375,3009.30833333333,7117.2,20797.39166666667,7.9,,908.0
2022-02-18,13898.2,3041.1,7117.2,21256.8,7.9,,1086.33333333333
2022-02-19,13898.2,3022.875,7117.2,21450.9125,7.9,,1235.5
2022-02-20,13805.98333333333,2929.79583333333,7117.2,21699.43333333334,7.9,,908.0
2022-02-21,13742.66666666667,2751.46666666667,7117.2,21963.7,7.9,,908.0
2022-02-22,13674.75,2727.0,7117.2,21963.7,7.9,,908.0
2022-02-23,13701.30416666667,2707.54166666667,7117.2,21963.7,7.9,,908.0
2022-02-24,13899.27083333334,2897.1,7117.2,21518.91666666667,7.9,,908.0
2022-02-25,14084.4,2897.1,7117.2,21482.75833333334,7.9,,1288.0
2022-02-26,14186.4,2897.1,7117.2,21930.97916666667,7.9,,1288.0
2022-02-27,14082.27083333334,2897.1,7117.2,21787.3875,7.9,,1288.0
2022-02-28,13880.7,2880.73333333333,7117.2,21247.70833333333,7.9,,1288.0
2022-03-01,13801.7,2655.075,7117.2,21105.28333333333,7.9,,1288.0
2022-03-02,13637.57916666667,2628.84166666667,7117.2,20892.91666666667,7.9,,1293.83333333333
2022-03-03,13697.55416666667,2897.1,7117.2,21002.05,7.9,,1298.0
2022-03-04,13845.4,2897.1,6975.77083333333,21106.55416666667,7.9,,1298.0
2022-03-05,13811.00833333333,2897.1,7117.2,21548.3,7.9,,1298.0
2022-03-06,13531.9,2822.175,7117.2,19716.54583333333,7.9,,1298.0
2022-03-07,13487.54166666667,2686.5,7117.2,20065.19166666667,7.9,,1298.0
2022-03-08,13450.45416666667,2659.85833333333,7117.2,20287.6,7.9,,908.0
2022-03-09,13557.7625,2726.5,7117.2,20222.43333333334,7.9,,908.0
2022-03-10,13641.8,2695.575,7117.2,19499.15833333333,7.9,,908.0
2022-03-11,13692.3,2672.7,7117.2,20314.3,7.9,,908.0
2022-03-12,13692.3,2672.7,6053.3,20916.66666666667,7.9,,908.0
2022-03-13,13332.6625,2810.5,6053.3,21108.1,7.9,,1349.42857142857
2022-03-14,13349.0625,2792.9,6053.3,21090.90416666667,7.9,,1551.2588235294102
2022-03-15,13279.44583333333,2810.5,6053.3,21108.1,7.9,,1498.0
2022-03-16,13432.4375,2757.7,6053.3,21108.1,7.9,,1498.0
2022-03-17,13553.54583333333,2810.5,6053.3,21369.26666666667,7.9,,1498.0
2022-03-18,13671.0625,2802.5,6053.3,21028.3625,7.9,,1166.225
2022-03-19,13642.8,2810.5,6053.3,21109.8,7.9,,1151.8
2022-03-20,13589.03333333333,2819.58333333333,6053.3,20697.9,7.9,,1211.8
2022-03-21,13566.5125,2481.23333333333,6053.3,20697.9,7.9,,1151.8
2022-03-22,13586.075,2439.84166666667,6053.3,20697.9,7.9,,1151.8
2022-03-23,13556.69583333333,2439.2,6053.3,20337.97083333333,7.9,,1151.8
2022-03-24,13491.17916666667,2491.175,6053.3,19912.6,7.9,,737.40833333333
2022-03-25,13502.13333333333,2521.28333333333,6053.3,19912.6,7.9,,761.8
2022-03-26,13469.6,2577.8,6053.3,19810.6,7.9,,561.8
2022-03-27,13209.3625,2493.2,6053.3,19554.18333333334,7.9,,561.8
2022-03-28,13151.7125,2320.06666666667,6053.3,19536.03333333333,7.9,,561.8
2022-03-29,13123.55,2361.0375,6053.3,19300.19166666667,7.9,,561.8
2022-03-30,13247.4875,2374.61666666667,6053.3,20040.58333333333,7.9,,850.85
2022-03-31,13379.68333333333,2445.425,6048.9125,20847.45833333333,7.9,,230.0
2022-04-01,13438.2,2504.9,6041.6,21047.90416666667,7.9,,440.675
2022-04-02,13438.2,2504.9,6021.6,20979.12083333334,7.9,,230.0
2022-04-03,13252.20416666667,2450.14166666667,6021.6,19874.74583333334,7.9,,890.65
2022-04-04,13263.82916666667,2367.96666666667,6021.6,18646.29583333333,7.9,,1789.48823529412
2022-04-05,13310.09166666667,2361.2,6005.6,18102.4,7.9,,1828.9
2022-04-06,13339.55,2335.3625,7071.5,17646.1625,7.9,,1828.9
2022-04-07,13473.1625,2325.75,7065.5,17801.09166666667,7.9,,1828.9
2022-04-08,13585.9,2381.5,6001.6,18019.81666666667,7.9,,1828.9
2022-04-09,13585.9,2417.95,6001.6,19053.43315217391,7.9,,1828.9
2022-04-10,13632.60833333333,2313.46666666667,7055.5,19695.3375,7.9,,1355.5
2022-04-11,13675.9875,2434.2,7055.5,19908.975,7.9,,1478.0
2022-04-12,13732.07083333333,2483.825,7050.5,19901.44166666667,7.9,,1828.9
2022-04-13,13724.8,2584.7,7055.5,19992.2125,7.9,,1828.9
2022-04-14,13724.8,2584.7,7046.5,19906.5,7.9,,1828.9
2022-04-15,13616.7,2577.26666666667,7046.5,19493.8,7.9,,1828.9
2022-04-16,13508.6,2584.7,7006.5,19493.8,7.9,,1828.9
2022-04-17,13427.57916666667,2576.64166666667,7006.5,19253.58333333333,7.9,,1828.9
2022-04-18,13293.6,2520.65,6994.5,19598.425,7.9,,1828.9
2022-04-19,13269.00833333333,2474.9,6981.5,19720.7,7.9,,1828.9
2022-04-20,13289.875,2464.31666666667,6986.5,19348.5625,7.9,,1828.9
2022-04-21,13318.76666666667,2474.9,6799.16666666667,19098.64166666667,7.9,,1828.9
2022-04-22,13349.32083333333,2474.9,6125.5,19385.55,7.9,,1828.9
2022-04-23,13339.9,2474.9,6125.5,19537.2,7.9,,1828.9
2022-04-24,12980.65,2414.56666666667,5061.6,18712.69583333334,7.9,,1258.9
2022-04-25,12782.7125,2384.4,5061.6,18433.36666666667,7.9,,1258.9
2022-04-26,12723.41666666667,2381.3625,5061.6,18559.475,7.9,,2013.9875000000002
2022-04-27,12784.8,2399.48333333333,5061.6,18455.44166666667,7.9,,1828.9
2022-04-28,13027.47916666667,2590.28333333333,6125.5,18417.36666666667,7.9,,1828.9
2022-04-29,13352.4,2759.1,6125.5,18762.5,7.9,,1483.43333333333
2022-04-30,13352.4,2759.1,6125.5,18940.2875,7.9,,1434.725
2022-05-01,13201.33333333334,2718.85362318841,6125.5,18715.6,7.9,,1829.0
2022-05-02,13104.125,2704.6,6125.5,18262.78333333333,7.9,,1829.0
2022-05-03,13072.6,2704.6,6125.5,17808.42916666667,7.9,,1829.0
2022-05-04,13207.49166666667,2704.6,6125.5,18324.4,7.9,,1829.0
2022-05-05,13214.15833333333,2704.6,6125.5,18468.3125,7.9,,1699.61666666667
2022-05-06,13328.9,2704.6,6125.5,19260.1,7.9,,1698.325
2022-05-07,13320.05833333333,2649.8375,6125.5,18998.8375,7.9,,1477.2
2022-05-08,12977.33333333334,2351.5125,6125.5,18612.59166666667,7.9,,1798.61666666667
2022-05-09,12991.625,2493.2,6125.5,17798.27083333333,7.9,,1829.0
2022-05-10,12924.10833333333,2479.575,6125.5,18612.125,7.9,,1337.425
2022-05-11,13026.75833333333,2493.2,6125.5,19061.375,7.9,,907.875
2022-05-12,13072.14583333334,2559.42083333333,6125.5,19505.675,7.9,,1829.0
2022-05-13,13112.6,2657.5,6125.5,18758.38333333334,7.9,,1829.0
2022-05-14,13112.6,2657.5,5122.1,18661.875,7.9,,1829.0
2022-05-15,12825.7625,2608.9,5122.1,18602.1125,7.9,,1829.0
2022-05-16,12667.93333333333,2671.9125,5122.1,18467.325,7.9,,1829.0
2022-05-17,12472.1625,2701.80416666667,5122.1,17966.45,7.9,,1829.0
2022-05-18,12358.10416666667,2747.925,5122.1,18155.825,7.9,,1829.0
2022-05-19,12456.26666666667,2788.8,5122.1,18325.23333333333,7.9,,1829.0
2022-05-20,12519.9,2788.8,5122.1,17983.7125,7.9,,1829.0
2022-05-21,12519.9,2781.36666666667,5122.1,17907.7,7.9,,1829.0
2022-05-22,12429.62083333333,2666.87916666667,5122.1,18313.7,7.9,,1829.0
2022-05-23,12404.4375,2707.83333333333,5122.1,17536.0625,7.9,,1829.0
2022-05-24,12424.72083333333,2695.00833333333,5122.1,17994.74583333334,7.9,,1771.5
2022-05-25,12403.9625,2620.3,5122.1,18579.71666666667,7.9,,1829.0
2022-05-26,12505.04166666667,2622.6,5122.1,18714.9625,7.9,,1829.0
2022-05-27,12564.38333333333,2602.03333333333,5122.1,19417.28333333333,7.9,,1829.0
2022-05-28,12550.1,2419.2,5122.1,20271.39583333333,7.9,,1829.0
2022-05-29,12585.54166666667,2346.0,5122.1,19990.44166666667,7.9,,1259.0
2022-05-30,12700.2375,2291.07916666667,5213.76666666667,19623.33333333333,7.9,,1573.70588235294
2022-05-31,12554.30833333333,2322.775,5656.0,20205.5,7.9,,1609.0
2022-06-01,12540.60833333333,2486.16130952381,6113.8,19526.00833333334,7.9,,1509.3285714285698
2022-06-02,12909.3375,2760.925,6113.8,19359.82916666667,7.9,,1544.2083333333298
2022-06-03,13224.0375,2897.7,6113.8,19477.33333333333,7.9,,1608.9
2022-06-04,13198.8,2897.7,6113.8,20142.22916666667,7.9,,1608.9
2022-06-05,12756.90833333333,2741.95,6113.8,20351.4,7.9,,1608.9
2022-06-06,12332.31666666667,2649.40833333333,6113.8,20156.58333333333,7.9,,1608.9
2022-06-07,12467.4875,2650.82916666667,6113.8,20221.7,7.9,,1608.9
2022-06-08,12402.16666666667,2686.7,6113.8,20221.7,7.9,,1258.9
2022-06-09,12628.04166666667,2644.05833333333,6113.8,20221.7,7.9,,1258.9
2022-06-10,12775.15,2686.7,6113.8,20364.5,7.9,,1828.9
2022-06-11,12713.4,2686.7,6113.8,20593.60416666667,7.9,,1718.9
2022-06-12,12449.01666666667,2656.075,6113.8,20739.29166666667,7.9,,1608.9
2022-06-13,12295.86666666667,2604.1125,6113.8,20523.25416666667,7.9,,1618.06666666667
2022-06-14,12274.74166666667,2516.57368421053,6113.8,20065.75833333334,7.9,,1828.9
2022-06-15,12336.74166666667,2597.71666666667,6113.8,20397.2,7.9,,1893.54166666667
2022-06-16,12121.03333333333,2701.825,6113.8,20922.5,7.9,,2038.48333333333
2022-06-17,11934.9625,2786.58888888889,7117.2,20028.15833333333,7.9,,1843.1374999999998
2022-06-18,12240.8375,2796.5,6113.8,19525.825,7.9,,1750.98333333333
2022-06-19,12041.85833333333,2743.50416666667,6113.8,19637.00833333334,7.9,,1828.9
2022-06-20,11610.30833333333,2761.25833333333,7117.2,19391.7625,7.9,,1258.9
2022-06-21,11537.82083333333,2785.35,7117.2,19407.13333333334,7.9,,1258.9
2022-06-22,12169.85416666667,2785.35,7091.25833333333,19945.51666666667,7.9,,1828.9
2022-06-23,11961.34166666667,2770.48333333333,7117.2,20707.6,7.9,,1788.9
2022-06-24,11453.0,2792.78333333333,7117.2,20607.2,7.9,,1368.0
2022-06-25,11453.0,2796.5,7117.2,20539.53333333333,7.9,,1398.0
2022-06-26,11107.21666666667,2676.2,7117.2,20085.575,7.9,,1398.0
2022-06-27,10925.5,2665.875,7051.275,20780.24583333334,7.9,,1398.0
2022-06-28,10965.28333333333,2594.81666666667,7117.2,20928.61666666667,7.9,,1398.0
2022-06-29,10996.83333333333,2562.73333333333,7117.2,21915.85833333333,7.9,,1080.65
2022-06-30,11093.875,2527.575,7117.2,21950.0,7.9,,1123.925
2022-07-01,11008.7,2405.88333333333,7026.80416666667,21950.0,7.9,,1256.19166666667
2022-07-02,10882.6,2577.6,7117.2,21915.5,7.9,,1168.24166666667
2022-07-03,10777.83333333333,2517.13333333333,7117.2,21899.20833333333,7.9,,1393.575
2022-07-04,10645.42083333333,2434.0375,7117.2,22044.89166666667,7.9,,1322.24166666667
2022-07-05,10803.275,2334.65,6936.76666666667,22315.96666666667,7.9,,1398.0
2022-07-06,10897.34166666667,2306.76547619048,7117.2,21837.5,7.9,,1398.0
2022-07-07,10938.825,2437.39166666667,7117.2,21939.9,7.9,,1306.11666666667
2022-07-08,11021.8,2577.6,7117.2,21905.08333333333,7.9,,1178.98333333333
2022-07-09,11021.8,2562.73333333333,7117.2,21939.9,7.9,,1113.01666666667
2022-07-10,10792.95,2577.6,7117.2,21851.59166666667,7.9,,1419.6666666666702
2022-07-11,10759.14583333333,2577.6,7117.2,21939.9,7.9,,1353.0
2022-07-12,10802.1375,2577.6,7117.2,21754.4625,7.9,,667.175
2022-07-13,10873.90833333333,2573.72173913043,7117.2,21851.75,7.9,,565.38055555556
2022-07-14,10997.05833333333,2606.30833333333,7117.2,21920.4,7.9,,1181.0416666666702
2022-07-15,11226.4,2646.5,7117.2,21503.5,7.9,,1398.0
2022-07-16,11226.4,2631.63333333333,7117.2,21565.4875,7.9,,1398.0
2022-07-17,11149.00416666667,2570.46666666667,7117.2,21811.58333333333,7.9,,1398.0
2022-07-18,11115.92916666667,2462.06666666667,7117.2,21916.19583333334,7.9,,1398.0
2022-07-19,11152.72916666667,2582.15,7117.2,21920.4,7.9,,1398.0
2022-07-20,11140.30416666667,2573.6,7117.2,21773.85,7.9,,1398.0
2022-07-21,11064.35416666667,2502.45,7117.2,21909.60833333333,7.9,,1398.0
2022-07-22,11062.8,2513.6,7117.2,21530.6,7.9,,1398.0
2022-07-23,11062.8,2513.6,7117.2,21409.675,7.9,,1398.0
2022-07-24,11060.61666666667,2490.73333333333,7096.3625,21147.5125,7.9,,1398.0
2022-07-25,10986.92083333333,2515.9,7117.2,21497.59166666667,7.9,,1228.83333333333
2022-07-26,11231.65833333333,2453.13382352941,7117.2,21153.43333333334,7.9,,1251.54166666667
2022-07-27,11389.89583333334,2424.4,6162.89166666667,21445.3,7.9,,1338.20833333333
2022-07-28,11197.8875,2526.2125,6127.65,21609.88333333334,7.9,,1357.16666666667
2022-07-29,11171.875,2732.5,6794.86666666667,21569.84583333333,7.9,,1358.0
2022-07-30,10835.6,2732.5,7117.2,21498.3,7.9,,1358.0
2022-07-31,10784.7375,2732.5,7117.2,21937.67083333333,7.9,,1368.625
2022-08-01,10719.08333333333,2732.5,7117.2,21391.93333333334,7.9,,1383.0
2022-08-02,11197.025,2732.5,7117.2,21824.53333333333,7.9,,1148.0
2022-08-03,10711.75833333333,2732.5,7117.2,21955.15833333333,7.9,,908.0
2022-08-04,11029.50416666667,2700.92083333333,7117.2,22020.6,7.9,,908.0
2022-08-05,11310.8625,2700.2,7117.2,22020.6,7.9,,908.0
2022-08-06,11277.425,2773.4,7117.2,21835.69583333334,7.9,,1451.3333333333298
2022-08-07,11028.67083333333,2704.5,7117.2,21951.45416666667,7.9,,1380.08333333333
2022-08-08,10878.29166666667,2704.5,7117.2,22020.6,7.9,,1408.90909090909
2022-08-09,11093.47083333333,2773.4,7117.2,21881.8375,7.9,,1398.0
2022-08-10,10999.34166666667,2724.07916666667,7117.2,21775.13333333334,7.9,,1398.0
2022-08-11,11300.95,2831.15,7117.2,22020.6,7.9,,1398.0
2022-08-12,10877.53333333333,2834.75833333333,7117.2,21046.05416666667,7.9,,1398.0
2022-08-13,11004.35,2842.3,7117.2,20826.4,7.9,,1398.0
2022-08-14,11287.675,2842.3,7117.2,20765.46666666667,7.9,,1398.0
2022-08-15,11116.29583333333,2842.3,7117.2,21026.43333333334,7.9,,1386.33333333333
2022-08-16,11013.69583333333,2842.3,7117.2,21017.04166666667,7.9,,1378.0
2022-08-17,11117.53333333333,2842.3,7117.2,21195.9,7.9,,1378.0
2022-08-18,11249.79166666667,2833.1875,7117.2,21195.9,7.9,,1378.0
2022-08-19,11312.64166666667,2842.3,7117.2,20974.0875,7.9,,1378.0
2022-08-20,11251.6375,2842.3,7117.2,20645.4125,7.9,,1378.0
2022-08-21,10872.85833333333,2805.96666666667,7117.2,20748.66666666667,7.9,,1378.0
2022-08-22,10648.65416666667,2726.1125,7117.2,20980.65416666667,7.9,,1334.25
2022-08-23,10646.04166666667,2787.8,7117.2,21595.0,7.9,,1308.0
2022-08-24,10621.975,2787.8,7117.2,21967.35,7.9,,1308.0
2022-08-25,10777.2,2810.50833333333,7117.2,22020.6,7.9,,1308.0
2022-08-26,10885.5,2824.87916666667,6994.20416666667,21989.55,7.9,,1308.0
2022-08-27,10885.5,2773.4,7117.2,22020.6,7.9,,976.225
2022-08-28,10848.66666666667,2773.4,7117.2,21381.6375,7.9,,961.8
2022-08-29,10702.45416666667,2683.79583333333,7117.2,20757.21666666667,7.9,,1157.4583333333298
2022-08-30,10180.75416666667,2802.10833333333,7117.2,20904.36666666667,7.9,,1146.225
2022-08-31,9843.07083333333,2842.3,7117.2,21642.53333333333,7.9,,908.0
2022-09-01,10374.46666666667,2842.3,7117.2,22052.93333333334,7.9,,1004.74166666667
2022-09-02,10826.62916666667,2782.67666666667,7117.2,20608.42083333333,7.9,,717.97083333333
2022-09-03,10829.1,2672.84166666667,7117.2,20225.05416666667,7.9,,1156.2
2022-09-04,11452.75,2728.31666666667,7117.2,20471.22083333333,7.9,,1126.2
2022-09-05,11169.39583333333,2595.7625,7117.2,19732.025,7.9,,1096.2
2022-09-06,11333.07083333333,2646.2125,7117.2,19121.1625,7.9,,1096.2
2022-09-07,11543.30833333333,2630.89166666667,7117.2,19157.08333333333,7.9,,1096.2
2022-09-08,11713.3625,2674.9375,7117.2,19657.575,7.9,,1057.86666666667
2022-09-09,11685.99166666667,2714.85416666667,7117.2,20037.55,7.9,,1032.45
2022-09-10,11866.5,2673.075,7117.2,20085.27916666667,7.9,,1046.2
2022-09-11,10906.39583333333,2492.24583333333,7117.2,20523.49166666667,7.9,,1046.2
2022-09-12,10411.3875,2402.4,7117.2,20324.35,7.9,,1046.2
2022-09-13,10685.85,2388.675,7117.2,20201.61666666667,7.9,,1047.6583333333301
2022-09-14,11411.78333333333,2402.4,7117.2,20065.82083333334,7.9,,980.5416666666699
2022-09-15,11648.15,2503.6,7117.2,20416.82916666667,7.9,,988.875
2022-09-16,11800.96666666667,2623.2,7008.725,20046.3,7.9,,1051.2
2022-09-17,11791.5,2623.2,7117.2,20046.3,7.9,,1051.2
2022-09-18,11803.925,2401.96666666667,7117.2,18968.29583333333,7.9,,1075.23333333333
2022-09-19,11670.2,2455.98333333333,7117.2,18807.50416666667,7.9,,856.2
2022-09-20,11761.92916666667,2464.0375,7117.2,18881.09166666667,7.9,,1000.81666666667
2022-09-21,11898.9375,2540.925,7117.2,18369.2875,7.9,,1440.80833333333
2022-09-22,12109.0875,2619.55833333333,7117.2,18489.78452380953,7.9,,851.3583333333299
2022-09-23,11654.21666666667,2655.7,7117.2,18129.74166666667,7.9,,1324.36666666667
2022-09-24,11019.3,2655.7,7117.2,18384.7125,7.9,,1418.0
2022-09-25,10921.375,2509.43333333333,6111.4,17989.24166666667,7.9,,1418.0
2022-09-26,10334.31666666667,2299.13333333333,6102.78333333333,18556.08333333333,7.9,,1418.0
2022-09-27,10247.675,2393.2375,6111.4,18556.08333333333,7.9,,1418.0
2022-09-28,10183.54166666667,2367.4,6111.4,18603.51666666667,7.9,,1418.0
2022-09-29,10118.55,2367.4,6111.4,18829.35833333333,7.9,,1418.0
2022-09-30,10318.79166666667,2359.9,6111.4,17943.80833333334,7.9,,1478.0
2022-10-01,10407.75,2363.68333333333,6111.4,17695.9125,7.9,,1478.0
2022-10-02,9771.95416666667,2497.13333333333,6111.4,18439.7,7.9,,1391.4666666666699
2022-10-03,9398.35416666667,2726.93333333333,6111.4,18439.7,7.9,,393.01666666667
2022-10-04,9625.6,2754.53333333333,6111.4,18945.40833333333,7.9,,603.69166666667
2022-10-05,9815.07916666667,2681.125,6111.4,18771.22916666667,7.9,,908.0
2022-10-06,9949.29583333333,2665.15833333333,6111.4,18623.96666666667,7.9,,890.35
2022-10-07,10052.20833333333,2835.42916666667,6111.4,18868.4,7.9,,639.49166666667
2022-10-08,9935.775,2838.3,6111.4,18769.75,7.9,,895.00833333333
2022-10-09,9854.10416666667,2801.7375,6111.4,18642.39583333333,7.9,,1478.0
2022-10-10,9675.70833333333,2780.25,6111.4,18373.74583333334,7.9,,1455.5
2022-10-11,9843.30416666667,2675.175,6111.4,18862.6,7.9,,1223.125
2022-10-12,9811.04166666667,2638.575,6111.4,18282.34583333333,7.9,,1418.0
2022-10-13,9867.6375,2763.70416666667,5798.75,18421.75833333334,7.9,,1418.0
2022-10-14,10063.80416666667,2801.5125,5066.1,17438.07916666667,7.9,,1222.1
2022-10-15,10102.6375,2743.8,5066.1,17939.18333333334,7.9,,1378.0
2022-10-16,9805.42916666667,2731.5,5066.1,19036.69166666667,7.9,,1378.0
2022-10-17,9535.25833333333,2541.0625,5066.1,19263.0,7.9,,1378.0
2022-10-18,9500.14166666667,2537.1,5066.1,19347.97916666667,7.9,,1378.0
2022-10-19,9559.54166666667,2430.375,5066.1,19195.93333333334,7.9,,1378.0
2022-10-20,9803.625,2541.5625,5066.1,19748.8875,7.9,,1378.0
2022-10-21,10012.225,2610.0,5066.1,19410.85833333333,7.9,,816.2
2022-10-22,10169.44583333333,2579.625,5066.1,20032.82083333334,7.9,,1190.73333333333
2022-10-23,10111.30833333333,2431.77083333333,5066.1,18784.84583333333,7.9,,1378.0
2022-10-24,9924.63333333333,2233.4,5066.1,18953.125,7.9,,1378.0
2022-10-25,10146.675,2291.525,5066.1,19392.0625,7.9,,1378.0
2022-10-26,10108.625,2455.175,5066.1,20109.38333333334,7.9,,816.2
2022-10-27,11008.65416666667,2410.31666666667,5066.1,19872.39583333333,7.9,,816.2
2022-10-28,11268.25416666667,2484.9,5066.1,19163.24047619048,7.9,,816.2
2022-10-29,11236.696,2484.9,5066.1,19513.0,7.9,,1378.0
2022-10-30,11344.30416666667,2477.35,5066.1,19368.21666666667,7.9,,1378.0
2022-10-31,11442.7375,2484.9,5066.1,19580.79583333333,7.9,,1378.0
2022-11-01,11385.0,2435.96666666667,5066.1,20054.8,7.9,,1728.9
2022-11-02,11275.075,2416.075,5066.1,20450.1,7.9,,1728.9
2022-11-03,11752.40416666667,2539.6,5736.63333333333,19913.1125,7.9,,1728.9
2022-11-04,12265.5375,2631.1,6071.9,19075.8125,7.9,,1728.9
2022-11-05,12265.5375,2631.1,6071.9,19201.4875,7.9,,1728.9
2022-11-06,11932.07916666667,2557.5,6071.9,19546.75,7.9,,1728.9
2022-11-07,11612.24166666667,2582.14166666667,6071.9,19594.05,7.9,,1728.9
2022-11-08,11856.39583333334,2590.225,6071.9,19424.57083333334,7.9,,1728.9
2022-11-09,11894.5125,2621.35416666667,6071.9,19399.95416666667,7.9,,1728.9
2022-11-10,11887.16666666667,2582.025,6071.9,18877.2,7.9,,1728.9
2022-11-11,11738.3875,2610.32916666667,6071.9,18329.61666666667,7.9,,1728.9
2022-11-12,11626.7,2623.2,6071.9,18424.4,7.9,,1728.9
2022-11-13,11414.17916666667,2650.5375,6071.9,18424.4,7.9,,1745.56666666667
2022-11-14,11195.57916666667,2721.13333333333,6071.9,18815.5,7.9,,1728.9
2022-11-15,11206.21666666667,2659.50833333333,6071.9,17924.83333333333,7.9,,1728.9
2022-11-16,11322.625,2740.1,6071.9,18724.24166666667,7.9,,1728.9
2022-11-17,11618.39166666667,2819.49166666667,6071.9,19596.0,7.9,,1728.9
2022-11-18,11908.95,2923.3,6071.9,18459.0625,7.9,,1728.9
2022-11-19,11850.06666666667,2923.3,6071.9,18501.79166666667,7.9,,1728.9
2022-11-20,11602.79166666667,2759.34166666667,6071.9,18961.30833333334,7.9,,1728.9
2022-11-21,11507.4625,2684.78333333333,6071.9,18846.07083333334,7.9,,1728.9
2022-11-22,11665.65833333333,2699.3,6071.9,18378.32916666667,7.9,,1728.9
2022-11-23,11876.7875,2651.12083333333,6115.45416666667,18769.85416666667,7.9,,1770.56666666667
2022-11-24,12017.86666666667,2735.3,7030.09166666667,18005.55416666667,7.9,,1230.05
2022-11-25,12249.325,2761.05,7026.80416666667,18777.7875,7.9,,1734.175
2022-11-26,12223.2,2789.8,6497.0,18877.975,7.9,,1258.9
2022-11-27,11925.25833333333,2700.41666666667,6899.42916666667,18857.1625,7.9,,1571.4083333333301
2022-11-28,12029.5,2678.9,7117.2,18348.74583333334,7.9,,1095.06666666667
2022-11-29,12161.93333333333,2699.3,7117.2,19198.5125,7.9,,1242.80833333333
2022-11-30,12051.9625,2684.43333333333,7117.2,19631.9649122807,7.9,,1153.89166666666
2022-12-01,12500.0625,2783.5625,7117.2,21122.8,7.9,,1228.35833333333
2022-12-02,12822.275,2899.6,7117.2,21713.9,7.9,,1136.19166666667
2022-12-03,12771.46666666667,2899.6,7117.2,21108.8125,7.9,,1512.25
2022-12-04,12331.28333333333,2899.6,7117.2,21223.95833333333,7.9,,1391.4499999999998
2022-12-05,12099.9,2899.6,6614.3,21369.05,7.9,,1763.85833333333
2022-12-06,12100.60833333333,2899.6,6279.03333333333,21581.76666666667,7.9,,1258.9
2022-12-07,12101.6,2899.6,7117.2,21214.325,7.9,,1258.9
2022-12-08,12730.45,2899.6,7117.2,20440.85,7.9,,1141.975
2022-12-09,13100.0,2895.82083333333,7117.2,19970.8,7.9,,1258.9
2022-12-10,13064.95416666667,2850.79583333333,7117.2,20253.63333333334,7.9,,1728.9
2022-12-11,12810.01666666667,2758.48522727273,7117.2,20618.37916666667,7.9,,1753.9
2022-12-12,12963.775,2766.23333333333,7117.2,21216.27083333333,7.9,,1778.9
2022-12-13,13095.00833333333,2827.63869047619,7117.2,21676.3125,7.9,,1778.9
2022-12-14,13292.50833333333,2901.90625,7117.2,21707.03157894737,7.9,,1778.9
2022-12-15,13463.02916666667,2995.6,7117.2,21740.05043859649,7.9,,1778.9
2022-12-16,13452.4125,2995.6,7117.2,22573.7,7.9,,1768.225
2022-12-17,13429.9875,2937.05833333333,7117.2,22182.7,7.9,,1432.6999999999998
2022-12-18,13389.00416666667,2909.89166666667,7117.2,22124.615,7.9,,1743.9
2022-12-19,13641.175,2608.1625,7117.2,22292.56666666667,7.9,,1377.125
2022-12-20,13648.44166666667,2616.79166666667,7117.2,22404.15357142857,7.9,,1579.0749999999998
2022-12-21,13544.97916666667,2979.775,7117.2,22963.5,7.9,,1708.9
2022-12-22,13690.64166666667,3034.475,7117.2,22945.79583333334,7.9,,1708.9
2022-12-23,13749.16666666667,3048.1,7117.2,22594.66666666667,7.9,,1708.9
2022-12-24,13738.4,3048.1,7117.2,22898.33333333333,7.9,,1708.9
2022-12-25,13752.875,3040.66666666667,7117.2,22587.14166666667,7.9,,1708.9
2022-12-26,13865.85833333333,2986.55217391304,7117.2,22908.3625,7.9,,1708.9
2022-12-27,13920.99166666667,2988.1,7117.2,22867.97916666667,7.9,,1258.9
2022-12-28,13940.1625,3038.95,7117.2,22963.5,7.9,,1708.9
2022-12-29,14054.39166666667,3036.1,7117.2,22963.5,7.9,,1708.9
2022-12-30,14094.60416666667,3029.875,7117.2,22850.11666666667,7.9,,1708.9
2022-12-31,14175.6,2938.93333333333,7117.2,22107.625,7.9,,1828.9
2023-01-01,14175.6,2830.925,7117.2,22963.5,7.9,,1814.925
2023-01-02,14137.85833333333,2962.17916666667,7117.2,22963.5,7.9,,1147.1
2023-01-03,14114.875,3048.1,7117.2,22570.9,7.9,,1717.1
2023-01-04,14165.275,3048.1,7117.2,22570.9,7.9,,1802.525
2023-01-05,14140.2,3048.1,7117.2,22145.52916666667,7.9,,1658.88333333333
2023-01-06,14140.2,3048.1,7117.2,21785.6,7.9,,1457.1
2023-01-07,14140.2,3048.1,7117.2,21785.6,7.9,,1634.4083333333301
2023-01-08,14096.57083333333,2984.10833333333,7117.2,21473.6675,7.9,,1428.15833333333
2023-01-09,14043.64166666667,3025.13333333333,7117.2,21981.925,7.9,,1482.6999999999998
2023-01-10,14033.7,3048.1,7117.2,22517.15,7.9,,1482.6999999999998
2023-01-11,14008.29583333333,3048.1,7117.2,22472.6,7.9,,1482.6999999999998
2023-01-12,14024.77916666667,2999.30833333333,7117.2,22402.46666666667,7.9,,1482.6999999999998
2023-01-13,14079.28333333333,3048.1,7117.2,22353.73333333333,7.9,,1482.6999999999998
2023-01-14,13982.025,2938.3,7117.2,22467.675,7.9,,1482.6999999999998
2023-01-15,13821.8375,2862.92916666667,7117.2,21967.15833333333,7.9,,1482.6999999999998
2023-01-16,13360.65,2864.9,7117.2,21902.5,7.9,,1482.6999999999998
2023-01-17,13482.83333333334,2823.725,7117.2,21590.8,7.9,,1414.525
2023-01-18,13774.09166666667,2837.475,7117.2,21404.26666666667,7.9,,1482.6999999999998
2023-01-19,13852.54166666667,2915.225,7117.2,21665.0,7.9,,912.6999999999999
2023-01-20,13672.625,2962.6125,7117.2,21599.6875,7.9,,1482.6999999999998
2023-01-21,13586.2,2874.28333333333,7117.2,21599.95,7.9,,1482.6999999999998
2023-01-22,13579.32916666667,2796.8,7117.2,20649.225,7.9,,1482.6999999999998
2023-01-23,13620.8,2678.3625,7117.2,20112.64166666667,7.9,,1366.93076923077
2023-01-24,13600.5625,2683.17976190476,7117.2,20419.8,7.9,,1482.6999999999998
2023-01-25,13695.7875,2685.925,7117.2,20496.14166666667,7.9,,1482.6999999999998
2023-01-26,13838.8,2676.8625,7117.2,20523.44166666667,7.9,,1482.6999999999998
2023-01-27,13798.5,2782.0,7117.2,20922.9,7.9,,1482.6999999999998
2023-01-28,13686.6375,2782.0,7117.2,21793.81666666667,7.9,,1655.8
2023-01-29,13569.35,2782.0,7117.2,22126.9,7.9,,1828.9
2023-01-30,13662.2625,2744.83333333333,7117.2,22117.19583333334,7.9,,1828.9
2023-01-31,13588.0875,2782.0,7117.2,21768.98333333333,7.9,,1828.9
2023-02-01,13582.66666666667,2847.0125,7117.2,21341.86666666667,7.9,,1828.9
2023-02-02,13820.7125,2918.45,7117.2,21507.975,7.9,,1828.9
2023-02-03,13834.41666666667,2974.7,7117.2,21727.2,7.9,,1828.9
2023-02-04,13828.47083333333,2974.7,7117.2,22126.9,7.9,,1828.9
2023-02-05,13730.11666666667,2761.45833333333,7117.2,21743.62083333334,7.9,,1828.9
2023-02-06,13832.0125,2723.2,7117.2,20821.275,7.9,,1828.9
2023-02-07,13871.99583333333,2601.71071428571,7117.2,20625.86754385965,7.9,,1789.79166666667
2023-02-08,13869.5625,2663.725,7117.2,20829.0,7.9,,1828.9
2023-02-09,13902.3625,2714.05,7117.2,20659.08333333333,7.9,,1687.23333333333
2023-02-10,13990.9,2723.2,7117.2,20194.12699275362,7.9,,1488.9
2023-02-11,13990.9,2728.25416666667,6845.1375,20822.46666666667,7.9,,1138.9083333333301
2023-02-12,13970.025,2792.1,7117.2,20839.9,7.9,,1258.9
2023-02-13,13896.59583333333,2522.1125,7117.2,20839.9,7.9,,1258.9
2023-02-14,13865.86666666667,2468.3125,7117.2,20839.9,7.9,,1258.9
2023-02-15,13837.975,2723.2,7117.2,20770.10416666667,7.9,,1828.9
2023-02-16,13862.84166666667,2687.95,7117.2,20769.85833333333,7.9,,1258.9
2023-02-17,13932.1,2719.45,7026.80416666667,21698.9,7.9,,1258.9
2023-02-18,13927.0625,2643.73333333333,7117.2,21698.9,7.9,,1828.9
2023-02-19,13710.30833333333,2686.2,7117.2,20987.6,7.9,,1828.9
2023-02-20,13737.6,2686.2,7117.2,20874.9,7.9,,1828.9
2023-02-21,13835.37916666667,2671.03333333333,6791.38333333333,20747.65,7.9,,1828.9
2023-02-22,13886.61666666667,2686.2,6121.4,20783.04583333333,7.9,,1828.9
2023-02-23,13941.82916666667,2686.2,6121.4,20660.67083333333,7.9,,1258.9
2023-02-24,13976.3,2686.2,6121.4,20861.0,7.9,,1258.9
2023-02-25,13976.3,2686.2,6121.4,20861.0,7.9,,1828.9
2023-02-26,13773.11666666667,2658.6,6121.4,20745.38333333334,7.9,,1828.9
2023-02-27,13712.5625,2686.2,6121.4,20757.85833333333,7.9,,1821.3249999999998
2023-02-28,13653.25416666667,2650.22083333333,6121.4,20436.58333333333,7.9,,1751.10833333333
2023-03-01,13560.225,2700.1375,6121.4,21202.2,7.9,,1778.0749999999998
2023-03-02,13601.84583333333,2755.1,6121.4,20361.27916666667,7.9,,1828.9
2023-03-03,13737.9,2755.1,6504.73333333333,20352.84166666667,7.9,,1806.25
2023-03-04,13737.9,2755.1,7100.88333333333,21162.975,7.9,,1772.275
2023-03-05,13188.625,2774.33333333333,7117.2,21197.3,7.9,,1828.9
2023-03-06,12838.59166666667,2639.99166666667,7117.2,20537.76666666667,7.9,,1828.9
2023-03-07,13107.95416666667,2707.14166666667,7117.2,20735.40833333333,7.9,,1828.9
2023-03-08,13085.1625,2753.88333333333,7117.2,20265.32083333334,7.9,,1828.9
2023-03-09,13201.78333333333,2803.96666666667,7117.2,20780.93333333334,7.9,,1828.9
2023-03-10,13287.7,2626.425,7117.2,21259.1,7.9,,1828.9
2023-03-11,13287.7,2600.0,7117.2,21259.1,7.9,,1828.9
2023-03-12,13072.07916666667,2590.69166666667,7117.2,20863.9,7.9,,1828.9
2023-03-13,13001.55416666667,2539.875,7117.2,20929.4,7.9,,1828.9
2023-03-14,13026.975,2610.475,6969.39583333333,21568.38333333334,7.9,,1828.9
2023-03-15,12908.05,2575.475,7117.2,21650.3,7.9,,1828.9
2023-03-16,13200.96666666667,2663.49166666667,7117.2,21650.3,7.9,,1828.9
2023-03-17,13476.65,2803.96666666667,7117.2,20977.2125,7.9,,1828.9
2023-03-18,13402.92916666667,2811.4,7117.2,21630.0,7.9,,1828.9
2023-03-19,13363.22916666667,2811.4,7117.2,21363.79583333333,7.9,,1828.9
2023-03-20,13108.4875,2775.9625,7117.2,21217.09583333333,7.9,,1828.9
2023-03-21,13101.37916666667,2752.3375,7117.2,21233.6,7.9,,1828.9
2023-03-22,13236.77916666667,2811.4,7117.2,21316.18333333334,7.9,,1828.9
2023-03-23,13259.96666666667,2811.4,7117.2,21630.0,7.9,,1828.9
2023-03-24,13357.675,2799.26666666667,7117.2,21613.34583333333,7.9,,1828.9
2023-03-25,13320.43043478261,2738.6,7117.2,21338.08260869565,7.9,,1828.9
2023-03-26,13314.97916666667,2705.38333333333,7089.99166666667,21630.0,7.9,,1828.9
2023-03-27,13602.275,2720.7,7117.2,21412.19583333334,7.9,,1828.9
2023-03-28,13702.61666666667,2720.7,7117.2,21227.9,7.9,,1828.9
2023-03-29,13639.4125,2717.6625,7117.2,20305.59166666667,7.9,,1828.9
2023-03-30,13706.25,2777.00416666667,7117.2,20748.68333333334,7.9,,1828.9
2023-03-31,13716.44583333333,2864.9,7117.2,20909.56136363636,7.9,,1828.9
2023-04-01,13527.0,2864.9,7117.2,20839.7,7.9,,1828.9
2023-04-02,13492.55,2853.625,7117.2,20875.2,7.9,,1828.9
2023-04-03,13563.87916666667,2838.88333333333,7117.2,20946.53333333333,7.9,,1828.9
2023-04-04,13746.39583333334,2902.35833333333,7117.2,20893.03333333333,7.9,,1828.9
2023-04-05,13763.8,2928.76666666667,7117.2,20998.8875,7.9,,1828.9
2023-04-06,13763.8,2729.79166666667,7117.2,21297.5,7.9,,1828.9
2023-04-07,13739.59166666667,2588.3,7117.2,20420.7,7.9,,1828.9
2023-04-08,13722.3,2575.72083333333,7117.2,20458.45,7.9,,1828.9
2023-04-09,13623.34583333333,2475.6375,7117.2,20165.175,7.9,,1828.9
2023-04-10,13471.58333333334,2590.125,7117.2,19798.63333333334,7.9,,1478.0
2023-04-11,13333.4375,2657.50416666667,7117.2,19694.1,7.9,,1478.0
2023-04-12,13232.0625,2665.07916666667,7117.2,20358.16666666667,7.9,,1478.0
2023-04-13,13380.6625,2692.70434782609,7117.2,20388.11666666667,7.9,,1478.0
2023-04-14,13532.575,2768.2,7117.2,19689.8,7.9,,1478.0
2023-04-15,13439.7,2768.2,7117.2,19689.8,7.9,,1478.0
2023-04-16,13371.0125,2734.1375,6105.9,18762.6,7.9,,1829.0
2023-04-17,13298.55833333333,2680.4375,6105.9,18332.96666666667,7.9,,1829.0
2023-04-18,13395.10416666667,2710.6625,6105.9,18697.16666666667,7.9,,1829.0
2023-04-19,13396.65833333333,2632.17083333333,6105.9,18485.09166666667,7.9,,1897.75
2023-04-20,13405.725,2737.25416666667,6105.9,19759.7,7.9,,1829.0
2023-04-21,13489.975,2816.06666666667,6105.9,20412.31666666667,7.9,,1829.0
2023-04-22,13461.98333333333,2823.5,6105.9,21251.2,7.9,,1829.0
2023-04-23,13262.24583333333,2721.125,6105.9,21166.99583333334,7.9,,1829.0
2023-04-24,13256.15,2455.00833333333,6105.9,21054.8125,7.9,,1829.0
2023-04-25,13236.64166666667,2525.175,5785.1,20980.6125,7.9,,1942.9
2023-04-26,13187.325,2668.9,5981.35,20821.6,7.9,,1607.7791666666699
2023-04-27,13227.87916666667,2690.02916666667,5784.68333333333,20607.23333333333,7.9,,1532.2
2023-04-28,13206.3,2713.7,5110.1,20752.5,7.9,,1518.86666666667
2023-04-29,13172.3,2713.7,5110.1,20785.0,7.9,,1452.2
2023-04-30,13172.3,2713.7,5110.1,20392.4,7.9,,1343.7916666666702
2023-05-01,12836.89583333334,2718.3,5110.1,20769.9375,7.9,,1259.0
2023-05-02,12528.1,2754.875,5110.1,20998.98333333333,7.9,,1259.0
2023-05-03,12384.85,2625.61666666667,5110.1,21063.10833333333,7.9,,1259.0
2023-05-04,12634.96666666667,2706.14166666667,5110.1,20095.81666666667,7.9,,1259.0
2023-05-05,12760.4,2713.7,5110.1,20833.6,7.9,,1259.0
2023-05-06,12760.4,2713.7,5110.1,20800.71666666667,7.9,,1259.0
2023-05-07,12671.225,2671.20416666667,5110.1,19623.4,7.9,,1259.0
2023-05-08,12559.3,2407.50416666667,5110.1,19611.9,7.9,,1259.0
2023-05-09,12501.26666666667,2370.90416666667,5110.1,19449.7375,7.9,,1259.0
2023-05-10,12633.54166666667,2374.51666666667,5110.1,19244.5,7.9,,1259.0
2023-05-11,12771.48333333333,2408.825,5110.1,18277.62916666667,7.9,,1259.0
2023-05-12,12933.6,2523.2,5001.625,19085.6875,7.9,,1259.0
2023-05-13,12933.6,2523.2,5110.1,19352.28333333333,7.9,,1259.0
2023-05-14,12730.68333333333,2454.575,5110.1,19650.22083333333,7.9,,1259.0
2023-05-15,12575.175,2346.40833333333,5110.1,19625.5,7.9,,1259.0
2023-05-16,12555.175,2387.63333333333,5110.1,19575.20416666667,7.9,,1259.0
2023-05-17,12548.275,2425.725,5110.1,19876.26666666667,7.9,,1259.0
2023-05-18,12529.87083333333,2500.725,5110.1,20012.2,7.9,,1259.0
2023-05-19,12541.2,2551.1,5236.5125,20012.2,7.9,,1259.0
2023-05-20,12541.2,2523.8,6121.4,20427.7,7.9,,1259.0
2023-05-21,12069.98333333333,2391.125,6121.4,20042.1,7.9,,1259.0
2023-05-22,11823.28333333333,2298.075,6121.4,20180.33333333333,7.9,,1259.0
2023-05-23,11881.3625,2334.36184210526,6121.4,20106.00833333334,7.9,,1259.0
2023-05-24,11895.2625,2363.2625,5118.0,19976.3,7.9,,1259.0
2023-05-25,12016.74583333333,2407.85,5118.0,20009.3,7.9,,1259.0
2023-05-26,12350.5125,2493.8,5118.0,19529.70833333333,7.9,,1259.0
2023-05-27,12314.2,2493.8,5118.0,20200.6625,7.9,,1259.0
2023-05-28,11956.47083333333,2482.4625,5118.0,20694.55416666667,7.9,,1259.0
2023-05-29,11929.97083333333,2557.70833333333,5118.0,21398.75,7.9,,1259.0
2023-05-30,12162.56666666667,2284.9375,5118.0,21247.38333333334,7.9,,1259.0
2023-05-31,12007.95833333334,2407.8625,5118.0,21407.8875,7.9,,1829.0
2023-06-01,12356.02916666667,2595.8625,5118.0,21332.9,7.9,,1829.0
2023-06-02,12541.80833333333,2651.8,5118.0,20466.85,7.9,,1829.0
2023-06-03,12435.23333333333,2651.8,5118.0,20657.71666666667,7.9,,1829.0
2023-06-04,12014.18333333333,2592.33333333333,5118.0,20938.3,7.9,,1829.0
2023-06-05,11750.35416666667,2603.775,5118.0,20873.85,7.9,,1829.0
2023-06-06,11544.07083333333,2640.4625,5118.0,20831.225,7.9,,1829.0
2023-06-07,11641.91666666667,2730.77083333333,5118.0,20938.3,7.9,,1829.0
2023-06-08,11874.67083333333,2938.14583333333,5118.0,20716.6875,7.9,,1829.0
2023-06-09,12314.4,3016.08333333333,5108.50416666667,20904.79166666667,7.9,,1482.8
2023-06-10,12249.8,3031.05,5118.0,20731.48333333333,7.9,,1482.8
2023-06-11,12073.475,3034.8,5118.0,20683.37916666667,7.9,,1829.0
2023-06-12,12077.54583333333,3034.8,5118.0,20502.7,7.9,,1829.0
2023-06-13,12112.05416666667,3026.1875,5118.0,20486.925,7.9,,1829.0
2023-06-14,12193.825,2946.71666666667,5947.83333333333,19886.80416666667,7.9,,1829.0
2023-06-15,12230.65833333333,3068.16666666667,6113.8,19678.4,7.9,,1829.0
2023-06-16,12311.74166666667,3107.6,6113.8,18834.27916666667,7.9,,1829.0
2023-06-17,12219.5,2997.8,6113.8,19316.6,7.9,,1829.0
2023-06-18,11946.35833333333,3038.975,6113.8,19293.575,7.9,,1806.61904761905
2023-06-19,11843.62083333333,2952.14166666667,6113.8,18279.47916666667,7.9,,1758.1666666666702
2023-06-20,11781.10416666667,2969.8,5943.44583333333,18576.75416666667,7.9,,1829.0
2023-06-21,11819.4625,3057.71666666667,5158.0,19013.37916666667,7.9,,1829.0
2023-06-22,11975.89166666667,3136.84166666667,6338.06666666667,19782.875,7.9,,1829.0
2023-06-23,12118.6,2930.42083333333,7031.625,20148.8,7.9,,1829.0
2023-06-24,12118.6,2751.1,7117.2,20061.675,7.9,,1829.0
2023-06-25,11884.97083333333,2884.525,7106.225,20469.725,7.9,,1829.0
2023-06-26,11741.06666666667,2988.65,7084.275,20228.34583333333,7.9,,1829.0
2023-06-27,11650.92916666667,2996.74166666667,7117.2,19388.97083333333,7.9,,1829.0
2023-06-28,11619.7625,2896.475,7117.2,20174.48333333333,7.9,,1829.0
2023-06-29,11772.74166666667,2992.3,7117.2,20015.60833333333,7.9,,1829.0
2023-06-30,11886.4,2999.8,7117.2,19685.4,7.9,,1829.0
2023-07-01,11886.4,2999.8,7089.625,20789.53333333333,7.9,,1829.0
2023-07-02,11462.03333333333,2999.8,7117.2,20933.53333333333,7.9,,1829.0
2023-07-03,11287.3125,2780.49166666667,7117.2,21167.51666666667,7.9,,1829.0
2023-07-04,11495.0,2846.55,7117.2,20320.325,7.9,,1829.0
2023-07-05,11526.72083333333,2893.275,7117.2,20126.2625,7.9,,1829.0
2023-07-06,11548.39166666667,2999.8,7117.2,20658.18333333334,7.9,,1829.0
2023-07-07,11532.7,2965.425,7117.2,21402.7,7.9,,1829.0
2023-07-08,11532.7,2910.3,7117.2,21402.7,7.9,,1829.0
2023-07-09,11515.4125,2898.15,7117.2,21706.7375,7.9,,1829.0
2023-07-10,11668.5125,2928.77916666667,7117.2,21322.94583333334,7.9,,1829.0
2023-07-11,11605.87916666667,3103.71666666667,7117.2,21691.975,7.9,,1829.0
2023-07-12,11620.81666666667,2982.4125,7117.2,21966.2,7.9,,1829.0
2023-07-13,11965.725,3190.2,7117.2,22082.7,7.9,,1829.0
2023-07-14,12326.4,3190.2,7117.2,22099.94583333334,7.9,,1829.0
2023-07-15,12326.4,3190.2,7117.2,22042.05416666667,7.9,,1829.0
2023-07-16,11876.46666666667,2972.275,7117.2,21544.52083333333,7.9,,1829.0
2023-07-17,11650.46666666667,2968.89107142857,7117.2,21643.4,7.9,,1829.0
2023-07-18,11448.7125,3039.59285714286,7117.2,21804.35131578948,7.9,,1829.0
2023-07-19,11177.49166666667,3109.0125,7117.2,22248.95416666667,7.9,,1829.0
2023-07-20,11437.95833333334,3181.72916666667,7117.2,22975.2,7.9,,1829.0
2023-07-21,11514.2,3259.1,7089.625,22718.24166666667,7.9,,1829.0
2023-07-22,11514.2,3259.1,7117.2,22523.34583333334,7.9,,1829.0
2023-07-23,11513.30833333333,2762.375,7117.2,21970.31666666667,7.9,,1829.0
2023-07-24,11503.675,2896.425,7117.2,21764.00416666667,7.9,,1829.0
2023-07-25,11490.44166666667,2943.85,7117.2,21104.9,7.9,,1829.0
2023-07-26,11608.31666666667,2921.0875,7117.2,21694.7,7.9,,1829.0
2023-07-27,11863.325,2994.7375,7117.2,21520.45,7.9,,1829.0
2023-07-28,11961.7,3060.8,7117.2,20797.4375,7.9,,1829.0
2023-07-29,11961.7,3060.8,7117.2,21494.2875,7.9,,1829.0
2023-07-30,11758.74583333333,2951.31666666667,7117.2,21995.5,7.9,,1829.0
2023-07-31,11354.75416666667,2834.69166666667,7117.2,21603.81666666667,7.9,,1829.0
2023-08-01,11328.15416666667,2880.4,7117.2,21560.0375,7.9,,1829.0
2023-08-02,11575.76666666667,2797.62916666667,7117.2,21777.35833333333,7.9,,1829.0
2023-08-03,11650.82083333333,2821.9,7117.2,21929.85,7.9,,1829.0
2023-08-04,11676.87916666667,2897.9,7117.2,22266.125,7.9,,1829.0
2023-08-05,11635.4,2897.9,7117.2,21766.7,7.9,,1829.0
2023-08-06,11551.92083333333,2783.42916666667,7077.17083333333,21978.65416666667,7.9,,1829.0
2023-08-07,11402.625,2974.20855263158,7043.3,22058.4125,7.9,,1829.0
2023-08-08,11488.13333333333,3094.76666666667,7005.83333333333,22158.0,7.9,,1829.0
2023-08-09,11656.325,3097.15,6877.08333333333,22334.85,7.9,,1829.0
2023-08-10,11525.42916666667,3227.74166666667,7031.325,22119.4,7.9,,1829.0
2023-08-11,12108.4375,3279.7,7043.3,21951.8375,7.9,,1829.0
2023-08-12,12131.8,3279.7,6607.75833333333,21723.89583333333,7.9,,1829.0
2023-08-13,11985.1625,3175.33333333333,6285.275,21320.7,7.9,,1829.0
2023-08-14,12033.475,3169.9,6993.8125,21697.7375,7.9,,1829.0
2023-08-15,12033.475,3169.9,7043.3,21735.24166666667,7.9,,1829.0
2023-08-16,11957.04583333333,3169.9,7043.3,21604.35833333333,7.9,,1831.5
2023-08-17,12014.22083333333,3169.9,6935.43333333333,21663.4,7.9,,1829.0
2023-08-18,12055.3,3169.9,6939.5,22108.05833333334,7.9,,1829.0
2023-08-19,12039.8,3169.9,6947.5,22137.6,7.9,,1829.0
2023-08-20,11835.675,3035.63333333333,6947.5,21697.24166666667,7.9,,1829.0
2023-08-21,11622.87083333333,2886.7125,6947.5,20956.93333333334,7.9,,1829.0
2023-08-22,11726.28333333333,2957.5125,6952.5,21540.95833333333,7.9,,1800.15
2023-08-23,11773.38333333333,3060.075,6887.5,21777.16666666667,7.9,,1259.0
2023-08-24,12075.56666666667,3095.35833333333,6880.13333333333,21654.65416666667,7.9,,927.225
2023-08-25,12122.9,3169.9,6904.7375,21094.59166666667,7.9,,1829.0
2023-08-26,12122.9,3169.9,6910.13333333333,21365.44166666667,7.9,,1829.0
2023-08-27,11943.51666666667,3169.9,7043.3,21569.5625,7.9,,1829.0
2023-08-28,11772.69583333333,3198.60833333333,7043.3,21978.95,7.9,,1829.0
2023-08-29,11618.08333333334,3214.75833333333,7043.3,22118.9,7.9,,1829.0
2023-08-30,11622.80833333333,3262.95,7043.3,22208.775,7.9,,1829.0
2023-08-31,11482.98333333333,3218.2,6877.33333333333,22142.6,7.9,,1829.0
2023-09-01,11503.80416666667,3218.2,6047.5,21577.65,7.9,,1829.0
2023-09-02,11466.56666666667,3135.20833333333,6711.36666666667,21480.025,7.9,,1829.0
2023-09-03,11050.72083333333,2993.17916666667,6909.83333333333,21255.275,7.9,,1829.0
2023-09-04,11108.49166666667,2944.29166666667,7043.3,20072.7125,7.9,,1829.0
2023-09-05,11256.59583333333,2854.41666666667,7043.3,20059.66666666667,7.9,,1829.0
2023-09-06,11299.68333333333,2769.11666666667,7043.3,19683.18333333334,7.9,,1829.0
2023-09-07,11429.59166666667,2787.71666666667,7043.3,20297.26666666667,7.9,,1517.2
2023-09-08,11507.10416666667,2897.5,7062.22083333333,20433.65,7.9,,1543.18333333333
2023-09-09,11485.3625,2784.74583333333,7043.3,20364.79583333333,7.9,,1829.0
2023-09-10,11149.7625,2604.20833333333,7043.3,19695.175,7.9,,1829.0
2023-09-11,11030.15416666667,2539.12083333333,7043.3,20692.3,7.9,,1829.0
2023-09-12,11051.07083333333,2339.18333333333,7034.55,20950.9,7.9,,1829.0
2023-09-13,11035.22083333333,2254.32310606061,6999.725,20762.99166666667,7.9,,1829.0
2023-09-14,11144.675,2186.5,7028.3,20830.79166666667,7.9,,1829.0
2023-09-15,11358.4,2475.0,7028.3,21193.31666666667,7.9,,1829.0
2023-09-16,11204.875,2475.0,7028.3,21316.025,7.9,,1829.0
2023-09-17,10692.88333333333,2475.0,7028.3,20452.6,7.9,,1829.0
2023-09-18,10663.44166666667,2429.25,7028.3,20652.45,7.9,,1829.0
2023-09-19,10701.375,2467.5,6766.975,20588.4,7.9,,1829.0
2023-09-20,10649.3375,2475.0,6071.9,20669.60833333333,7.9,,1829.0
2023-09-21,10799.0125,2505.58333333333,5983.0,20944.00833333334,7.9,,1829.0
2023-09-22,10809.125,2548.4,5983.0,20603.20416666667,7.9,,1829.0
2023-09-23,10720.4,2548.4,5983.0,20529.325,7.9,,1829.0
2023-09-24,10625.91666666667,2466.70833333333,5983.0,20576.1,7.9,,1829.0
2023-09-25,10716.48333333333,2263.54166666667,5983.0,20484.32083333334,7.9,,1829.0
2023-09-26,10795.75833333333,2160.04166666667,5983.0,20968.15833333333,7.9,,1829.0
2023-09-27,10888.45833333333,2270.9625,5983.0,20986.43333333334,7.9,,1829.0
2023-09-28,11160.34166666667,2496.55,5983.0,20826.19583333334,7.9,,1829.0
2023-09-29,11576.0,2601.2,5983.0,21063.86666666667,7.9,,1829.0
2023-09-30,11576.0,2486.73333333333,5967.09166666667,21340.3,7.9,,1259.0
2023-10-01,11151.52916666667,2396.4,5983.0,20966.95,7.9,,1259.0
2023-10-02,10863.4375,2366.4,6624.9875,20983.2,7.9,,1259.0
2023-10-03,10817.1125,2354.91666666667,6960.45416666667,20983.2,7.9,,1829.0
2023-10-04,10917.71666666667,2354.91666666667,6956.75416666667,20581.4,7.9,,1478.0
2023-10-05,11352.88333333333,2603.27083333333,7011.9,20068.9,7.9,,1478.0
2023-10-06,11628.0875,3073.1,6000.65,20097.675,7.9,,1478.0
2023-10-07,11407.475,3069.38333333333,6053.3,18623.5,7.9,,1478.0
2023-10-08,11104.07083333333,3020.14166666667,6053.3,16628.79583333333,7.9,,1478.0
2023-10-09,11063.3375,3022.34583333333,6053.3,18143.37916666667,7.9,,1478.0
2023-10-10,11363.625,3049.07083333333,6053.3,18203.8,7.9,,1478.0
2023-10-11,11380.0,3082.7125,5649.69166666667,18260.21666666667,7.9,,1478.0
2023-10-12,11429.875,3060.78333333333,5558.27916666667,18911.8,7.9,,1478.0
2023-10-13,11494.425,3110.1,5496.88333333333,17765.93333333334,7.9,,1478.0
2023-10-14,11324.06666666667,3110.1,5615.8,18114.6,7.9,,1478.0
2023-10-15,10890.71666666667,3121.62083333333,5615.8,17965.475,7.9,,1478.0
2023-10-16,10761.09166666667,2973.6,5700.85,18042.4,7.9,,1319.325
2023-10-17,10829.20416666667,3111.4,5761.6,18399.02083333333,7.9,,1478.0
2023-10-18,10810.7625,3023.31666666667,5659.875,18507.40833333333,7.9,,1478.0
2023-10-19,10842.40833333333,3133.575,4800.175,17667.5,7.9,,1478.0
2023-10-20,11205.3,3196.38333333333,4765.8,17295.86666666667,7.9,,1478.0
2023-10-21,11205.3,2757.18333333333,4729.34166666667,17626.2,7.9,,1478.0
2023-10-22,11072.70416666667,2692.59166666667,4104.34166666667,17546.4,7.9,,1478.0
2023-10-23,11090.20833333333,2550.15,4065.8,17629.1,7.9,,1478.0
2023-10-24,11163.1375,2536.65,4065.8,17699.53333333333,7.9,,1478.0
2023-10-25,11294.04583333333,2764.725,4273.25833333333,17995.7125,7.9,,1478.0
2023-10-26,11684.32916666667,2769.3,4987.125,17796.9625,7.9,,1478.0
2023-10-27,11879.98333333333,2769.3,5061.6,18446.83333333333,7.9,,1478.0
2023-10-28,11992.024,2769.3,5061.6,17899.908,7.9,,1478.0
2023-10-29,11949.72083333333,2761.3,5061.6,18405.17083333333,7.9,,1478.0
2023-10-30,11959.45833333334,2688.4,5061.6,18164.11666666667,7.9,,1478.0
2023-10-31,12058.25,2688.4,5061.6,18627.275,7.9,,1478.0
2023-11-01,11958.75,2658.95,5061.6,18422.99166666667,7.9,,1478.0
2023-11-02,12078.59166666667,2730.23333333333,5061.6,18544.9125,7.9,,1478.0
2023-11-03,12203.9,2850.7,5061.6,18137.7,7.9,,1478.0
2023-11-04,12190.425,2850.7,5061.6,18137.7,7.9,,1478.0
2023-11-05,12311.15,2856.20833333333,5061.6,18605.10416666667,7.9,,1478.0
2023-11-06,12268.30833333333,2899.44166666667,5061.6,18524.4,7.9,,1478.0
2023-11-07,12523.7,2863.04166666667,5061.6,18371.96666666667,7.9,,1478.0
2023-11-08,12670.70833333334,2895.26086956522,5061.6,18086.925,7.9,,1478.0
2023-11-09,12702.275,2937.58333333333,5061.6,18585.93916666667,7.9,,1478.0
2023-11-10,12861.5,2980.4,5061.6,19380.1875,7.9,,1478.0
2023-11-11,12861.5,2980.4,6125.5,19533.40714285715,7.9,,1478.0
2023-11-12,12557.125,2991.97916666667,6125.5,19800.6,7.9,,1478.0
2023-11-13,12450.22083333333,3095.9875,6125.5,18839.5375,7.9,,1478.0
2023-11-14,12605.11666666667,2896.97916666667,6125.5,19646.37916666667,7.9,,1478.0
2023-11-15,12803.11666666667,2887.6875,6125.5,18874.20416666667,7.9,,1478.0
2023-11-16,12979.90833333333,2841.6,6125.5,19047.7,7.9,,1478.0
2023-11-17,13167.5,2893.2,6053.18333333333,19018.54166666667,7.9,,1478.0
2023-11-18,13167.5,2877.65217391304,5926.62916666667,18923.2,7.9,,1478.0
2023-11-19,12907.8375,2809.87916666667,6125.5,19392.3625,7.9,,1478.0
2023-11-20,12809.00833333333,2570.75,6125.5,19426.6,7.9,,1478.0
2023-11-21,12729.9,2333.8125,6107.42083333333,18948.91666666667,7.9,,1478.0
2023-11-22,12855.95,1765.4,6125.5,18874.225,7.9,,1478.0
2023-11-23,12708.55833333333,2086.7625,6125.5,18577.10833333333,7.9,,1456.86666666667
2023-11-24,12835.7125,2268.86666666667,6125.5,18921.29583333333,7.9,,1478.0
2023-11-25,12832.625,2092.7,6125.5,18945.5375,7.9,,1397.1
2023-11-26,12657.13333333333,2021.98333333333,6125.5,18516.33333333333,7.9,,1316.2
2023-11-27,12615.65833333333,2003.5,6125.5,18657.475,7.9,,1316.2
2023-11-28,12625.26666666667,2003.5,6125.5,18311.88333333334,7.9,,1336.2
2023-11-29,12733.07916666667,2049.5,6125.5,18272.59583333333,7.9,,1336.2
2023-11-30,12889.49166666667,2079.3375,6125.5,18360.71666666667,7.9,,1336.2
2023-12-01,13091.175,2230.7,6125.5,18339.54166666667,7.9,,1336.2
2023-12-02,13061.76666666667,2230.7,6125.5,19328.2125,7.9,,1336.2
2023-12-03,13025.175,2203.275,6125.5,19273.825,7.9,,1336.2
2023-12-04,12983.49583333333,2269.84166666667,6125.5,19568.44583333334,7.9,,1336.2
2023-12-05,12929.375,2378.7,6125.5,20781.525,7.9,,1336.2
2023-12-06,13028.04583333333,2371.26666666667,6125.5,20553.5,7.9,,1336.2
2023-12-07,13349.6,2378.7,6125.5,20908.75,7.9,,1336.2
2023-12-08,13375.7875,2367.55,6125.5,20544.7,7.9,,1336.2
2023-12-09,13360.65833333333,2378.7,6166.82083333333,20381.3375,7.9,,1336.2
2023-12-10,13035.9125,2167.4,6425.5,19457.7375,7.9,,1522.5916666666699
2023-12-11,13023.77083333334,2165.29583333333,7083.725,19745.3875,7.9,,1200.5875
2023-12-12,13226.8,2288.2,7117.2,20175.76666666667,7.9,,1169.11666666667
2023-12-13,13275.78333333333,2288.2,7117.2,20372.75,7.9,,1171.2
2023-12-14,13455.17083333333,2295.3875,7117.2,21550.2525,7.9,,1171.2
2023-12-15,13419.88333333333,2325.2,7117.2,21620.69166666667,7.9,,1264.8333333333298
2023-12-16,13423.21666666667,2325.2,7117.2,21189.04166666667,7.9,,1552.5875
2023-12-17,13374.39166666667,2405.92916666667,7117.2,20299.07916666667,7.9,,1478.0
2023-12-18,13468.41666666667,2754.9,7117.2,20093.0875,7.9,,1478.0
2023-12-19,13492.12083333333,2809.625,7117.2,20355.38333333334,7.9,,1478.0
2023-12-20,13503.05,3017.8,7117.2,20583.875,7.9,,1478.0
2023-12-21,13537.14583333334,3097.325,7117.2,20948.06666666667,7.9,,1478.0
2023-12-22,13642.4,3143.2,7117.2,21085.65,7.9,,1478.0
2023-12-23,13619.5,3090.97083333333,7117.2,20483.65833333333,7.9,,1478.0
2023-12-24,13497.85833333333,3076.89565217391,7117.2,20500.1,7.9,,1478.0
2023-12-25,13501.55833333333,3093.24166666667,7117.2,20645.52083333333,7.9,,1478.0
2023-12-26,13732.30833333333,3143.2,7117.2,20292.2,7.9,,1478.0
2023-12-27,13861.8,3139.47083333333,7117.2,20045.9875,7.9,,1478.0
2023-12-28,13875.6,3053.7,7117.2,20626.4625,7.9,,1478.0
2023-12-29,13845.57916666667,3053.7,7117.2,21286.7,7.9,,1478.0
2023-12-30,13807.5,3053.7,7117.2,21286.7,7.9,,1478.0
2023-12-31,13680.6625,3053.7,7117.2,21286.7,7.9,,1478.0
2024-01-01,13667.07916666667,3083.53333333333,7117.2,20078.75833333334,7.9,,1478.0
2024-01-02,13686.5625,3143.2,7113.55,19641.7,7.9,,1478.0
2024-01-03,13740.89166666667,3082.91428571429,7117.2,19324.6,7.9,,1478.0
2024-01-04,13630.0375,3143.2,7117.2,18780.25833333334,7.9,,1478.0
2024-01-05,13665.5,3143.2,7117.2,18431.7,7.9,,1478.0
2024-01-06,13614.35,3143.2,7117.2,18329.55833333334,7.9,,1478.0
2024-01-07,13565.84166666667,3143.2,7117.2,18862.2,7.9,,1446.75
2024-01-08,13757.1625,3115.75,7117.2,19113.04166666667,7.9,,1290.5
2024-01-09,13764.3,3121.00833333333,7117.2,19475.09166666667,7.9,,1478.0
2024-01-10,13716.45,3143.2,7117.2,19325.49166666667,7.9,,1478.0
2024-01-11,13707.6625,3143.2,7117.2,19171.175,7.9,,1478.0
2024-01-12,13785.1,3143.2,7117.2,19258.325,7.9,,1478.0
2024-01-13,13741.16666666667,3143.2,7117.2,18899.1,7.9,,1478.0
2024-01-14,13338.41666666667,3097.59583333333,6053.3,18508.2,7.9,,1478.0
2024-01-15,13309.1,3092.0125,7117.2,18365.41666666667,7.9,,1478.0
2024-01-16,13356.80833333333,3041.26666666667,6638.10416666667,18620.57916666667,7.9,,1478.0
2024-01-17,13414.50416666667,3045.6625,6212.32916666667,19091.86666666667,7.9,,1478.0
2024-01-18,13539.6,3048.7,7117.2,19748.43333333334,7.9,,1478.0
2024-01-19,13729.1,3057.61666666667,7117.2,19993.38333333334,7.9,,1478.0
2024-01-20,13729.1,3102.2,7117.2,20105.2,7.9,,1478.0
2024-01-21,13618.4125,2996.42916666667,7117.2,19699.47916666667,7.9,,1478.0
2024-01-22,13570.225,2928.53333333333,7117.2,19660.74166666667,7.9,,1478.0
2024-01-23,13585.09166666667,2821.79583333333,7117.2,19679.91666666667,7.9,,1478.0
2024-01-24,13561.58333333334,2855.925,7117.2,19991.0625,7.9,,1478.0
2024-01-25,13655.68333333333,2865.71666666667,7117.2,20187.475,7.9,,1478.0
2024-01-26,13694.2,2963.5,6955.56666666667,20492.3,7.9,,1478.0
2024-01-27,13694.2,2963.5,7117.2,20492.3,7.9,,1478.0
2024-01-28,13540.01666666667,2920.975,7117.2,20162.925,7.9,,1478.0
2024-01-29,13477.4,2853.00833333333,7117.2,19680.0,7.9,,1417.44166666667
2024-01-30,13554.1625,2815.64583333333,7117.2,19125.84868421053,7.9,,1478.0
2024-01-31,13612.71666666667,2932.91666666667,7117.2,18600.49583333334,7.9,,1478.0
2024-02-01,13692.5625,2914.19166666667,7117.2,19241.10416666667,7.9,,1478.0
2024-02-02,13686.0,3054.4,7117.2,20155.05,7.9,,1478.0
2024-02-03,13681.4,3043.15,7117.2,20421.48333333333,7.9,,1478.0
2024-02-04,13456.10416666667,3010.05,7117.2,19653.0,7.9,,1478.0
2024-02-05,13444.29583333333,2992.11666666667,7117.2,19669.92083333333,7.9,,1478.0
2024-02-06,13607.12083333333,3036.15833333333,7117.2,19884.23333333333,7.9,,1478.0
2024-02-07,13637.575,3054.4,7117.2,19653.0,7.9,,1478.0
2024-02-08,13857.53333333333,3054.4,7117.2,19752.1,7.9,,1478.0
2024-02-09,13919.2,3026.95,7117.2,20049.4,7.9,,1478.0
2024-02-10,13919.2,3054.4,7117.2,19828.89583333333,7.9,,1478.0
2024-02-11,13756.85833333333,3000.69166666667,6940.10833333333,19287.0,7.9,,1478.0
2024-02-12,13610.72916666667,3029.72916666667,6125.5,19111.22083333333,7.9,,1478.0
2024-02-13,13464.48333333333,3005.86666666667,6125.5,18915.2125,7.9,,1478.0
2024-02-14,13344.5375,2955.225,6583.14166666667,19235.25,7.9,,1478.0
2024-02-15,13428.425,2961.7875,7117.2,19216.60833333333,7.9,,1478.0
2024-02-16,13469.68333333333,2831.1,7117.2,18217.775,7.9,,1478.0
2024-02-17,13471.4,2831.1,7117.2,18317.2,7.9,,1478.0
2024-02-18,13410.2375,2831.1,7117.2,19564.69583333334,7.9,,1478.0
2024-02-19,13401.7,2831.1,7117.2,19614.98333333333,7.9,,1478.0
2024-02-20,13323.3,2739.975,7117.2,19647.6,7.9,,1478.0
2024-02-21,13405.84583333333,2750.63333333333,7117.2,19219.7,7.9,,1478.0
2024-02-22,13551.79583333333,2818.17916666667,7117.2,19219.7,7.9,,1478.0
2024-02-23,13709.7,2831.1,6910.59583333333,19621.5,7.9,,1478.0
2024-02-24,13709.7,2831.1,6125.5,19588.01666666667,7.9,,1478.0
2024-02-25,13333.78333333333,2831.1,6125.5,19518.55,7.9,,1478.0
2024-02-26,13149.4125,2831.1,6290.78333333333,19621.5,7.9,,1478.0
2024-02-27,13239.92083333333,2849.45,6960.5875,19796.35416666667,7.9,,1478.0
2024-02-28,13154.22083333333,2890.775,7117.2,20076.12083333334,7.9,,1478.0
2024-02-29,13276.8875,2937.86666666667,7117.2,20755.48333333333,7.9,,1478.0
2024-03-01,13345.62083333333,2977.3,6345.275,19935.45,7.9,,1478.0
2024-03-02,13272.1,2963.575,6121.4,19985.675,7.9,,1478.0
2024-03-03,13020.1625,2745.48333333333,6265.775,20309.175,7.9,,1478.0
2024-03-04,12955.8,2778.4,6845.025,20173.73333333333,7.9,,1478.0
2024-03-05,12987.1,2870.59166666667,7117.2,20074.40833333333,7.9,,1478.0
2024-03-06,12860.7875,2922.8,7117.2,20364.86666666667,7.9,,1339.675
2024-03-07,12948.7,2922.8,6990.7875,20179.0,7.9,,1377.4
2024-03-08,13017.3,2922.8,5815.45833333333,20099.79583333333,7.9,,1478.0
2024-03-09,13017.3,2922.8,4046.2,20255.05,7.9,,1478.0
2024-03-10,13005.3375,2922.8,4046.2,17981.15416666667,7.9,,1478.0
2024-03-11,12962.52916666667,2896.55,4046.2,18003.50833333334,7.9,,1478.0
2024-03-12,12953.54583333333,2892.96666666667,4046.2,18901.30416666667,7.9,,1478.0
2024-03-13,12947.6875,2919.02916666667,4046.2,19119.58333333333,7.9,,1478.0
2024-03-14,13108.25,2877.74583333333,4046.2,18780.41666666667,7.9,,1478.0
2024-03-15,13362.825,2849.4,5110.1,20306.22916666667,7.9,,1478.0
2024-03-16,13381.4,2849.4,5852.58333333333,19943.15416666667,7.9,,1478.0
2024-03-17,13304.12916666667,2866.1,7117.2,19879.84583333333,7.9,,1478.0
2024-03-18,13177.8125,2922.8,7117.2,20024.57416666667,7.9,,1478.0
2024-03-19,13288.0,2890.41902173913,7117.2,20626.61833333333,7.9,,1478.0
2024-03-20,13371.63333333333,2445.8347826087,7117.2,20482.95,7.9,,1478.0
2024-03-21,13398.64166666667,2216.9125,7117.2,19823.50833333334,7.9,,1478.0
2024-03-22,13481.14166666667,2281.2,7117.2,20101.3,7.9,,1478.0
2024-03-23,13439.8,2281.2,7117.2,19687.00416666667,7.9,,1478.0
2024-03-24,13327.45,2281.2,7117.2,19804.0,7.9,,1478.0
2024-03-25,13352.875,2281.2,7117.2,20250.15833333333,7.9,,1478.0
2024-03-26,13388.8625,2281.2,7117.2,20491.1,7.9,,1478.0
2024-03-27,13424.51666666667,2334.0625,7117.2,20030.41666666667,7.9,,1478.0
2024-03-28,13525.6,2704.1,7117.2,18851.7,7.9,,1478.0
2024-03-29,13525.6,2704.1,7117.2,19338.53333333333,7.9,,1478.0
2024-03-30,13429.07826086957,2423.73043478261,7117.2,19403.7,7.9,,1478.0
2024-03-31,13370.36666666667,2274.2,7117.2,19403.7,7.9,,1478.0
2024-04-01,13349.8,2201.0,6403.76666666667,19263.13333333334,7.9,,1478.0
2024-04-02,13246.15,2164.4,5668.99375,19331.8,7.9,,1478.0
2024-04-03,13205.375,2066.9625,6111.4,19331.8,7.9,,1478.0
2024-04-04,13154.39166666667,2075.025,6111.4,19396.65,7.9,,1478.0
2024-04-05,13209.3,2164.4,6111.4,19331.7,7.9,,1478.0
2024-04-06,13093.55,2164.4,5450.26666666667,19331.7,7.9,,1478.0
2024-04-07,12986.27916666667,2152.26666666667,5119.7,18459.35,7.9,,1478.0
2024-04-08,12918.60416666667,2149.40833333333,5119.7,18285.275,7.9,,1478.0
2024-04-09,13005.29583333333,2164.4,5119.7,17689.38333333334,7.9,,1478.0
2024-04-10,13076.18333333333,2164.4,5119.7,17620.7,7.9,,1478.0
2024-04-11,13269.85,2152.3125,5119.7,17801.7,7.9,,1478.0
2024-04-12,13392.0125,2067.7,5946.11666666667,18327.56842105263,7.9,,1478.0
2024-04-13,13386.84583333333,2047.60416666667,6111.4,19163.15,7.9,,1362.4
2024-04-14,13220.86666666667,2061.0375,6111.4,17974.85,7.9,,1478.0
2024-04-15,13210.3,2197.325,6111.4,18683.5875,7.9,,1478.0
2024-04-16,13394.13333333333,2930.6,6030.1,18564.5625,7.9,,1478.0
2024-04-17,13547.18333333333,2945.19166666667,6028.1,18396.75,7.9,,1478.0
2024-04-18,13599.64583333334,2953.275,6020.1,18082.25416666667,7.9,,1478.0
2024-04-19,13557.375,3046.9,6014.1,17698.45416666667,7.9,,1478.0
2024-04-20,13481.9,3046.9,6008.1,17891.2,7.9,,1478.0
2024-04-21,13235.85833333333,2807.76666666667,6002.1,17442.59583333333,7.9,,1478.0
2024-04-22,13087.3,2658.31666666667,5995.1,17600.61666666667,7.9,,1478.0
2024-04-23,13195.9,2756.2125,5986.1,18042.4,7.9,,1478.0
2024-04-24,13285.75416666667,2805.525,5984.1,18157.72083333333,7.9,,1478.0
2024-04-25,13413.49583333333,2838.18369565217,5775.8,18443.52916666667,7.9,,1478.0
2024-04-26,13390.375,2937.1,5066.1,18406.81666666667,7.9,,1478.0
2024-04-27,13261.3875,2858.7875,5066.1,18872.9,7.9,,1478.0
2024-04-28,13088.50416666667,2884.89166666667,4841.63333333333,18626.93522727273,7.9,,1478.0
2024-04-29,13095.525,2914.7,4651.7,19591.19166666667,7.9,,1478.0
2024-04-30,13153.1375,2937.1,4651.7,19534.3625,7.9,,1478.0
2024-05-01,13111.36666666667,2937.1,4651.7,20362.97916666667,7.9,,1478.0
2024-05-02,13173.175,2937.1,4651.7,20546.34166666667,7.9,,1478.0
2024-05-03,13218.6,2937.1,4625.34583333333,21140.08333333333,7.9,,1478.0
2024-05-04,13141.8375,2937.1,4651.7,20827.9,7.9,,1478.0
2024-05-05,12728.12083333333,2891.16666666667,4754.82083333333,20479.38333333334,7.9,,1478.0
2024-05-06,12058.875,2507.8,5646.04166666667,19395.675,7.9,,1478.0
2024-05-07,11826.8125,2507.8,5657.5,19115.00833333334,7.9,,1478.0
2024-05-08,12389.95,2487.05,5629.05,19153.37083333334,7.9,,1478.0
2024-05-09,12481.64583333334,2751.3380952381,5657.5,20137.98333333333,7.9,,1478.0
2024-05-10,12580.1,2757.9,5657.5,21218.475,7.9,,1478.0
2024-05-11,12654.1,2660.76666666667,5068.5,20840.9,7.9,,1478.0
2024-05-12,12460.06666666667,2612.2,5034.85416666667,20840.9,7.9,,1478.0
2024-05-13,12282.7125,2622.26666666667,5041.0,20760.16666666667,7.9,,1478.0
2024-05-14,12231.925,2691.38333333333,5036.0,21201.3125,7.9,,1478.0
2024-05-15,12329.93333333333,2700.71666666667,4817.70833333333,20379.23333333333,7.9,,1478.0
2024-05-16,12389.9875,2662.24333333333,4532.6,19210.5375,7.9,,1478.0
2024-05-17,12439.5125,2665.2,4668.075,18802.25,7.9,,1478.0
2024-05-18,12323.4,2665.2,5068.5,19182.7,7.9,,1478.0
2024-05-19,12011.4,2667.10454545455,5014.64583333333,18584.77916666667,7.9,,1478.0
2024-05-20,11873.88333333333,2697.29166666667,5014.64583333333,18105.825,7.9,,1478.0
2024-05-21,12191.125,2534.0575,4899.56666666667,18363.2,7.9,,1478.0
2024-05-22,12266.9875,2646.625,4072.7,18269.40833333333,7.9,,1478.0
2024-05-23,12435.3875,2743.42083333333,4072.7,18149.60833333333,7.9,,1478.0
2024-05-24,12500.62916666667,2769.25833333333,4072.7,18225.50833333334,7.9,,1478.0
2024-05-25,12503.1,2706.1,4148.74166666667,18889.86666666667,7.9,,1478.0
2024-05-26,12290.7625,2749.1625,4814.01666666667,19014.7875,7.9,,1478.0
2024-05-27,12253.7875,2811.6,5068.5,19330.83333333333,7.9,,1478.0
2024-05-28,12199.45416666667,2749.925,5068.5,19354.05,7.9,,1478.0
2024-05-29,12115.04583333333,2690.3125,5068.5,19252.45416666667,7.9,,1478.0
2024-05-30,12322.475,2740.95833333333,5068.5,19812.39166666667,7.9,,1478.0
2024-05-31,12425.1,2780.4125,5061.9375,20153.60833333333,7.9,,1478.0
2024-06-01,12408.9,2819.9,5068.5,20635.85416666667,7.9,,1478.0
2024-06-02,12070.23333333333,2744.225,4398.9375,21245.70416666667,7.9,,1478.0
2024-06-03,12066.7375,2740.06666666667,4609.71666666667,20927.85,7.9,,1478.0
2024-06-04,12245.23333333333,2692.56666666667,4957.45,20387.04583333333,7.9,,1478.0
2024-06-05,12247.25416666667,2475.7,5041.0,20224.04166666667,7.9,,1478.0
2024-06-06,12441.84583333333,2331.43574561404,5041.0,20069.6375,7.9,,1478.0
2024-06-07,12648.3,2696.5,5041.0,19521.975,7.9,,1478.0
2024-06-08,12648.3,2685.4625,5041.0,19535.4,7.9,,1478.0
2024-06-09,12442.97083333333,2636.16666666667,5041.0,19469.15,7.9,,1478.0
2024-06-10,12101.475,2441.35833333333,6071.9,19422.2625,7.9,,1478.0
2024-06-11,11952.475,2315.8375,6128.15,19535.4,7.9,,1478.0
2024-06-12,11896.64583333334,2476.82352941177,6071.9,19535.4,7.9,,1478.0
2024-06-13,12276.88333333333,2507.2625,6228.15,19406.5,7.9,,1478.0
2024-06-14,12351.2,2696.5,6463.87916666667,18736.1,7.9,,1478.0
2024-06-15,12351.2,2696.5,6888.10416666667,18736.1,7.9,,1478.0
2024-06-16,12076.55,2696.5,7117.2,19559.00833333334,7.9,,1478.0
2024-06-17,11888.2,2662.51666666667,7117.2,19906.86666666667,7.9,,1478.0
2024-06-18,11786.34166666667,2712.55,7117.2,20022.32,7.9,,1478.0
2024-06-19,11759.325,2765.4,7117.2,20441.37,7.9,,1478.0
2024-06-20,12046.5875,2765.4,7117.2,19968.73916666667,7.9,,1478.0
2024-06-21,12271.2,2765.4,7100.0125,20037.27368421053,7.9,,1478.0
2024-06-22,12271.2,2765.4,7117.2,19568.60723684211,7.9,,1478.0
2024-06-23,11804.2125,2765.4,7117.2,19285.1625,7.9,,1478.0
2024-06-24,11521.96666666667,2666.74583333333,7117.2,19119.16666666667,7.9,,1478.0
2024-06-25,11579.29583333333,2670.9,7117.2,19232.4,7.9,,1478.0
2024-06-26,11567.59583333333,2644.04166666667,7117.2,19186.35714285714,7.9,,1478.0
2024-06-27,11928.13333333333,2751.17083333333,7117.2,18987.58333333333,7.9,,1478.0
2024-06-28,12309.32083333333,2795.4,7117.2,19705.00416666667,7.9,,1478.0
2024-06-29,12176.025,2756.025,7117.2,19743.43333333334,7.9,,1478.0
2024-06-30,11855.9875,2700.9,7117.2,20628.04166666667,7.9,,1478.0
2024-07-01,12005.92083333333,2674.4625,7117.2,21080.78333333333,7.9,,1478.0
2024-07-02,11887.86666666667,2465.12916666667,7117.2,21133.98333333333,7.9,,1478.0
2024-07-03,12131.47916666667,2510.7,7117.2,21246.9,7.9,,1478.0
2024-07-04,12300.125,2583.9,7117.2,20971.8,7.9,,1503.0
2024-07-05,12595.95,2583.9,7117.2,21227.54166666667,7.9,,1328.125
2024-07-06,12546.2,2583.9,7117.2,20937.6125,7.9,,1257.9
2024-07-07,11969.70833333334,2583.9,7117.2,21244.7,7.9,,1577.6625
2024-07-08,11758.75833333333,2563.575,7117.2,21462.25833333334,7.9,,1478.0
2024-07-09,11746.95,2696.54166666667,7117.2,21589.14583333333,7.9,,1447.775
2024-07-10,11821.28333333333,2483.1,7117.2,21618.54583333333,7.9,,1472.775
2024-07-11,11900.75416666667,2461.5027173913,7117.2,21637.9,7.9,,1350.69166666667
2024-07-12,12055.1,2516.2,6053.3,21637.9,7.9,,1339.60833333333
2024-07-13,12055.1,2516.2,7117.2,21637.9,7.9,,1478.0
2024-07-14,11869.375,2612.2,7117.2,21612.15833333333,7.9,,1478.0
2024-07-15,11723.00833333333,2465.70416666667,7117.2,21274.71666666667,7.9,,1478.0
2024-07-16,11844.3,2481.14166666667,7117.2,21331.52083333333,7.9,,1478.0
2024-07-17,11743.4875,2486.5,7117.2,21014.07916666667,7.9,,1478.0
2024-07-18,11897.8125,2479.84583333333,7117.2,21087.73333333333,7.9,,1478.0
2024-07-19,12119.1,2591.1,7117.2,21015.17083333333,7.9,,1478.0
2024-07-20,12094.33333333334,2591.1,6899.325,21864.79583333333,7.9,,1478.0
2024-07-21,11863.22083333333,2601.84166666667,7117.2,21705.7,7.9,,1478.0
2024-07-22,11689.11666666667,2674.50416666667,7117.2,21704.0,7.9,,1478.0
2024-07-23,11665.175,2635.4625,7117.2,21051.29583333333,7.9,,1478.0
2024-07-24,11668.275,2673.3,7117.2,20736.18333333334,7.9,,1478.0
2024-07-25,11494.10833333333,2703.375,7117.2,21728.8,7.9,,1478.0
2024-07-26,11540.6,2688.70833333333,7085.99166666667,21728.8,7.9,,1478.0
2024-07-27,11513.32916666667,2633.05416666667,7042.3,21700.89166666667,7.9,,1478.0
2024-07-28,11363.43333333333,2486.80833333333,7082.87083333333,21693.125,7.9,,1478.0
2024-07-29,11379.24166666667,2575.9125,7117.2,21700.96190476191,7.9,,1478.0
2024-07-30,11536.92083333333,2553.30833333333,7117.2,20871.95,7.9,,1478.0
2024-07-31,11664.86666666667,2591.1,7117.2,21394.0125,7.9,,1478.0
2024-08-01,11582.22083333333,2543.1,7117.2,21584.35,7.9,,1478.0
2024-08-02,11862.2,2581.1,7117.2,21907.1375,7.9,,1478.0
2024-08-03,11862.2,2517.7,7026.80416666667,21125.525,7.9,,1478.0
2024-08-04,11614.65416666667,2551.34166666667,7117.2,21161.99166666667,7.9,,1478.0
2024-08-05,11528.3,2445.9652173913,7117.2,21384.80833333334,7.9,,1478.0
2024-08-06,11516.8375,2498.60833333333,7117.2,21971.8125,7.9,,1478.0
2024-08-07,11584.85,2591.1,7117.2,22036.8375,7.9,,1478.0
2024-08-08,11767.05416666667,2634.4125,7117.2,21681.64166666667,7.9,,1478.0
2024-08-09,11920.5,2673.7875,7117.2,21755.90833333333,7.9,,1478.0
2024-08-10,11904.9875,2649.66022727273,7117.2,21739.4,7.9,,1478.0
2024-08-11,11904.575,2723.25,7117.2,21704.53333333333,7.9,,1478.0
2024-08-12,11970.54166666667,2755.64166666667,7117.2,21470.57833333334,7.9,,1478.0
2024-08-13,12284.55833333333,2749.525,7117.2,21878.5375,7.9,,1478.0
2024-08-14,12659.54166666667,2694.26666666667,7117.2,21235.1125,7.9,,1478.0
2024-08-15,12637.92916666667,2626.95833333333,7117.2,21492.475,7.9,,1478.0
2024-08-16,12661.6,2705.4,7117.2,22139.1,7.9,,1478.0
2024-08-17,12629.75,2623.05,7117.2,21753.8,7.9,,1478.0
2024-08-18,12038.32083333333,2592.32916666667,7117.2,21378.74166666667,7.9,,1478.0
2024-08-19,11834.1,2626.2,6908.64166666667,21027.37916666667,7.9,,1478.0
2024-08-20,11788.7,2672.41818181818,7117.2,21059.5125,7.9,,1478.0
2024-08-21,11711.80833333333,2565.81666666667,7117.2,20971.5,7.9,,1478.0
2024-08-22,11718.50416666667,2429.95,7117.2,21102.93571428572,7.9,,1478.0
2024-08-23,11908.8,2494.0,7117.2,20971.9,7.9,,1478.0
2024-08-24,11908.8,2494.0,7117.2,21006.80833333334,7.9,,1478.0
2024-08-25,11684.78333333333,2355.1,7117.2,21362.9,7.9,,1478.0
2024-08-26,11636.375,2455.9,7117.2,21362.9,7.9,,1478.0
2024-08-27,11738.13333333333,2467.0,7117.2,21228.96666666667,7.9,,1478.0
2024-08-28,11764.8875,2457.3125,7117.2,21079.275,7.9,,1478.0
2024-08-29,11781.99583333333,2501.65,7117.2,21362.9,7.9,,1478.0
2024-08-30,11671.09583333333,2584.0,7117.2,21299.625,7.9,,1478.0
2024-08-31,11473.2,2584.0,7117.2,20945.1,7.9,,1478.0
2024-09-01,11350.775,2619.23333333333,7117.2,20555.3,7.9,,1478.0
2024-09-02,11334.09166666667,2795.4,7117.2,20555.3,7.9,,1478.0
2024-09-03,11249.00833333333,2738.35,7117.2,20555.3,7.9,,1478.0
2024-09-04,11235.925,2794.1,7117.2,20555.3,7.9,,1478.0
2024-09-05,11367.4375,2794.1,7117.2,20555.3,7.9,,1478.0
2024-09-06,11529.9,2794.1,7117.2,20555.3,7.9,,1478.0
2024-09-07,11529.9,2794.1,7117.2,20946.2,7.9,,1478.0
2024-09-08,11488.7,2794.1,7117.2,20946.2,7.9,,1478.0
2024-09-09,11577.025,2794.1,7117.2,20946.2,7.9,,1478.0
2024-09-10,11737.9,2794.1,7117.2,20946.2,7.9,,1478.0
2024-09-11,11737.9,2794.1,7117.2,20946.2,7.9,,1478.0
2024-09-12,11936.71666666667,2794.1,7117.2,20946.2,7.9,,1478.0
2024-09-13,12263.7,2794.1,7117.2,20946.2,7.9,,1478.0
2024-09-14,12278.0625,2884.6,7117.2,20141.9,7.9,,1478.0
2024-09-15,12341.44166666667,2884.6,7117.2,20531.0,7.9,,1478.0
2024-09-16,12376.5,2884.6,7117.2,20531.0,7.9,,1478.0
2024-09-17,12376.5,2884.6,7117.2,20531.0,7.9,,1478.0
2024-09-18,12393.65,2884.6,7117.2,20531.0,7.9,,1478.0
2024-09-19,12570.27916666667,2914.93333333333,7117.2,20531.0,7.9,,1478.0
2024-09-20,12764.9,2957.4,7117.2,20920.8,7.9,,1478.0
2024-09-21,12764.9,2957.4,7117.2,21190.6,7.9,,1478.0
2024-09-22,12764.9,2990.9625,7117.2,21725.1,7.9,,1478.0
2024-09-23,11008.17083333333,1786.74166666667,7117.2,19499.475,7.9,,1478.0
2024-09-24,11071.875,1835.7,7117.2,19496.09166666667,7.9,,1478.0
2024-09-25,11211.02083333333,1932.33333333333,7117.2,19684.63333333334,7.9,,1478.0
2024-09-26,11351.1625,1894.37083333333,7117.2,19074.32916666667,7.9,,1478.0
2024-09-27,11584.66666666667,1887.45,7117.2,19327.4,7.9,,1478.0
2024-09-28,11523.95,1898.7,7117.2,19630.79166666667,7.9,,1478.0
2024-09-29,11195.09166666667,1875.075,6998.11666666667,17939.7875,7.9,,1478.0
2024-09-30,10980.78333333333,1827.59583333333,7117.2,17149.78333333333,7.9,,1478.0
2024-10-01,10969.12916666667,1766.8,7117.2,17749.1375,7.9,,1478.0
2024-10-02,11133.60416666667,1761.69583333333,7117.2,18575.42916666667,7.9,,1478.0
2024-10-03,11285.28333333333,1851.6375,7117.2,18907.56666666667,7.9,,1501.3333333333298
2024-10-04,11668.48333333333,1853.45,7117.2,18905.00416666667,7.9,,1341.4666666666699
2024-10-05,11470.3,1894.7,7117.2,18592.67916666667,7.9,,1235.44583333333
2024-10-06,10995.2125,1949.5625,6105.9,18085.59583333333,7.9,,1426.0833333333298
2024-10-07,11098.77083333333,2041.0,6105.9,18914.64166666667,7.9,,1478.0
2024-10-08,11145.77916666667,2033.5,6105.9,19268.60833333333,7.9,,1478.0
2024-10-09,11351.06666666667,2041.0,6105.9,19061.9625,7.9,,1478.0
2024-10-10,11778.30416666667,2041.0,6105.9,19174.41666666667,7.9,,1478.0
2024-10-11,11982.53333333333,2041.0,6105.9,18646.1,7.9,,1478.0
2024-10-12,11916.4,2022.75416666667,6105.9,18531.5,7.9,,1478.0
2024-10-13,11656.26666666667,1968.1,6105.9,17965.79583333333,7.9,,1456.75
2024-10-14,11725.00833333333,1924.73333333333,6105.9,18131.375,7.9,,1478.0
2024-10-15,11611.12916666667,1811.10416666667,6105.9,17646.34583333333,7.9,,1478.0
2024-10-16,11592.2875,1946.275,6105.9,17813.8875,7.9,,1478.0
2024-10-17,11912.97083333333,1886.82916666667,6105.9,18125.32916666667,7.9,,1478.0
2024-10-18,12218.76666666667,1931.1,6105.9,17848.7625,7.9,,1478.0
2024-10-19,12227.4,1909.79166666667,5979.34583333333,18664.66666666667,7.9,,1478.0
2024-10-20,11987.27916666667,1819.17916666667,6105.9,19061.8625,7.9,,1478.0
2024-10-21,11921.5375,1773.4,6105.9,18680.62916666667,7.9,,1478.0
2024-10-22,12131.39583333334,1738.0,6105.9,18779.54583333333,7.9,,1478.0
2024-10-23,12005.05833333333,1795.325,6105.9,18634.73333333333,7.9,,1478.0
2024-10-24,12262.97083333333,1915.3625,6100.9,19073.03333333333,7.9,,1478.0
2024-10-25,12396.675,2047.1,6105.9,19340.9,7.9,,1478.0
2024-10-26,12315.424,2047.1,6105.9,19519.748,7.9,,1478.0
2024-10-27,12154.84166666667,2060.8625,6105.9,19713.5,7.9,,1478.0
2024-10-28,12145.92083333333,2080.05,6089.45,19402.90416666667,7.9,,1478.0
2024-10-29,12211.725,2226.6,6105.9,18627.5875,7.9,,1478.0
2024-10-30,12349.1,2305.8125,6105.9,18889.85833333333,7.9,,1478.0
2024-10-31,12597.2,2389.2,5828.175,18911.1,7.9,,1478.0
2024-11-01,12597.2,2396.7,5110.1,18902.34166666667,7.9,,1478.0
2024-11-02,12597.2,2385.45,5110.1,18389.54583333333,7.9,,1478.0
2024-11-03,12419.57083333333,2386.3,5110.1,19038.35,7.9,,1478.0
2024-11-04,12130.21666666667,2471.1,5110.1,19170.3,7.9,,1478.0
2024-11-05,12107.725,2457.375,5110.1,18666.025,7.9,,1478.0
2024-11-06,12167.20416666667,2457.9125,5110.1,19282.1,7.9,,1478.0
2024-11-07,12471.54583333333,2277.97916666667,5868.575,19261.94583333334,7.9,,1478.0
2024-11-08,12694.11666666667,2373.93333333333,6121.4,18359.8,7.9,,1478.0
2024-11-09,12535.6,2411.1,6121.4,18397.4,7.9,,1478.0
2024-11-10,12452.90416666667,2411.1,5501.5875,18328.73333333333,7.9,,1478.0
2024-11-11,12209.02916666667,2372.0875,5129.7,18020.88333333334,7.9,,1478.0
2024-11-12,12395.14166666667,2290.45,5129.7,17718.51666666667,7.9,,1438.0
2024-11-13,12577.66666666667,2388.00416666667,5129.7,18634.15416666667,7.9,,1264.66666666667
2024-11-14,12666.5,2448.1,5129.7,18499.04166666667,7.9,,1478.0
2024-11-15,12612.44166666667,2465.6,5129.7,19090.09166666667,7.9,,1478.0
2024-11-16,12490.7,2465.6,5129.7,19155.1875,7.9,,1478.0
2024-11-17,12370.07083333333,2465.6,5129.7,19304.0,7.9,,1478.0
2024-11-18,12432.3625,2465.6,5129.7,18824.825,7.9,,1478.0
2024-11-19,12426.0625,2028.9,5129.7,18916.1,7.9,,1478.0
2024-11-20,12403.8875,2074.6,5129.7,18916.1,7.9,,1478.0
2024-11-21,12638.99166666667,2074.6,5123.81666666667,18430.125,7.9,,1478.0
2024-11-22,12653.9,2074.6,5129.7,18456.8,7.9,,1478.0
2024-11-23,12653.9,2074.6,5129.7,18252.9375,7.9,,1478.0
2024-11-24,12554.2625,1925.68333333333,5003.09583333333,17587.3625,7.9,,1478.0
2024-11-25,12613.7875,1834.5,5129.7,17604.225,7.9,,1478.0
2024-11-26,12919.4625,1793.64166666667,5129.7,17833.20416666667,7.9,,1478.0
2024-11-27,12995.53333333333,1787.9,5129.7,17946.725,7.9,,1478.0
2024-11-28,13186.02916666667,1787.9,5129.7,18143.2875,7.9,,1478.0
2024-11-29,13238.425,1787.9,5129.7,17804.85,7.9,,1131.8
2024-11-30,13208.5,1787.9,5129.7,18047.6,7.9,,1131.8
2024-12-01,13132.10416666667,1719.5375,5129.7,18502.74166666667,7.9,,1478.0
2024-12-02,13148.96666666667,1734.85833333333,5129.7,19178.79166666667,7.9,,1160.65
2024-12-03,13119.95833333334,2216.29166666667,5129.7,18746.025,7.9,,1333.75
2024-12-04,13168.82083333333,1944.40833333333,5129.7,18949.9625,7.9,,1478.0
2024-12-05,13402.625,1764.3,5129.7,18935.29166666667,7.9,,1478.0
2024-12-06,13423.4,1874.68333333333,5129.7,18762.825,7.9,,1478.0
2024-12-07,13423.4,1841.5,5129.7,18663.275,7.9,,1478.0
2024-12-08,13227.69583333333,1874.84166666667,5129.7,18647.325,7.9,,1478.0
2024-12-09,13024.72083333333,1906.57083333333,5129.7,17863.60833333333,7.9,,1379.94166666667
2024-12-10,13340.7125,1830.4625,5129.7,18350.1125,7.9,,1141.8
2024-12-11,13174.49166666667,1734.05833333333,5129.7,17459.1875,7.9,,1042.675
2024-12-12,13348.02916666667,1813.94166666667,5129.7,17706.6,7.9,,1221.8
2024-12-13,13505.8,1954.98333333333,5129.7,17577.96666666667,7.9,,1131.8
2024-12-14,13501.21666666667,1884.05833333333,5129.7,17607.00833333334,7.9,,1189.5
2024-12-15,13442.7875,1754.175,5129.7,17494.15,7.9,,1478.0
2024-12-16,13429.16666666667,1777.03333333333,5129.7,17383.17083333333,7.9,,1478.0
2024-12-17,13508.89583333334,1885.9,5129.7,18457.69166666667,7.9,,1478.0
2024-12-18,13709.05416666667,1910.0625,5163.03333333333,19121.40833333333,7.9,,1478.0
2024-12-19,13858.7875,2378.32916666667,5761.30416666667,19680.8,7.9,,1478.0
2024-12-20,13900.63333333333,2572.3,6121.4,19547.56666666667,7.9,,1478.0
2024-12-21,13879.9,2572.3,6121.4,19647.49166666667,7.9,,1478.0
2024-12-22,13854.7,2588.35,6288.9,19400.5,7.9,,1478.0
2024-12-23,13879.19166666667,2663.0,6599.73333333333,19334.9125,7.9,,1478.0
2024-12-24,13881.7,2609.92083333333,6871.4,19532.6375,7.9,,1478.0
2024-12-25,13868.5125,2617.35416666667,7117.2,19498.3125,7.9,,1478.0
2024-12-26,13880.80416666667,2663.0,7117.2,19542.07083333334,7.9,,1478.0
2024-12-27,13796.375,2663.0,7117.2,19601.5,7.9,,1478.0
2024-12-28,13734.03333333333,2628.55,7117.2,19645.58333333333,7.9,,1478.0
2024-12-29,13742.14583333334,2563.725,7117.2,19990.6,7.9,,1478.0
2024-12-30,13803.2,2548.5375,7117.2,19990.6,7.9,,1478.0
2024-12-31,13673.76666666667,2594.1,7117.2,19990.6,7.9,,1478.0
2025-01-01,13619.3,2594.1,7117.2,19448.375,7.9,,1478.0
2025-01-02,13707.74583333333,2554.37083333333,7117.2,18947.125,7.9,,1478.0
2025-01-03,13736.9,2498.1,7117.2,19558.6,7.9,,1478.0
2025-01-04,13697.72916666667,2498.1,7117.2,19558.6,7.9,,1478.0
2025-01-05,13658.55833333333,2486.89583333333,7117.2,19523.01666666667,7.9,,1478.0
2025-01-06,13643.45,2498.1,7117.2,19148.0,7.9,,1478.0
2025-01-07,13601.625,2498.1,7117.2,18824.7,7.9,,1478.0
2025-01-08,13665.65,2441.85,6153.30833333333,19301.975,7.9,,1478.0
2025-01-09,13693.48333333333,2439.2875,7117.2,19140.4,7.9,,1478.0
2025-01-10,13737.2,2498.1,7117.2,18810.35416666667,7.9,,1478.0
2025-01-11,13737.2,2498.1,7117.2,19394.76666666667,7.9,,1478.0
2025-01-12,13614.69166666667,2498.1,7117.2,19114.99166666667,7.9,,1478.0
2025-01-13,13613.72916666667,2454.35,7117.2,19133.825,7.9,,1478.0
2025-01-14,13489.5125,2448.025,7117.2,18980.425,7.9,,1478.0
2025-01-15,13359.66666666667,2535.42083333333,7117.2,19062.82916666667,7.9,,1362.6
2025-01-16,13440.925,2567.0,7117.2,19412.13333333334,7.9,,1131.8
2025-01-17,13632.85,2567.0,7117.2,18416.11666666667,7.9,,1304.9
2025-01-18,13527.625,2567.0,7117.2,19122.04166666667,7.9,,1478.0
2025-01-19,13244.5,2557.825,7117.2,19082.15833333333,7.9,,1478.0
2025-01-20,13117.475,2480.05,7117.2,19084.45,7.9,,1478.0
2025-01-21,13155.50833333333,2482.4625,7117.2,18770.0,7.9,,1478.0
2025-01-22,13111.3375,2599.025,7117.2,18930.45,7.9,,1478.0
2025-01-23,13248.24583333333,2677.79166666667,7117.2,17937.3125,7.9,,1478.0
2025-01-24,13293.32083333333,2765.24166666667,7117.2,17713.7375,7.9,,1478.0
2025-01-25,13126.6,2635.3,6990.64583333333,17138.75833333334,7.9,,1478.0
2025-01-26,13162.46666666667,2582.0,7117.2,16455.34166666667,7.9,,1478.0
2025-01-27,13202.975,2402.90833333333,7117.2,16167.91666666667,7.9,,1478.0
2025-01-28,13251.15,2305.56666666667,7117.2,16537.51666666667,7.9,,1478.0
2025-01-29,13526.66666666667,2230.5125,7117.2,16768.57916666667,7.9,,1478.0
2025-01-30,13747.32083333333,2264.9,7117.2,17377.525,7.9,,1478.0
2025-01-31,13775.4,2264.9,7117.2,18146.975,7.9,,1478.0
2025-02-01,13648.25416666667,2247.31666666667,7117.2,18390.6,7.9,,1478.0
2025-02-02,13431.25416666667,2169.03333333333,7117.2,18271.475,7.9,,1471.25833333333
2025-02-03,13355.38333333333,2224.30833333333,7117.2,18522.05833333334,7.9,,1478.0
2025-02-04,13300.15,2331.45,7117.2,18540.79583333333,7.9,,1478.0
2025-02-05,13257.8875,2431.25,7117.2,17884.50416666667,7.9,,1478.0
2025-02-06,13070.7375,2471.57916666667,7117.2,17396.01666666667,7.9,,1146.225
2025-02-07,13340.5,2513.0,7112.2,17321.37083333334,7.9,,1131.8
2025-02-08,13352.3125,2513.0,7117.2,17854.85416666667,7.9,,1131.8
2025-02-09,13289.09166666667,2308.525,7117.2,18363.87916666667,7.9,,1131.8
2025-02-10,13222.9625,2264.91666666667,7117.2,18246.34583333333,7.9,,1131.8
2025-02-11,13187.67916666667,2422.5,6538.70833333333,17990.34583333333,7.9,,1131.8
2025-02-12,13206.85416666667,2335.0,6251.9625,17924.8625,7.9,,1131.8
2025-02-13,13334.07083333333,2408.8625,6819.19583333333,17432.4,7.9,,1131.8
2025-02-14,13446.075,2416.3,7117.2,17335.1,7.9,,1131.8
2025-02-15,13471.375,2416.3,7117.2,16943.8,7.9,,1131.8
2025-02-16,13274.13333333333,2416.3,7117.2,16960.01666666667,7.9,,1131.8
2025-02-17,13095.45416666667,2416.3,7095.44166666667,17008.025,7.9,,1131.8
2025-02-18,13135.975,2416.3,7093.8875,16835.25416666667,7.9,,1131.8
2025-02-19,13118.5875,2411.75833333333,7117.2,17096.49583333334,7.9,,1131.8
2025-02-20,13202.68333333333,2401.325,7117.2,16925.30833333334,7.9,,1131.8
2025-02-21,13389.9,2401.325,7117.2,17477.72916666667,7.9,,1218.35
2025-02-22,13315.6,2416.3,7117.2,17791.98333333333,7.9,,1478.0
2025-02-23,13097.90416666667,2367.36666666667,7117.2,18197.64583333333,7.9,,1478.0
2025-02-24,12980.52083333334,2342.9,7117.2,18262.18333333334,7.9,,1478.0
2025-02-25,13004.14166666667,2316.475,7117.2,18398.9875,7.9,,1478.0
2025-02-26,13262.63333333333,2342.9,7117.2,18367.525,7.9,,1534.95
2025-02-27,13301.90416666667,2406.6875,7117.2,17371.16666666667,7.9,,1283.24166666667
2025-02-28,13273.1125,2513.0,7117.2,17042.6375,7.9,,1166.2
2025-03-01,13277.26666666667,2513.0,7117.2,17317.4,7.9,,1166.2
2025-03-02,13123.2375,2505.24166666667,7117.2,17014.57083333334,7.9,,1093.2833333333301
2025-03-03,13082.5375,2503.65,7117.2,16728.8125,7.9,,916.2
2025-03-04,13088.0,2433.35,7117.2,16414.81666666667,7.9,,973.15
2025-03-05,13067.22083333333,2439.6,7117.2,17089.875,7.9,,1141.2
2025-03-06,13047.10833333333,2439.6,6809.85416666667,17346.6,7.9,,1141.2
2025-03-07,13109.975,2395.55833333333,6813.60416666667,17295.125,7.9,,1122.86666666667
2025-03-08,13119.54166666667,2439.6,7117.2,17196.2625,7.9,,1108.7
2025-03-09,12944.01666666667,2428.39583333333,7117.2,16678.54166666667,7.9,,1116.2
2025-03-10,12881.19583333333,2427.1,7117.2,16721.21666666667,7.9,,1116.2
2025-03-11,12930.20416666667,2403.3375,7117.2,17508.41666666667,7.9,,1118.7
2025-03-12,13112.2625,2293.39166666667,7117.2,18016.6875,7.9,,1116.2
2025-03-13,13345.09583333333,2048.50833333333,7117.2,17852.65,7.9,,1124.95
2025-03-14,13428.9,1920.0,7117.2,18319.32916666667,7.9,,1131.2
2025-03-15,13465.9,1907.5,7117.2,18339.34583333333,7.9,,1131.2
2025-03-16,13454.67083333333,1794.98333333333,7117.2,19382.0875,7.9,,1131.2
2025-03-17,13462.69583333333,1692.9,7117.2,19162.5125,7.9,,880.96666666667
2025-03-18,13441.47916666667,1719.20833333333,6416.8875,18841.675,7.9,,1141.75833333333
2025-03-19,13581.77083333334,1732.69166666667,6713.8,19124.675,7.9,,1131.2
2025-03-20,13570.06666666667,1645.9,6713.8,18770.3875,7.9,,1131.2
2025-03-21,13606.8,1564.65,6713.8,18294.6875,7.9,,1131.2
2025-03-22,13547.25,1645.9,6713.8,18171.875,7.9,,1131.2
2025-03-23,13400.3,1645.9,7117.2,18058.325,7.9,,1107.35
2025-03-24,13416.44166666667,1618.225,7117.2,17835.6625,7.9,,1131.2
2025-03-25,13463.3625,1719.3,7117.2,17807.55,7.9,,1131.2
2025-03-26,13599.64166666667,1746.55,7117.2,18429.1875,7.9,,1131.2
2025-03-27,13729.93333333333,1773.8,7117.2,17889.57083333334,7.9,,1131.2
2025-03-28,13778.78333333333,1773.8,7117.2,17466.15,7.9,,1131.2
2025-03-29,13773.18695652174,1773.8,7117.2,17849.61739130435,7.9,,1131.2
2025-03-30,13559.4,1818.90416666667,7117.2,16968.97083333333,7.9,,1131.2
2025-03-31,13510.74166666667,2081.9,7117.2,17031.92916666667,7.9,,1131.2
2025-04-01,13492.75,2161.2125,7117.2,15974.45833333334,7.9,,1131.2
2025-04-02,13437.10833333333,2219.17083333333,7117.2,16924.34583333333,7.9,,1131.2
2025-04-03,13590.6875,2049.59166666667,7117.2,17898.2125,7.9,,1131.2
2025-04-04,13586.675,2076.5125,7117.2,18205.3,7.9,,1131.2
2025-04-05,13606.2,2108.6375,7117.2,17399.44166666667,7.9,,1131.2
2025-04-06,13542.62916666667,1966.8625,7117.2,17348.9125,7.9,,1104.01666666667
2025-04-07,13463.69583333333,1849.3125,7117.2,17549.2375,7.9,,1131.2
2025-04-08,13460.22916666667,1815.94166666667,7117.2,17406.34583333333,7.9,,1131.2
2025-04-09,13445.84166666667,1983.3,7117.2,17519.35833333333,7.9,,1131.2
2025-04-10,13385.04166666667,2047.62083333333,7117.2,17981.9125,7.9,,1131.2
2025-04-11,13665.8875,2224.5,6876.6,18663.34166666667,7.9,,943.075
2025-04-12,13625.0125,2090.45833333333,6796.4,18988.4,7.9,,916.2
2025-04-13,13499.75,2078.3,6796.4,18970.425,7.9,,916.2
2025-04-14,13524.1875,2145.50833333333,6052.08333333333,19256.525,7.9,,916.2
2025-04-15,13651.225,2336.13333333333,5772.5,19180.22083333333,7.9,,916.2
2025-04-16,13860.8,2353.0,5990.5625,18719.3875,7.9,,916.2
2025-04-17,13860.8,2220.375,6121.4,19244.9875,7.9,,916.2
2025-04-18,13860.8,2165.5,6121.4,19390.9,7.9,,916.2
2025-04-19,13850.825,2165.5,6121.4,19005.42916666667,7.9,,916.2
2025-04-20,13820.3,2113.66666666667,6233.9,18918.8375,7.9,,916.2
2025-04-21,13663.525,2031.6375,6857.0,18490.94166666667,7.9,,916.2
2025-04-22,13732.47083333333,2153.9,6105.9,17891.17083333333,7.9,,916.2
2025-04-23,13594.0,2142.64166666667,6105.9,18065.26666666667,7.9,,916.2
2025-04-24,13607.59166666667,2176.86666666667,6105.9,18051.57083333334,7.9,,916.2
2025-04-25,13607.1125,2153.9,5891.55,17062.38333333334,7.9,,916.2
2025-04-26,13630.85833333333,2153.9,5820.1,16574.39166666667,7.9,,916.2
2025-04-27,13204.15833333333,2153.9,5820.1,16324.27916666667,7.9,,916.2
2025-04-28,13632.825,2176.55,5434.65833333333,15578.94166666667,7.9,,916.2
2025-04-29,13637.65,2151.125,3852.68333333333,17754.48333333333,7.9,,916.2
2025-04-30,13757.30833333333,2105.2,5114.2,17972.33333333333,7.9,,916.2
2025-05-01,13756.525,2187.7625,5114.2,18279.225,7.9,,916.2
2025-05-02,13726.88333333333,2308.7,5114.2,18357.14166666667,7.9,,916.2
2025-05-03,13664.22916666667,2308.7,6125.5,18586.33333333333,7.9,,916.2
2025-05-04,13379.89166666667,2144.95833333333,5114.2,18955.40833333333,7.9,,916.2
2025-05-05,13379.12916666667,1979.25,5755.7375,18517.31666666667,7.9,,916.2
2025-05-06,13424.85833333333,1998.16666666667,6105.175,18180.94583333334,7.9,,916.2
2025-05-07,13434.8125,2073.0,5881.6,18112.075,7.9,,916.2
2025-05-08,13532.2125,2073.0,5881.6,18197.15,7.9,,916.2
2025-05-09,13578.4,2073.0,5881.6,17831.04166666667,7.9,,916.2
2025-05-10,13603.5,2041.75,5943.23333333333,17950.8,7.9,,916.2
2025-05-11,13307.56666666667,1961.76666666667,6125.5,16999.42916666667,7.9,,973.15
2025-05-12,13133.37083333333,2075.60833333333,6125.5,16178.16666666667,7.9,,857.125
2025-05-13,13098.52916666667,2153.95833333333,6125.5,17033.075,7.9,,785.0
2025-05-14,13090.12916666667,2174.6,6125.5,16500.50416666667,7.9,,813.85
2025-05-15,13217.2375,2175.63333333333,6125.5,16420.1375,7.9,,900.4
2025-05-16,13232.8,2228.30833333333,6125.5,17101.76666666667,7.9,,828.275
2025-05-17,13180.71666666667,2227.95,5734.7,16766.225,7.9,,1131.2
2025-05-18,12845.26666666667,2264.4,5734.7,16871.38333333334,7.9,,1131.2
2025-05-19,12386.0875,2309.9,5734.7,16783.0,7.9,,1131.2
2025-05-20,12414.0,2309.9,5734.7,17197.24166666667,7.9,,1131.2
2025-05-21,12749.1125,2291.6,5734.7,17306.84166666667,7.9,,1131.2
2025-05-22,12845.3875,2257.15,5734.7,17373.3,7.9,,1131.2
2025-05-23,12869.8,2309.9,5816.11666666667,18004.1,7.9,,1131.2
2025-05-24,12869.8,2309.9,6125.5,18004.1,7.9,,1131.2
2025-05-25,12704.62083333333,2167.2,6125.5,17922.15416666667,7.9,,1124.95
2025-05-26,12657.11666666667,1987.60416666667,6105.5,17615.0,7.9,,1131.2
2025-05-27,12602.76666666667,2167.42083333333,6062.44166666667,17655.7125,7.9,,1131.2
2025-05-28,12610.1,2234.425,6085.5,17968.30833333334,7.9,,1131.2
2025-05-29,12635.575,2134.2,6085.5,17375.6625,7.9,,1131.2
2025-05-30,12738.2,2159.2,6048.80833333333,17595.675,7.9,,1131.2
2025-05-31,12738.2,2159.2,5590.45416666667,17944.8,7.9,,1131.2
2025-06-01,12493.14166666667,2159.2,4980.08333333333,18492.56666666667,7.9,,1131.2
2025-06-02,12420.56666666667,2159.2,4718.025,19429.9875,7.9,,1131.2
2025-06-03,12458.30833333333,2077.0375,4707.625,19552.0125,7.9,,1131.2
2025-06-04,12454.10416666667,2131.7,4132.56666666667,19474.2375,7.9,,1131.2
2025-06-05,12566.62083333333,2205.74583333333,4666.1875,19654.36666666667,7.9,,1131.2
2025-06-06,12624.69583333333,2220.10416666667,5129.7,19317.875,7.9,,1131.2
2025-06-07,12619.1,2223.65,5129.7,18984.8375,7.9,,1131.2
2025-06-08,12355.6125,2252.4,5129.7,19101.175,7.9,,1131.2
2025-06-09,12181.36666666667,2278.70833333333,5129.7,18929.01666666667,7.9,,1131.2
2025-06-10,11995.99583333333,2311.9,5129.7,19240.9,7.9,,1131.2
2025-06-11,12036.84583333333,2311.9,5129.7,18775.15,7.9,,1131.2
2025-06-12,12466.425,2314.4,5371.36666666667,18234.98333333333,7.9,,1131.2
2025-06-13,12710.8375,2401.9,6105.54166666667,18633.42083333333,7.9,,1131.2
2025-06-14,12694.2,2401.9,6125.5,17589.63333333334,7.9,,1131.2
2025-06-15,12116.05833333333,2274.79583333333,6125.5,16142.07083333333,7.9,,1131.2
2025-06-16,11716.64166666667,2172.67083333333,5956.95,17156.83333333333,7.9,,1131.2
2025-06-17,11966.75833333333,2053.14166666667,5155.86666666667,16513.09166666667,7.9,,1131.2
2025-06-18,11894.09166666667,2015.90833333333,5480.86666666667,17184.26666666667,7.9,,1131.2
2025-06-19,12198.66666666667,2085.94166666667,6114.79583333333,17607.11666666667,7.9,,1131.2
2025-06-20,12347.1,2275.5,6875.5,16832.5,7.9,,1131.2
2025-06-21,12320.15416666667,2275.5,7117.2,17588.83333333333,7.9,,1113.2833333333301
2025-06-22,12157.64166666667,2206.875,7117.2,17469.10416666667,7.9,,868.4
2025-06-23,12028.14166666667,2165.7,7117.2,17628.4125,7.9,,894.8
2025-06-24,12098.5875,2255.11666666667,7117.2,17278.41666666667,7.9,,952.03333333333
2025-06-25,12205.17083333333,2282.84583333333,7117.2,17264.2,7.9,,1019.11666666667
2025-06-26,12308.22916666667,2288.39166666667,7117.2,17451.9875,7.9,,1094.45
2025-06-27,12421.2,2472.22916666667,7117.2,18355.675,7.9,,1016.68333333333
2025-06-28,12406.52083333334,2470.85,6814.1375,19449.9,7.9,,792.4833333333299
2025-06-29,12349.34166666667,2354.5,6953.9875,20337.475,7.9,,979.78333333333
2025-06-30,12252.6375,2307.79166666667,6096.9,19922.24166666667,7.9,,1131.8
2025-07-01,12273.19583333333,2276.90416666667,6071.9,20041.26666666667,7.9,,1131.8
2025-07-02,12314.36666666667,2420.0625,6071.9,20243.42083333333,7.9,,1478.0
2025-07-03,12410.86666666667,2401.27916666667,6486.225,20073.64166666667,7.9,,1478.0
2025-07-04,12268.2,2518.0,7117.2,19367.04166666667,7.9,,1478.0
2025-07-05,12179.23333333333,2391.24583333333,7105.57916666667,18941.20416666667,7.9,,1478.0
2025-07-06,11820.0375,2420.32083333333,7117.2,18180.15,7.9,,1478.0
2025-07-07,11711.06666666667,2486.75,7117.2,18423.13333333334,7.9,,1478.0
2025-07-08,11656.40833333333,2411.76666666667,7117.2,18515.40416666667,7.9,,1478.0
2025-07-09,11681.38333333333,2248.425,7117.2,19312.76666666667,7.9,,1478.0
2025-07-10,11871.02083333334,2332.25833333333,7117.2,19865.68333333334,7.9,,1478.0
2025-07-11,12051.75,2482.0,7117.2,20547.03333333333,7.9,,1258.0
2025-07-12,12043.1,2482.0,7117.2,20623.30833333334,7.9,,1258.0
2025-07-13,11892.77083333334,2482.0,7117.2,20375.0875,7.9,,1258.0
2025-07-14,11646.24583333333,2465.62916666667,7117.2,20215.2,7.9,561.8,696.2
2025-07-15,11693.55416666667,2402.77916666667,7028.4,20150.17916666667,7.9,561.8,696.2
2025-07-16,11735.04583333333,2367.45,7028.4,21066.25416666667,7.9,561.8,696.2
2025-07-17,12018.62916666667,2474.0,7028.4,20904.71666666667,7.9,561.8,696.2
2025-07-18,12459.78333333333,2482.0,7028.4,20893.35416666667,7.9,561.8,696.2
2025-07-19,12383.2875,2482.0,7005.15833333333,20858.05,7.9,561.8,696.2
2025-07-20,12364.25416666667,2445.4,7028.4,20769.31666666667,7.9,561.8,696.2
2025-07-21,12118.33333333334,2403.35833333333,7028.4,20955.8,7.9,561.8,696.2
2025-07-22,12029.575,2407.65833333333,7028.4,20929.5875,7.9,561.8,696.2
2025-07-23,12296.675,2467.875,7028.4,20698.46666666667,7.9,561.8,696.2
2025-07-24,12525.9,2536.5,7028.4,20200.6,7.9,561.8,696.2
2025-07-25,12527.19166666667,2511.5,7019.1625,20204.10833333333,7.9,561.8,696.2
2025-07-26,12510.4,2386.5,7040.4,19942.25,7.9,561.8,696.2
2025-07-27,12492.44583333333,2386.5,7040.4,20112.0,7.9,561.8,696.2
2025-07-28,12429.975,2386.5,7040.4,20198.31666666667,7.9,561.8,696.2
2025-07-29,12545.9,2326.03333333333,7032.54583333333,19742.90833333333,7.9,561.8,696.2
2025-07-30,12572.15416666667,2300.0375,7028.5,20743.7,7.9,561.8,696.2
2025-07-31,12712.9,2445.8,7002.5,20939.4,7.9,561.8,696.2
2025-08-01,12922.7,2445.8,6974.5,20568.5625,7.9,561.8,696.2
2025-08-02,12849.675,2429.2375,6969.5,21109.2,7.9,561.8,696.2
2025-08-03,12602.96666666667,2389.55,6974.5,21246.4,7.9,561.8,696.2
2025-08-04,12613.1875,2409.46666666667,6943.0,20875.32916666667,7.9,561.8,696.2
2025-08-05,12585.4625,2309.24583333333,6974.5,20848.34166666667,7.9,561.8,696.2
2025-08-06,12621.85,2351.83333333333,6974.5,20701.975,7.9,561.8,696.2
2025-08-07,12702.20416666667,2612.1,6974.5,21472.7625,7.9,561.8,696.2
2025-08-08,12701.175,2597.24583333333,6974.5,21709.20833333333,7.9,561.8,696.2
2025-08-09,12634.65,2680.125,6955.25,21730.2,7.9,561.8,696.2
2025-08-10,12632.41666666667,2604.01666666667,6974.5,21198.82916666667,7.9,561.8,696.2
2025-08-11,12542.93333333333,2502.85,6974.5,20602.19583333334,7.9,561.8,696.2
2025-08-12,12650.97083333333,2537.45833333333,6974.5,21318.78333333333,7.9,561.8,696.2
2025-08-13,12826.85833333333,2649.9625,6974.5,21050.37916666667,7.9,561.8,696.2
2025-08-14,12893.9,2781.9625,6962.5,19952.37916666667,7.9,561.8,696.2
2025-08-15,12893.9,2730.8,6962.5,20193.55,7.9,561.8,696.2
2025-08-16,12875.325,2514.5,6770.04166666667,20572.02083333333,7.9,561.8,696.2
2025-08-17,12679.925,2444.35833333333,6962.625,20387.91666666667,7.9,561.8,696.2
2025-08-18,12498.14166666667,2637.55833333333,6955.5,20103.3,7.9,561.8,696.2
2025-08-19,12409.6875,2581.9375,6955.5,20073.55,7.9,561.8,696.2
2025-08-20,12569.51666666667,2643.3,6955.5,20913.7875,7.9,561.8,696.2
2025-08-21,12656.77083333334,2687.4,6955.5,20903.11666666667,7.9,561.8,696.2
2025-08-22,12574.675,2793.3,6955.5,20933.2,7.9,561.8,696.2
2025-08-23,12601.8,2748.45416666667,6955.5,20918.95416666667,7.9,561.8,696.2
2025-08-24,12200.1375,2597.4,6955.5,20319.89166666667,7.9,561.8,696.2
2025-08-25,11942.27083333334,2500.0375,6955.5,19366.97083333333,7.9,561.8,696.2
2025-08-26,12047.25833333333,2351.97916666667,6935.5,19743.19166666667,7.9,561.8,696.2
2025-08-27,12400.3625,2486.95,6935.5,19707.01666666667,7.9,561.8,696.2
2025-08-28,12495.375,2536.43333333333,6935.5,19789.55833333334,7.9,561.8,696.2
2025-08-29,12521.8,2602.55,6935.5,19701.6,7.9,561.8,696.2
2025-08-30,12521.8,2521.3,6935.5,19275.6,7.9,561.8,696.2
2025-08-31,11798.40833333333,2502.40416666667,6935.5,19241.94166666667,7.9,561.8,696.2
2025-09-01,11368.0,2476.17083333333,6935.5,19203.13333333334,7.9,561.8,696.2
2025-09-02,11553.21666666667,2387.7,6935.5,18850.09166666667,7.9,561.8,696.2
2025-09-03,12020.3125,2521.3,6935.5,19243.07916666667,7.9,561.8,696.2
2025-09-04,12182.2625,2556.675,6935.5,19441.88333333334,7.9,561.8,696.2
2025-09-05,12174.25833333333,2725.50833333333,6945.5,19961.4,7.9,561.8,696.2
2025-09-06,12114.48333333333,2733.8,6945.5,20149.975,7.9,561.8,696.2
2025-09-07,11865.9,2407.6,6945.5,19983.03333333333,7.9,561.8,696.2
2025-09-08,11721.61666666667,2188.3125,6796.8875,20138.83333333333,7.9,561.8,696.2
2025-09-09,11774.225,2191.85416666667,6549.2,20009.19166666667,7.9,561.8,696.2
2025-09-10,11885.62083333333,2206.79166666667,6549.2,19593.4375,7.9,561.8,696.2
2025-09-11,11934.08333333334,2332.39166666667,6549.2,19184.6875,7.9,561.8,696.2
2025-09-12,12016.3125,2453.3,6579.2,18196.10833333333,7.9,561.8,696.2
2025-09-13,12055.5,2442.05,6579.2,18877.6,7.9,561.8,696.2
2025-09-14,11866.55,2453.3,6579.2,18640.36666666667,7.9,561.8,696.2
2025-09-15,11643.60416666667,2379.7,6385.7,18454.1375,7.9,561.8,696.2
2025-09-16,11520.09583333333,2453.3,6321.2,17212.1375,7.9,561.8,696.2
2025-09-17,11592.45416666667,2453.3,6260.2,18171.37083333334,7.9,561.8,696.2
2025-09-18,11949.32083333333,2209.4625,6649.85416666667,18373.50833333334,7.9,561.8,696.2
2025-09-19,12368.08333333334,2423.4,6672.1,17295.5875,7.9,561.8,696.2
2025-09-20,12345.83333333334,2423.4,6870.25,17231.0,7.9,561.8,696.2
2025-09-21,11699.39583333334,2204.4,7068.4,17432.85833333333,7.9,561.8,696.2
2025-09-22,11372.34166666667,2139.3375,7068.4,18162.25,7.9,561.8,696.2
2025-09-23,11338.14583333334,2127.15,7068.4,18757.21666666667,7.9,561.8,696.2
2025-09-24,11385.17916666667,2139.31666666667,7074.4,19172.16666666667,7.9,561.8,696.2
2025-09-25,11604.77083333334,2434.575,7074.4,19239.95833333333,7.9,561.8,696.2
2025-09-26,11736.8,2588.9,7074.4,19159.89583333333,7.9,561.8,696.2
2025-09-27,11691.9875,2585.18333333333,7074.4,19586.00833333334,7.9,561.8,696.2
2025-09-28,11260.2125,2602.65,7074.4,20086.3,7.9,561.8,696.2
2025-09-29,10779.74583333333,2565.2375,7074.4,19858.04166666667,7.9,561.8,696.2
2025-09-30,11034.09166666667,2631.025,7117.2,19270.1,7.9,561.8,696.2
2025-10-01,11153.99166666667,2708.8,7117.2,19270.1,7.9,561.8,696.2
2025-10-02,11691.92083333333,2683.0,7117.2,19662.7,7.9,561.8,696.2
2025-10-03,12372.1,2737.6,7117.2,20521.7,7.9,561.8,696.2
2025-10-04,12372.1,2737.6,7117.2,20521.7,7.9,561.8,696.2
2025-10-05,12372.1,2737.6,6111.4,21337.9,7.9,561.8,696.2
2025-10-06,12372.1,2737.6,6111.4,21337.9,7.9,561.8,696.2
2025-10-07,12372.1,2798.51666666667,6111.4,21337.9,7.9,561.8,696.2
2025-10-08,12379.43333333333,2883.8,6111.4,21337.9,7.9,561.8,696.2
2025-10-09,12539.4125,2924.975,6111.4,21337.9,7.9,561.8,696.2
2025-10-10,12817.1,2993.6,6111.4,21337.9,7.9,561.8,696.2
2025-10-11,12817.1,2993.6,6111.4,21337.9,7.9,561.8,696.2
2025-10-12,12817.1,2993.6,6111.4,21337.9,7.9,561.8,696.2
2025-10-13,12817.1,2993.6,6111.4,21337.9,7.9,561.8,696.2
2025-10-14,12817.1,2993.6,6111.4,21337.9,7.9,561.8,696.2
2025-10-15,11664.75416666667,2723.3625,6066.1,18720.76666666667,7.9,561.8,696.2
2025-10-16,11706.09583333333,2801.05,6066.1,19713.3,7.9,561.8,696.2
2025-10-17,12099.6,2883.8,6038.6,19910.775,7.9,561.8,696.2
2025-10-18,12085.1625,2872.55,5756.1,19896.26666666667,7.9,561.8,696.2
2025-10-19,11889.73333333333,2794.7125,5930.89166666667,18305.56666666667,7.9,561.8,696.2
2025-10-20,11665.0,2783.75,5976.36666666667,18386.49166666667,7.9,561.8,696.2
2025-10-21,11757.40833333333,2800.0,5998.6,18298.02083333333,7.9,561.8,696.2
2025-10-22,11779.22083333333,2694.325,5998.6,18081.425,7.9,561.8,696.2
2025-10-23,11903.35,2733.8,5991.1,18484.00416666667,7.9,561.8,696.2
2025-10-24,12003.93333333333,2843.15,5188.6,18501.2,7.9,561.8,696.2
2025-10-25,11777.72,2952.5,5038.6,18501.2,7.9,561.8,696.2
2025-10-26,11786.90833333333,2909.5625,5038.6,18406.27916666667,7.9,561.8,696.2
2025-10-27,11985.02916666667,2815.175,4874.12916666667,18451.18333333334,7.9,561.8,696.2
2025-10-28,12046.14166666667,2788.425,4921.12083333333,18457.77916666667,7.9,561.8,696.2
2025-10-29,12209.67916666667,2847.28333333333,5038.6,18169.30416666667,7.9,561.8,696.2
2025-10-30,12483.68333333333,2883.8,5038.6,18219.59583333333,7.9,561.8,696.2
2025-10-31,12674.1,2883.8,4992.76666666667,17246.75,7.9,561.8,696.2
2025-11-01,12715.9,2883.8,5038.6,17151.9,7.9,561.8,696.2
2025-11-02,12519.4375,2853.8,5038.6,16831.55,7.9,561.8,696.2
2025-11-03,12459.75416666667,2883.8,5048.6,16699.96666666667,7.9,561.8,696.2
2025-11-04,12533.37083333333,2855.59583333333,5048.6,17895.51666666667,7.9,561.8,696.2
2025-11-05,12564.20416666667,2808.80416666667,5048.6,17929.82083333334,7.9,561.8,696.2
2025-11-06,12846.29583333333,2705.1,5048.6,18624.97083333333,7.9,561.8,696.2
2025-11-07,13160.5,2705.1,5048.6,19381.40416666667,7.9,561.8,696.2
2025-11-08,13160.5,2675.125,4978.875,19297.49166666667,7.9,561.8,696.2
2025-11-09,12797.21666666667,2650.325,5048.6,19481.97083333333,7.9,561.8,696.2
2025-11-10,12650.34583333333,2576.3,5048.6,19405.7125,7.9,561.8,696.2
2025-11-11,12521.6125,2576.3,5048.6,19704.71666666667,7.9,561.8,696.2
2025-11-12,12534.51666666667,2705.1,5761.04166666667,19733.3,7.9,561.8,696.2
2025-11-13,12854.52083333334,2773.725,5912.70833333333,19908.84166666667,7.9,561.8,696.2
2025-11-14,13009.89166666667,2828.625,5811.5,19866.9,7.9,561.8,696.2
2025-11-15,12816.56666666667,2814.9,5976.10833333333,19709.7,7.9,561.8,696.2
2025-11-16,12674.91666666667,2744.50833333333,5678.6,19831.26666666667,7.9,561.8,696.2
2025-11-17,12489.675,2618.98333333333,5688.6,19799.77916666667,7.9,561.8,696.2
2025-11-18,12572.03333333333,2659.5875,6054.4,19905.475,7.9,561.8,696.2
2025-11-19,12895.15,2668.04166666667,6054.4,19754.7625,7.9,561.8,696.2
2025-11-20,13123.47083333333,2678.8,5908.8875,20059.425,7.9,561.8,696.2
2025-11-21,13188.5875,2630.2,5988.75,19364.3375,7.9,561.8,696.2
2025-11-22,12983.58333333334,2630.2,6071.9,19855.85,7.9,561.8,696.2
2025-11-23,12848.03333333333,2555.61666666667,6065.74166666667,20089.1,7.9,561.8,696.2
2025-11-24,12776.07916666667,2515.58333333333,6071.9,20292.225,7.9,561.8,696.2
2025-11-25,12746.5625,2613.78333333333,6071.9,20518.1,7.9,561.8,696.2
2025-11-26,12915.92083333333,2663.06666666667,6071.9,20359.34583333333,7.9,561.8,696.2
2025-11-27,13129.14166666667,2697.71666666667,6071.9,20387.00833333334,7.9,561.8,696.2
2025-11-28,13150.075,2794.3,6071.9,19522.08333333333,7.9,561.8,696.2
2025-11-29,12982.2,2794.3,6071.9,18715.59583333333,7.9,561.8,696.2
2025-11-30,12768.4,2725.675,6071.9,19198.54583333333,7.9,561.8,696.2
2025-12-01,12678.85,2635.96666666667,6071.9,19033.99583333334,7.9,561.8,696.2
2025-12-02,12875.8125,2678.88333333333,6046.61666666667,18822.44583333334,7.9,561.8,696.2
2025-12-03,12817.8375,2771.12083333333,6071.9,18926.95833333333,7.9,561.8,696.2
2025-12-04,13017.69166666667,2810.99583333333,6071.9,19438.0125,7.9,561.8,696.2
2025-12-05,13016.25,2823.5,6071.9,19295.7625,7.9,561.8,696.2
2025-12-06,13007.5,2786.0,6071.9,19138.13333333334,7.9,561.8,696.2
2025-12-07,13005.44166666667,2827.5,6071.9,20249.45,7.9,561.8,696.2
2025-12-08,12928.41666666667,2783.7,6071.9,20690.48333333333,7.9,561.8,696.2
2025-12-09,12884.3875,2561.46666666667,6099.275,20528.45416666667,7.9,561.8,696.2
2025-12-10,13074.2375,2544.46666666667,6071.9,19970.57916666667,7.9,561.8,696.2
2025-12-11,13364.14166666667,2558.69166666667,6071.9,20270.05,7.9,561.8,696.2
2025-12-12,13488.7,2677.0,6071.9,20378.7,7.9,561.8,696.2
2025-12-13,13488.7,2640.4,6071.9,20163.38333333334,7.9,561.8,696.2
2025-12-14,13298.46666666667,2469.44166666667,6071.9,19796.62083333334,7.9,561.8,672.35
2025-12-15,13227.66666666667,2503.96666666667,6071.9,20378.25,7.9,561.8,696.2
2025-12-16,13381.06666666667,2422.12916666667,6092.73333333333,20657.65,7.9,561.8,696.2
2025-12-17,13453.96666666667,2636.8,6571.9,20665.80833333334,7.9,561.8,696.2
2025-12-18,13526.4625,2729.3625,6821.9,21285.90416666667,7.9,561.8,696.2
2025-12-19,13538.90833333333,2937.3,6933.225,21687.5875,7.9,561.8,696.2
2025-12-20,13536.1,2937.3,7117.2,21671.375,7.9,561.8,696.2
2025-12-21,13516.91666666667,2895.59166666667,7117.2,21634.8,7.9,561.8,696.2
2025-12-22,13566.97916666667,2884.4875,7117.2,21565.86666666667,7.9,561.8,696.2
2025-12-23,13706.9,2877.58333333333,7117.2,21029.11666666667,7.9,561.8,696.2
2025-12-24,13573.26666666667,2833.8,7117.2,21216.9,7.9,561.8,696.2
2025-12-25,13558.24583333333,2787.3,7117.2,21045.875,7.9,561.8,696.2
2025-12-26,13647.1375,2847.3,7117.2,21251.03333333333,7.9,561.8,696.2
2025-12-27,13555.5,2847.3,7117.2,21024.1375,7.9,561.8,696.2
2025-12-28,13608.0875,2769.36666666667,7117.2,20938.325,7.9,561.8,696.2
2025-12-29,13697.12083333333,2815.72083333333,7117.2,21224.17916666667,7.9,561.8,696.2
2025-12-30,13711.0,2847.3,7117.2,21630.82083333334,7.9,561.8,696.2
2025-12-31,13711.4,2847.3,7117.2,21703.8,7.9,561.8,916.2
2026-01-01,13705.00416666667,2847.3,7117.2,21703.8,7.9,561.8,916.2
2026-01-02,13711.4,2847.3,7117.2,21703.8,7.9,561.8,916.2
2026-01-03,13711.4,2847.3,7117.2,21703.8,7.9,561.8,916.2
2026-01-04,13706.675,2847.3,7117.2,21703.8,7.9,561.8,916.2
2026-01-05,13711.4,2847.3,7117.2,21315.9,7.9,561.8,916.2
2026-01-06,13711.4,2847.3,7117.2,20919.5,7.9,561.8,916.2
2026-01-07,13711.4,2847.3,7117.2,20919.5,7.9,561.8,916.2
2026-01-08,13711.4,2847.3,7117.2,20919.5,7.9,561.8,916.2
2026-01-09,13711.4,2847.3,7117.2,20919.5,7.9,561.8,916.2
2026-01-10,13711.4,2847.3,7117.2,21315.9,7.9,561.8,916.2
2026-01-11,13711.4,2869.8,7117.2,21747.9,7.9,561.8,916.2
2026-01-12,13711.4,2937.3,7117.2,22135.8,7.9,561.8,916.2
2026-01-13,13711.4,2937.3,7117.2,22135.8,7.9,561.8,916.2
2026-01-14,13711.4,2937.3,7117.2,21335.6,7.9,561.8,916.2
2026-01-15,13477.2625,2670.55,6826.92083333333,20546.44166666667,7.9,561.8,916.2
2026-01-16,13711.4,2665.2,6581.3,20382.5875,7.9,561.8,916.2
2026-01-17,13711.4,2511.43333333333,6581.3,20787.33333333333,7.9,561.8,916.2
2026-01-18,13649.9875,2549.25833333333,7050.2125,20777.45416666667,7.9,522.2,916.2
2026-01-19,13574.36666666667,2488.425,7117.2,20711.69583333334,7.9,561.8,916.2
2026-01-20,13468.50833333333,2631.0,7117.2,20845.45,7.9,561.8,916.2
2026-01-21,13580.29166666667,2684.3,7117.2,20682.72083333333,7.9,561.8,916.2
2026-01-22,13664.575,2834.30833333333,7117.2,20388.0375,7.9,230.0,916.2
2026-01-23,13663.52083333334,2884.8,7117.2,20077.8,7.9,561.8,916.2
2026-01-24,13542.5,2873.65416666667,7117.2,20077.8,7.9,561.8,916.2
2026-01-25,13411.54166666667,2707.47916666667,7117.2,19433.99166666667,7.9,324.275,916.2
2026-01-26,13479.97916666667,2648.13333333333,7117.2,19036.12083333334,7.9,381.24166666667,916.2
2026-01-27,13239.81666666667,2673.8,7117.2,19174.2375,7.9,561.8,916.2
2026-01-28,13245.7375,2584.54166666667,7117.2,20034.1,7.9,561.8,916.2
2026-01-29,13428.1875,2617.9,7117.2,20034.1,7.9,561.8,916.2
2026-01-30,13548.4,2726.3,7112.2,19482.20833333333,7.9,533.31666666667,916.2
2026-01-31,13538.19166666667,2673.37083333333,7117.2,19597.9,7.9,561.8,916.2
2026-02-01,13450.175,2597.8,7117.2,19141.1125,7.9,561.8,916.2
2026-02-02,13360.1,2611.40416666667,7117.2,18567.55833333334,7.9,561.8,916.2
2026-02-03,13341.73333333333,2514.175,7117.2,18711.5,7.9,561.8,916.2
2026-02-04,13380.8875,2624.18333333333,7117.2,18694.075,7.9,561.8,916.2
2026-02-05,13540.75416666667,2660.45416666667,7117.2,18824.2,7.9,533.56666666667,916.2
2026-02-06,13543.8,2810.1,7117.2,18316.95833333333,7.9,561.8,916.2
2026-02-07,13543.8,2795.7,7117.2,17999.5875,7.9,561.8,916.2
2026-02-08,13231.55416666667,2790.69166666667,7117.2,17221.3,7.9,561.8,916.2
2026-02-09,13118.37083333333,2784.46666666667,7117.2,16398.5,7.9,561.8,916.2
2026-02-10,13081.49583333333,2784.26666666667,7111.04166666667,16555.04583333333,7.9,561.8,916.2
2026-02-11,13213.80416666667,2844.73333333333,7117.2,17532.01666666667,7.9,561.8,916.2
2026-02-12,13294.64583333334,2779.9875,7117.2,17585.4,7.9,561.8,916.2
2026-02-13,13371.4,2839.60833333333,7117.2,17062.05,7.9,561.8,916.2
2026-02-14,13384.4875,2791.0,7117.2,16417.78333333333,7.9,561.8,916.2
2026-02-15,13144.30416666667,2784.92916666667,7117.2,16434.0,7.9,561.8,916.2
2026-02-16,13101.1875,2607.31666666667,7117.2,16368.93333333333,7.9,561.8,916.2
2026-02-17,13283.125,2569.125,6868.64583333333,16785.56666666667,7.9,561.8,916.2
2026-02-18,13316.35,2533.62916666667,6883.26666666667,16720.725,7.9,561.8,916.2
2026-02-19,13366.28333333333,2494.325,7117.2,16804.8875,7.9,561.8,916.2
2026-02-20,13264.3,2531.975,7117.2,17108.7375,7.9,561.8,916.2
2026-02-21,13264.3,2472.5,7117.2,17157.6,7.9,561.8,916.2
2026-02-22,13173.70416666667,2456.38333333333,7117.2,16971.6125,7.9,561.8,916.2
2026-02-23,13315.62916666667,2559.40833333333,7117.2,17098.58333333333,7.9,561.8,916.2
2026-02-24,13426.34166666667,2397.27083333333,7117.2,15860.48333333333,7.9,561.8,916.2
2026-02-25,13433.05,2501.625,7117.2,16080.80416666667,7.9,561.8,916.2
2026-02-26,13625.82083333333,2677.58333333333,7117.2,16686.10833333333,7.9,561.8,916.2
2026-02-27,13678.525,2683.7,7117.2,16686.53333333333,7.9,561.8,916.2
2026-02-28,13591.09583333333,2683.7,7117.2,15863.01666666667,7.9,561.8,916.2
2026-03-01,13452.09583333333,2574.80416666667,6974.95,15966.27083333334,7.9,561.8,916.2
2026-03-02,13478.3125,2592.85416666667,5982.46666666667,16109.825,7.9,561.8,916.2
2026-03-03,13530.64583333334,2694.45,5085.6,16040.1375,7.9,561.8,916.2
2026-03-04,13534.15833333333,2660.4625,5066.1,16748.20833333333,7.9,561.8,916.2
2026-03-05,13636.8125,2611.15,5066.1,17000.66666666667,7.9,561.8,916.2
2026-03-06,13749.575,2489.325,5066.1,16793.69583333334,7.9,561.8,916.2
2026-03-07,13714.66666666667,2515.55,5086.93333333333,17444.93333333334,7.9,561.8,916.2
2026-03-08,13433.52083333334,2558.27916666667,5887.96666666667,17414.72083333333,7.9,561.8,903.44166666667
2026-03-09,13445.7125,2559.85833333333,6111.4,17451.1875,7.9,561.8,916.2
2026-03-10,13608.85833333333,2539.82916666667,6111.4,17419.4,7.9,561.8,916.2
2026-03-11,13643.05,2462.20833333333,6111.4,17736.99166666667,7.9,561.8,916.2
2026-03-12,13592.50416666667,2430.1,6111.4,17821.46666666667,7.9,561.8,916.2
2026-03-13,13611.26666666667,2506.1,6111.4,17841.05,7.9,561.8,916.2
2026-03-14,13577.7,2506.1,6111.4,18197.01666666667,7.9,561.8,916.2
2026-03-15,13405.99583333333,2547.41666666667,6111.4,18211.2,7.9,561.8,916.2
2026-03-16,13363.725,2580.73333333333,6530.48333333333,18177.86666666667,7.9,561.8,916.2
2026-03-17,13372.57916666667,2651.85,7117.2,17412.84583333333,7.9,561.8,916.2
2026-03-18,13433.3125,2581.00833333333,7117.2,17768.2,7.9,561.8,916.2
2026-03-19,13470.73333333333,2535.90833333333,7117.2,18242.6125,7.9,561.8,916.2
2026-03-20,13632.2,2478.82083333333,7117.2,18291.89583333333,7.9,561.8,916.2
2026-03-21,13631.12083333333,2377.5,7117.2,18688.62083333334,7.9,561.8,916.2
2026-03-22,13450.14166666667,2501.75416666667,7117.2,18904.05,7.9,561.8,916.2
2026-03-23,13287.46666666667,2577.84583333333,7117.2,19137.3,7.9,561.8,916.2
2026-03-24,13280.53333333333,2634.88333333333,7117.2,19293.1,7.9,561.8,916.2
2026-03-25,13299.04583333333,2603.05,7117.2,19446.69166666667,7.9,561.8,916.2
2026-03-26,13583.0875,2675.375,7117.2,19135.525,7.9,561.8,916.2
2026-03-27,13789.7,2918.68333333333,6105.9,18966.25,7.9,561.8,916.2
2026-03-28,13789.7,2858.33043478261,6105.9,19714.58260869565,7.9,561.8,916.2
2026-03-29,13749.63333333333,2778.74166666667,6105.9,20333.8875,7.9,561.8,916.2
2026-03-30,13719.78333333333,2641.4,6105.9,20335.60833333333,7.9,561.8,916.2
2026-03-31,13807.74166666667,2668.57916666667,6105.9,20776.7,7.9,561.8,346.2
2026-04-01,13832.76666666667,2918.3,6105.9,20776.7,7.9,561.8,346.2
2026-04-02,13836.2,2966.3,6105.9,20776.7,7.9,561.8,346.2
2026-04-03,13836.2,3014.3,6105.9,20776.7,7.9,561.8,346.2
2026-04-04,13836.2,3014.3,6105.9,20387.5,7.9,561.8,346.2
2026-04-05,13836.2,3014.3,6105.9,20387.5,7.9,561.8,346.2
2026-04-06,13824.29583333333,3014.3,6105.9,20387.5,7.9,561.8,346.2
2026-04-07,13830.275,3014.3,6105.9,20387.5,7.9,561.8,346.2
2026-04-08,13834.4375,3014.3,6105.9,20387.5,7.9,561.8,346.2
2026-04-09,13872.83333333334,3014.3,6105.9,20387.5,7.9,561.8,346.2
2026-04-10,13975.2,3014.3,6105.9,20387.5,7.9,561.8,346.2
2026-04-11,13975.2,3014.3,6105.9,20776.7,7.9,561.8,346.2
2026-04-12,13975.2,3014.3,6105.9,19986.1,7.9,561.8,346.2
2026-04-13,13975.2,3014.3,6105.9,19986.1,7.9,561.8,346.2
2026-04-14,13975.2,3014.3,6105.9,19986.1,7.9,561.8,346.2
2026-04-15,13482.2375,2638.57083333333,6105.9,18904.91666666667,7.9,561.8,346.2
2026-04-16,13689.8,2654.34166666667,6105.9,19156.54166666667,7.9,561.8,346.2
2026-04-17,13767.825,2734.0,6005.475,19196.125,7.9,561.8,346.2
2026-04-18,13740.7,2734.0,6105.9,19132.65,7.9,561.8,346.2
2026-04-19,13329.7875,2683.44583333333,6105.9,18640.49583333334,7.9,561.8,346.2
2026-04-20,13130.425,2734.0,6105.9,18240.99166666667,7.9,561.8,346.2
2026-04-21,13273.35833333333,2453.7125,6105.9,18115.56666666667,7.9,561.8,346.2
2026-04-22,13476.25,2653.3625,6105.9,18482.15833333333,7.9,561.8,346.2
2026-04-23,13612.34583333333,2679.5,6105.9,18908.73333333333,7.9,561.8,346.2
2026-04-24,13871.4375,2679.5,6105.9,18345.3375,7.9,561.8,346.2
2026-04-25,13921.5,2670.8875,6105.9,18617.94166666667,7.9,561.8,346.2
2026-04-26,13600.98333333333,2610.6,6105.9,19031.45833333333,7.9,561.8,346.2
2026-04-27,13441.83333333334,2627.825,6105.9,18748.18333333334,7.9,561.8,346.2
2026-04-28,13501.15833333333,2709.57916666667,5927.26666666667,19116.1875,7.9,561.8,337.35
2026-04-29,13634.33333333334,2878.42083333333,5681.64583333333,20185.125,7.9,561.8,346.2
2026-04-30,13596.56666666667,2890.9,6105.9,20082.25,7.9,561.8,346.2
2026-05-01,13523.51666666667,2865.0625,6105.9,20471.35833333333,7.9,561.8,346.2
2026-05-02,13475.3,2787.05416666667,6105.9,19720.3,7.9,561.8,346.2
2026-05-03,13101.7625,2799.42083333333,6105.9,19210.16666666667,7.9,561.8,302.875
2026-05-04,12976.17916666667,2786.4375,6105.9,18997.025,7.9,561.8,346.2
2026-05-05,12481.39166666667,2634.3125,6105.9,18419.89583333333,7.9,561.8,346.2
2026-05-06,12337.59166666667,2737.50416666667,6105.9,18497.70833333333,7.9,561.8,346.2
2026-05-07,13071.38333333333,2758.46666666667,5868.0,19068.2,7.9,561.8,346.2
2026-05-08,13167.21666666667,2786.25,5110.1,18928.8,7.9,561.8,346.2
2026-05-09,13026.84166666667,2817.5,5110.1,18640.1,7.9,561.8,346.2
2026-05-10,12912.21666666667,2768.69583333333,5110.1,18568.98333333333,7.9,561.8,346.2
2026-05-11,13023.6875,2712.575,5110.1,19258.20833333333,7.9,561.8,346.2
2026-05-12,13050.2875,2788.79166666667,5110.1,19431.69166666667,7.9,561.8,346.2
2026-05-13,13016.69583333333,2759.45,6037.125,19454.99583333334,7.9,561.8,346.2
2026-05-14,13155.61666666667,2776.38333333333,6121.4,19361.8625,7.9,561.8,346.2
2026-05-15,13395.0,2861.0,6121.4,19369.80833333334,7.9,561.8,346.2
2026-05-16,13312.125,2823.67916666667,6121.4,19605.22916666667,7.9,561.8,346.2
2026-05-17,13162.27916666667,2351.01666666667,6121.4,19529.18333333334,7.9,561.8,346.2
2026-05-18,13120.33333333334,2210.22083333333,6121.4,20016.35,7.9,561.8,346.2
2026-05-19,13030.79583333333,2334.9,6121.4,19224.37083333334,7.9,561.8,346.2
2026-05-20,13008.87916666667,2334.9,6121.4,19285.27083333333,7.9,561.8,346.2
2026-05-21,13075.13333333333,2453.86666666667,6121.4,19165.51666666667,7.9,561.8,346.2
2026-05-22,13158.1,2658.30416666667,6121.4,19333.84166666667,7.9,561.8,346.2
2026-05-23,13158.1,2616.2,6121.4,19512.8,7.9,561.8,346.2
2026-05-24,12888.34583333333,2609.95,6121.4,19512.8,7.9,561.8,346.2
2026-05-25,12876.24583333333,2487.88333333333,5230.93333333333,18978.32916666667,7.9,561.8,346.2
2026-05-26,12842.59583333333,2539.09166666667,5110.1,19062.94166666667,7.9,561.8,346.2
2026-05-27,12961.8875,2445.71666666667,5110.1,19891.37083333334,7.9,561.8,346.2
2026-05-28,12985.15833333333,2693.725,5110.1,20047.78333333333,7.9,561.8,346.2
2026-05-29,12987.83333333334,2883.35833333333,5110.1,19469.21666666667,7.9,561.8,346.2
2026-05-30,12782.975,2890.9,5110.1,19834.0,7.9,561.8,346.2
2026-05-31,12388.90833333333,2890.9,5110.1,19302.84166666667,7.9,561.8,346.2
2026-06-01,12185.14166666667,2781.03333333333,5110.1,19232.49166666667,7.9,561.8,346.2
2026-06-02,12269.53333333333,2592.23333333333,5110.1,19829.95833333333,7.9,561.8,346.2
2026-06-03,12169.56666666667,2634.91666666667,5110.1,19355.84166666667,7.9,561.8,346.2
2026-06-04,12234.475,2784.44166666667,4543.89583333333,19963.82083333334,7.9,561.8,346.2
2026-06-05,12519.625,2860.9,4073.05,19082.35833333333,7.9,561.8,346.2
2026-06-06,12563.4,2816.60833333333,4691.45833333333,19922.00833333334,7.9,561.8,346.2
2026-06-07,12351.90416666667,2625.81666666667,5110.1,19562.63333333334,7.9,561.8,346.2
2026-06-08,12266.01666666667,2627.64166666667,5615.75,19922.00833333334,7.9,561.8,346.2
2026-06-09,12216.71666666667,2642.85,6121.4,19261.6,7.9,561.8,346.2
2026-06-10,12315.63333333333,2739.675,6121.4,18815.39166666667,7.9,561.8,346.2
2026-06-11,12312.4375,2818.51666666667,6230.15,18449.19583333334,7.9,561.8,346.2
2026-06-12,12508.06666666667,2791.35,6483.9,18907.67083333333,7.9,561.8,346.2
2026-06-13,12438.10833333333,2727.3,6821.4,20008.75,7.9,561.8,346.2
2026-06-14,11964.02083333334,2683.3625,7117.2,19457.35416666667,7.9,561.8,346.2
2026-06-15,11720.54166666667,2712.73333333333,7117.2,19671.05833333334,7.9,561.8,346.2
2026-06-16,11543.7625,2634.925,7117.2,19517.63333333334,7.9,561.8,346.2
2026-06-17,11855.5375,2551.475,7117.2,20019.15,7.9,561.8,346.2
2026-06-18,12153.29583333333,2723.3625,7117.2,20242.4375,7.9,561.8,346.2
2026-06-19,12310.45,2811.3,7117.2,19941.8,7.9,561.8,346.2
2026-06-20,12259.4,2719.1875,7117.2,19858.725,7.9,561.8,346.2
2026-06-21,12099.62083333333,2698.04583333333,7117.2,19951.7375,7.9,561.8,346.2
2026-06-22,12291.98333333333,2573.21666666667,7117.2,20305.825,7.9,561.8,346.2
2026-06-23,12210.78333333333,2664.45833333333,7117.2,20446.56666666667,7.9,561.8,346.2
2026-06-24,12214.04166666667,2703.99166666667,7117.2,20066.29583333333,7.9,561.8,346.2
2026-06-25,12241.45416666667,2744.9,7117.2,20356.7625,7.9,561.8,346.2
2026-06-26,12435.57083333333,2726.6,7117.2,19477.35416666667,7.9,561.8,346.2
2026-06-27,12501.6,2726.6,7117.2,19634.3625,7.9,561.8,346.2
2026-06-28,12430.55416666667,2727.425,7117.2,19852.20833333333,7.9,561.8,346.2
2026-06-29,12194.95833333334,2626.625,7117.2,20119.70833333333,7.9,561.8,346.2
2026-06-30,12295.125,2744.9,7117.2,19923.3,7.9,561.8,346.2
2026-07-01,12345.9625,2716.69583333333,7117.2,19923.3,7.9,561.8,346.2
2026-07-02,12567.38333333333,2744.9,7117.2,20757.8,7.9,561.8,346.2
2026-07-03,12894.7,2744.9,7117.2,21168.4,7.9,561.8,346.2
2026-07-04,12894.7,2744.9,7117.2,21168.4,7.9,561.8,346.2
2026-07-05,12994.25833333333,2744.9,7117.2,21558.2,7.9,561.8,346.2
2026-07-06,13041.29166666667,2744.9,7117.2,21558.2,7.9,561.8,346.2
2026-07-07,13041.08333333334,2744.9,7117.2,21558.2,7.9,561.8,346.2
2026-07-08,13046.2,2744.9,7117.2,21144.2,7.9,561.8,346.2
2026-07-09,13201.3375,2744.9,7117.2,21144.2,7.9,561.8,346.2
2026-07-10,13341.4,2744.9,7117.2,21144.2,7.9,561.8,346.2
2026-07-11,13341.4,2744.9,7117.2,21144.2,7.9,561.8,346.2
2026-07-12,13354.07083333333,2744.9,7117.2,21926.2,7.9,561.8,346.2
2026-07-13,13388.4,2744.9,7117.2,21926.2,7.9,561.8,346.2
2026-07-14,13388.4,2744.9,7117.2,21926.2,7.9,561.8,346.2
2026-07-15,12490.08333333334,2553.275,6014.4,18994.2375,7.9,561.8,346.2
2026-07-16,12762.72083333333,2456.3875,6214.73333333333,19590.73333333333,7.9,561.8,346.2
2026-07-17,12901.0,2704.0,7008.525,20519.5125,7.9,561.8,346.2
2026-07-18,12898.33333333334,2667.53333333333,7059.4,20340.2,7.9,561.8,346.2
2026-07-19,12850.09583333333,2676.24166666667,7059.4,20562.95,7.9,561.8,346.2
2026-07-20,12880.1875,2813.8,7117.2,21179.2,7.9,561.8,346.2
2026-07-21,12924.45833333334,2765.4625,7117.2,21961.2,7.9,561.8,346.2
2026-07-22,12947.61666666667,2744.9,7117.2,21961.2,7.9,561.8,346.2
2026-07-23,12955.53333333333,2744.9,7117.2,21961.2,7.9,561.8,346.2
2026-07-24,12972.3,2776.4,7117.2,21961.2,7.9,561.8,346.2
2026-07-25,12972.3,2839.4,7117.2,21961.2,7.9,561.8,346.2
2026-07-26,12972.3,2839.4,7117.2,21961.2,7.9,561.8,346.2
2026-07-27,12965.75,2839.4,7117.2,21961.2,7.9,561.8,346.2
2026-07-28,12972.3,2839.4,7117.2,21961.2,7.9,561.8,346.2
2026-07-29,12996.0,2839.4,7117.2,21961.2,7.9,561.8,346.2
2026-07-30,13078.57083333333,2859.49583333333,7117.2,22025.04583333333,7.9,561.8,346.2
